id,project,dataset,Molecular Functions,Biological Processes,Cellular Components,Biological Imaging Methods
1,1-Bao-WormEmbryo,081505_L1,,GO:0009790,GO:0005634,
2,2-Kyoda-WormEmbryoRNAi,RNAi_B0336.10_040518_01,,GO:0009790,GO:0005634,
3,2-Kyoda-WormEmbryoRNAi,RNAi_B0336.10_040518_01,,GO:0009790,GO:0005634,
4,2-Kyoda-WormEmbryoRNAi,RNAi_B0336.10_040518_02,,GO:0009790,GO:0005634,
5,2-Kyoda-WormEmbryoRNAi,RNAi_B0336.10_040518_02,,GO:0009790,GO:0005634,
6,2-Kyoda-WormEmbryoRNAi,RNAi_B0361.10_040518_01,,GO:0009790,GO:0005634,
7,2-Kyoda-WormEmbryoRNAi,RNAi_B0361.10_040518_01,,GO:0009790,GO:0005634,
8,2-Kyoda-WormEmbryoRNAi,RNAi_B0361.10_070828_01,,GO:0009790,GO:0005634,
9,2-Kyoda-WormEmbryoRNAi,RNAi_B0361.10_070828_01,,GO:0009790,GO:0005634,
10,2-Kyoda-WormEmbryoRNAi,RNAi_B0464.7_040518_02,,GO:0009790,GO:0005634,
11,2-Kyoda-WormEmbryoRNAi,RNAi_B0464.7_040518_02,,GO:0009790,GO:0005634,
12,2-Kyoda-WormEmbryoRNAi,RNAi_B0464.7_070605_01,,GO:0009790,GO:0005634,
13,2-Kyoda-WormEmbryoRNAi,RNAi_B0464.7_070605_01,,GO:0009790,GO:0005634,
14,2-Kyoda-WormEmbryoRNAi,RNAi_C02F5.1_061219_02,,GO:0009790,GO:0005634,
15,2-Kyoda-WormEmbryoRNAi,RNAi_C02F5.1_061219_02,,GO:0009790,GO:0005634,
16,2-Kyoda-WormEmbryoRNAi,RNAi_C02F5.9_040608_01,,GO:0009790,GO:0005634,
17,2-Kyoda-WormEmbryoRNAi,RNAi_C02F5.9_040608_01,,GO:0009790,GO:0005634,
18,2-Kyoda-WormEmbryoRNAi,RNAi_C02F5.9_070607_03,,GO:0009790,GO:0005634,
19,2-Kyoda-WormEmbryoRNAi,RNAi_C02F5.9_070607_03,,GO:0009790,GO:0005634,
20,2-Kyoda-WormEmbryoRNAi,RNAi_C03C10.3_061031_01,,GO:0009790,GO:0005634,
21,2-Kyoda-WormEmbryoRNAi,RNAi_C03C10.3_061031_01,,GO:0009790,GO:0005634,
22,2-Kyoda-WormEmbryoRNAi,RNAi_C05D11.11_040601_02,,GO:0009790,GO:0005634,
23,2-Kyoda-WormEmbryoRNAi,RNAi_C05D11.11_040601_02,,GO:0009790,GO:0005634,
24,2-Kyoda-WormEmbryoRNAi,RNAi_C05D11.11_070612_02,,GO:0009790,GO:0005634,
25,2-Kyoda-WormEmbryoRNAi,RNAi_C05D11.11_070612_02,,GO:0009790,GO:0005634,
26,2-Kyoda-WormEmbryoRNAi,RNAi_C05D11.11_070612_03,,GO:0009790,GO:0005634,
27,2-Kyoda-WormEmbryoRNAi,RNAi_C05D11.11_070612_03,,GO:0009790,GO:0005634,
28,2-Kyoda-WormEmbryoRNAi,RNAi_C05D11.3_040603_02,,GO:0009790,GO:0005634,
29,2-Kyoda-WormEmbryoRNAi,RNAi_C05D11.3_040603_02,,GO:0009790,GO:0005634,
30,2-Kyoda-WormEmbryoRNAi,RNAi_C07A9.2_040615_02,,GO:0009790,GO:0005634,
31,2-Kyoda-WormEmbryoRNAi,RNAi_C07A9.2_040615_02,,GO:0009790,GO:0005634,
32,2-Kyoda-WormEmbryoRNAi,RNAi_C07A9.2_071003_02,,GO:0009790,GO:0005634,
33,2-Kyoda-WormEmbryoRNAi,RNAi_C07A9.2_071003_02,,GO:0009790,GO:0005634,
34,2-Kyoda-WormEmbryoRNAi,RNAi_C07A9.3_040617_01,,GO:0009790,GO:0005634,
35,2-Kyoda-WormEmbryoRNAi,RNAi_C07A9.3_040617_01,,GO:0009790,GO:0005634,
36,2-Kyoda-WormEmbryoRNAi,RNAi_C07A9.3_040617_02,,GO:0009790,GO:0005634,
37,2-Kyoda-WormEmbryoRNAi,RNAi_C07A9.3_040617_02,,GO:0009790,GO:0005634,
38,2-Kyoda-WormEmbryoRNAi,RNAi_C16C10.6_040622_01,,GO:0009790,GO:0005634,
39,2-Kyoda-WormEmbryoRNAi,RNAi_C16C10.6_040622_01,,GO:0009790,GO:0005634,
40,2-Kyoda-WormEmbryoRNAi,RNAi_C16C10.6_040622_02,,GO:0009790,GO:0005634,
41,2-Kyoda-WormEmbryoRNAi,RNAi_C16C10.6_040622_02,,GO:0009790,GO:0005634,
42,2-Kyoda-WormEmbryoRNAi,RNAi_C23G10.8_040525_02,,GO:0009790,GO:0005634,
43,2-Kyoda-WormEmbryoRNAi,RNAi_C23G10.8_040525_02,,GO:0009790,GO:0005634,
44,2-Kyoda-WormEmbryoRNAi,RNAi_C23G10.8_040525_03,,GO:0009790,GO:0005634,
45,2-Kyoda-WormEmbryoRNAi,RNAi_C23G10.8_040525_03,,GO:0009790,GO:0005634,
46,2-Kyoda-WormEmbryoRNAi,RNAi_C26E6.4_040601_01,,GO:0009790,GO:0005634,
47,2-Kyoda-WormEmbryoRNAi,RNAi_C26E6.4_040601_01,,GO:0009790,GO:0005634,
48,2-Kyoda-WormEmbryoRNAi,RNAi_C26E6.4_040601_02,,GO:0009790,GO:0005634,
49,2-Kyoda-WormEmbryoRNAi,RNAi_C26E6.4_040601_02,,GO:0009790,GO:0005634,
50,2-Kyoda-WormEmbryoRNAi,RNAi_C29E4.8_040610_01,,GO:0009790,GO:0005634,
51,2-Kyoda-WormEmbryoRNAi,RNAi_C29E4.8_040610_01,,GO:0009790,GO:0005634,
52,2-Kyoda-WormEmbryoRNAi,RNAi_C29E4.8_040610_02,,GO:0009790,GO:0005634,
53,2-Kyoda-WormEmbryoRNAi,RNAi_C29E4.8_040610_02,,GO:0009790,GO:0005634,
54,2-Kyoda-WormEmbryoRNAi,RNAi_C29F9.7_040615_01,,GO:0009790,GO:0005634,
55,2-Kyoda-WormEmbryoRNAi,RNAi_C29F9.7_040615_01,,GO:0009790,GO:0005634,
56,2-Kyoda-WormEmbryoRNAi,RNAi_C29F9.7_040615_02,,GO:0009790,GO:0005634,
57,2-Kyoda-WormEmbryoRNAi,RNAi_C29F9.7_040615_02,,GO:0009790,GO:0005634,
58,2-Kyoda-WormEmbryoRNAi,RNAi_C32A3.1_061221_02,,GO:0009790,GO:0005634,
59,2-Kyoda-WormEmbryoRNAi,RNAi_C32A3.1_061221_02,,GO:0009790,GO:0005634,
60,2-Kyoda-WormEmbryoRNAi,RNAi_C34C12.8_061226_03,,GO:0009790,GO:0005634,
61,2-Kyoda-WormEmbryoRNAi,RNAi_C34C12.8_061226_03,,GO:0009790,GO:0005634,
62,2-Kyoda-WormEmbryoRNAi,RNAi_C34C12.8_080325_02,,GO:0009790,GO:0005634,
63,2-Kyoda-WormEmbryoRNAi,RNAi_C34C12.8_080325_02,,GO:0009790,GO:0005634,
64,2-Kyoda-WormEmbryoRNAi,RNAi_C34E10.1_040629_02,,GO:0009790,GO:0005634,
65,2-Kyoda-WormEmbryoRNAi,RNAi_C34E10.1_040629_02,,GO:0009790,GO:0005634,
66,2-Kyoda-WormEmbryoRNAi,RNAi_C34E10.2_040701_03,,GO:0009790,GO:0005634,
67,2-Kyoda-WormEmbryoRNAi,RNAi_C34E10.2_040701_03,,GO:0009790,GO:0005634,
68,2-Kyoda-WormEmbryoRNAi,RNAi_C34E10.2_071030_01,,GO:0009790,GO:0005634,
69,2-Kyoda-WormEmbryoRNAi,RNAi_C34E10.2_071030_01,,GO:0009790,GO:0005634,
70,2-Kyoda-WormEmbryoRNAi,RNAi_C34E10.2_071030_02,,GO:0009790,GO:0005634,
71,2-Kyoda-WormEmbryoRNAi,RNAi_C34E10.2_071030_02,,GO:0009790,GO:0005634,
72,2-Kyoda-WormEmbryoRNAi,RNAi_C35D10.13_040708_01,,GO:0009790,GO:0005634,
73,2-Kyoda-WormEmbryoRNAi,RNAi_C35D10.13_040708_01,,GO:0009790,GO:0005634,
74,2-Kyoda-WormEmbryoRNAi,RNAi_C35D10.13_070110_02,,GO:0009790,GO:0005634,
75,2-Kyoda-WormEmbryoRNAi,RNAi_C35D10.13_070110_02,,GO:0009790,GO:0005634,
76,2-Kyoda-WormEmbryoRNAi,RNAi_C38D4.3_070116_01,,GO:0009790,GO:0005634,
77,2-Kyoda-WormEmbryoRNAi,RNAi_C38D4.3_070116_01,,GO:0009790,GO:0005634,
78,2-Kyoda-WormEmbryoRNAi,RNAi_C38D4.3_070116_03,,GO:0009790,GO:0005634,
79,2-Kyoda-WormEmbryoRNAi,RNAi_C38D4.3_070116_03,,GO:0009790,GO:0005634,
80,2-Kyoda-WormEmbryoRNAi,RNAi_C38D4.6_040629_01,,GO:0009790,GO:0005634,
81,2-Kyoda-WormEmbryoRNAi,RNAi_C38D4.6_040629_01,,GO:0009790,GO:0005634,
82,2-Kyoda-WormEmbryoRNAi,RNAi_C38D4.6_040629_02,,GO:0009790,GO:0005634,
83,2-Kyoda-WormEmbryoRNAi,RNAi_C38D4.6_040629_02,,GO:0009790,GO:0005634,
84,2-Kyoda-WormEmbryoRNAi,RNAi_F01F1.7_040708_01,,GO:0009790,GO:0005634,
85,2-Kyoda-WormEmbryoRNAi,RNAi_F01F1.7_040708_01,,GO:0009790,GO:0005634,
86,2-Kyoda-WormEmbryoRNAi,RNAi_F01F1.7_040708_02,,GO:0009790,GO:0005634,
87,2-Kyoda-WormEmbryoRNAi,RNAi_F01F1.7_040708_02,,GO:0009790,GO:0005634,
88,2-Kyoda-WormEmbryoRNAi,RNAi_F02A9.6_040713_01,,GO:0009790,GO:0005634,
89,2-Kyoda-WormEmbryoRNAi,RNAi_F02A9.6_040713_01,,GO:0009790,GO:0005634,
90,2-Kyoda-WormEmbryoRNAi,RNAi_F02A9.6_040713_02,,GO:0009790,GO:0005634,
91,2-Kyoda-WormEmbryoRNAi,RNAi_F02A9.6_040713_02,,GO:0009790,GO:0005634,
92,2-Kyoda-WormEmbryoRNAi,RNAi_F10E9.8_040727_01,,GO:0009790,GO:0005634,
93,2-Kyoda-WormEmbryoRNAi,RNAi_F10E9.8_040727_01,,GO:0009790,GO:0005634,
94,2-Kyoda-WormEmbryoRNAi,RNAi_F10E9.8_040727_02,,GO:0009790,GO:0005634,
95,2-Kyoda-WormEmbryoRNAi,RNAi_F10E9.8_040727_02,,GO:0009790,GO:0005634,
96,2-Kyoda-WormEmbryoRNAi,RNAi_F11H8.4_040729_02,,GO:0009790,GO:0005634,
97,2-Kyoda-WormEmbryoRNAi,RNAi_F11H8.4_040729_02,,GO:0009790,GO:0005634,
98,2-Kyoda-WormEmbryoRNAi,RNAi_F11H8.4_070626_02,,GO:0009790,GO:0005634,
99,2-Kyoda-WormEmbryoRNAi,RNAi_F11H8.4_070626_02,,GO:0009790,GO:0005634,
100,2-Kyoda-WormEmbryoRNAi,RNAi_F20H11.3_040727_01,,GO:0009790,GO:0005634,
101,2-Kyoda-WormEmbryoRNAi,RNAi_F20H11.3_040727_01,,GO:0009790,GO:0005634,
102,2-Kyoda-WormEmbryoRNAi,RNAi_F20H11.3_040728_01,,GO:0009790,GO:0005634,
103,2-Kyoda-WormEmbryoRNAi,RNAi_F20H11.3_040728_01,,GO:0009790,GO:0005634,
104,2-Kyoda-WormEmbryoRNAi,RNAi_F26F4.11_040729_02,,GO:0009790,GO:0005634,
105,2-Kyoda-WormEmbryoRNAi,RNAi_F26F4.11_040729_02,,GO:0009790,GO:0005634,
106,2-Kyoda-WormEmbryoRNAi,RNAi_F26F4.11_071016_01,,GO:0009790,GO:0005634,
107,2-Kyoda-WormEmbryoRNAi,RNAi_F26F4.11_071016_01,,GO:0009790,GO:0005634,
108,2-Kyoda-WormEmbryoRNAi,RNAi_F26F4.11_071016_03,,GO:0009790,GO:0005634,
109,2-Kyoda-WormEmbryoRNAi,RNAi_F26F4.11_071016_03,,GO:0009790,GO:0005634,
110,2-Kyoda-WormEmbryoRNAi,RNAi_F35G12.8_040803_01,,GO:0009790,GO:0005634,
111,2-Kyoda-WormEmbryoRNAi,RNAi_F35G12.8_040803_01,,GO:0009790,GO:0005634,
112,2-Kyoda-WormEmbryoRNAi,RNAi_F35G12.8_070806_03,,GO:0009790,GO:0005634,
113,2-Kyoda-WormEmbryoRNAi,RNAi_F35G12.8_070806_03,,GO:0009790,GO:0005634,
114,2-Kyoda-WormEmbryoRNAi,RNAi_F44B9.7_040811_01,,GO:0009790,GO:0005634,
115,2-Kyoda-WormEmbryoRNAi,RNAi_F44B9.7_040811_01,,GO:0009790,GO:0005634,
116,2-Kyoda-WormEmbryoRNAi,RNAi_F54C8.3_040722_01,,GO:0009790,GO:0005634,
117,2-Kyoda-WormEmbryoRNAi,RNAi_F54C8.3_040722_01,,GO:0009790,GO:0005634,
118,2-Kyoda-WormEmbryoRNAi,RNAi_F54E7.3_070927_01,,GO:0009790,GO:0005634,
119,2-Kyoda-WormEmbryoRNAi,RNAi_F54E7.3_070927_01,,GO:0009790,GO:0005634,
120,2-Kyoda-WormEmbryoRNAi,RNAi_F54E7.3_071121_01,,GO:0009790,GO:0005634,
121,2-Kyoda-WormEmbryoRNAi,RNAi_F54E7.3_071121_01,,GO:0009790,GO:0005634,
122,2-Kyoda-WormEmbryoRNAi,RNAi_F56A8.6_040729_01,,GO:0009790,GO:0005634,
123,2-Kyoda-WormEmbryoRNAi,RNAi_F56A8.6_040729_01,,GO:0009790,GO:0005634,
124,2-Kyoda-WormEmbryoRNAi,RNAi_F56A8.6_040729_02,,GO:0009790,GO:0005634,
125,2-Kyoda-WormEmbryoRNAi,RNAi_F56A8.6_040729_02,,GO:0009790,GO:0005634,
126,2-Kyoda-WormEmbryoRNAi,RNAi_F56D2.1_040803_01,,GO:0009790,GO:0005634,
127,2-Kyoda-WormEmbryoRNAi,RNAi_F56D2.1_040803_01,,GO:0009790,GO:0005634,
128,2-Kyoda-WormEmbryoRNAi,RNAi_F56D2.1_040803_02,,GO:0009790,GO:0005634,
129,2-Kyoda-WormEmbryoRNAi,RNAi_F56D2.1_040803_02,,GO:0009790,GO:0005634,
130,2-Kyoda-WormEmbryoRNAi,RNAi_F58A4.3_040803_01,,GO:0009790,GO:0005634,
131,2-Kyoda-WormEmbryoRNAi,RNAi_F58A4.3_040803_01,,GO:0009790,GO:0005634,
132,2-Kyoda-WormEmbryoRNAi,RNAi_F58A4.3_040803_02,,GO:0009790,GO:0005634,
133,2-Kyoda-WormEmbryoRNAi,RNAi_F58A4.3_040803_02,,GO:0009790,GO:0005634,
134,2-Kyoda-WormEmbryoRNAi,RNAi_F58B6.3_080401_01,,GO:0009790,GO:0005634,
135,2-Kyoda-WormEmbryoRNAi,RNAi_F58B6.3_080401_01,,GO:0009790,GO:0005634,
136,2-Kyoda-WormEmbryoRNAi,RNAi_F58B6.3_080610_02,,GO:0009790,GO:0005634,
137,2-Kyoda-WormEmbryoRNAi,RNAi_F58B6.3_080610_02,,GO:0009790,GO:0005634,
138,2-Kyoda-WormEmbryoRNAi,RNAi_H38K22.2_040810_01,,GO:0009790,GO:0005634,
139,2-Kyoda-WormEmbryoRNAi,RNAi_H38K22.2_040810_01,,GO:0009790,GO:0005634,
140,2-Kyoda-WormEmbryoRNAi,RNAi_H38K22.2_040810_02,,GO:0009790,GO:0005634,
141,2-Kyoda-WormEmbryoRNAi,RNAi_H38K22.2_040810_02,,GO:0009790,GO:0005634,
142,2-Kyoda-WormEmbryoRNAi,RNAi_K06H7.1_040812_01,,GO:0009790,GO:0005634,
143,2-Kyoda-WormEmbryoRNAi,RNAi_K06H7.1_040812_01,,GO:0009790,GO:0005634,
144,2-Kyoda-WormEmbryoRNAi,RNAi_R07E5.14_080410_03,,GO:0009790,GO:0005634,
145,2-Kyoda-WormEmbryoRNAi,RNAi_R07E5.14_080410_03,,GO:0009790,GO:0005634,
146,2-Kyoda-WormEmbryoRNAi,RNAi_R07E5.14_080612_01,,GO:0009790,GO:0005634,
147,2-Kyoda-WormEmbryoRNAi,RNAi_R07E5.14_080612_01,,GO:0009790,GO:0005634,
148,2-Kyoda-WormEmbryoRNAi,RNAi_R07E5.3_070710_01,,GO:0009790,GO:0005634,
149,2-Kyoda-WormEmbryoRNAi,RNAi_R07E5.3_070710_01,,GO:0009790,GO:0005634,
150,2-Kyoda-WormEmbryoRNAi,RNAi_R08D7.1_070718_02,,GO:0009790,GO:0005634,
151,2-Kyoda-WormEmbryoRNAi,RNAi_R08D7.1_070718_02,,GO:0009790,GO:0005634,
152,2-Kyoda-WormEmbryoRNAi,RNAi_R08D7.1_080514_01,,GO:0009790,GO:0005634,
153,2-Kyoda-WormEmbryoRNAi,RNAi_R08D7.1_080514_01,,GO:0009790,GO:0005634,
154,2-Kyoda-WormEmbryoRNAi,RNAi_R08D7.1_080514_02,,GO:0009790,GO:0005634,
155,2-Kyoda-WormEmbryoRNAi,RNAi_R08D7.1_080514_02,,GO:0009790,GO:0005634,
156,2-Kyoda-WormEmbryoRNAi,RNAi_R08D7.1_080514_03,,GO:0009790,GO:0005634,
157,2-Kyoda-WormEmbryoRNAi,RNAi_R08D7.1_080514_03,,GO:0009790,GO:0005634,
158,2-Kyoda-WormEmbryoRNAi,RNAi_R08D7.2_040812_01,,GO:0009790,GO:0005634,
159,2-Kyoda-WormEmbryoRNAi,RNAi_R08D7.2_040812_01,,GO:0009790,GO:0005634,
160,2-Kyoda-WormEmbryoRNAi,RNAi_R08D7.2_040812_02,,GO:0009790,GO:0005634,
161,2-Kyoda-WormEmbryoRNAi,RNAi_R08D7.2_040812_02,,GO:0009790,GO:0005634,
162,2-Kyoda-WormEmbryoRNAi,RNAi_R08D7.3_070403_01,,GO:0009790,GO:0005634,
163,2-Kyoda-WormEmbryoRNAi,RNAi_R08D7.3_070403_01,,GO:0009790,GO:0005634,
164,2-Kyoda-WormEmbryoRNAi,RNAi_R08D7.3_070403_02,,GO:0009790,GO:0005634,
165,2-Kyoda-WormEmbryoRNAi,RNAi_R08D7.3_070403_02,,GO:0009790,GO:0005634,
166,2-Kyoda-WormEmbryoRNAi,RNAi_R08D7.3_070403_03,,GO:0009790,GO:0005634,
167,2-Kyoda-WormEmbryoRNAi,RNAi_R08D7.3_070403_03,,GO:0009790,GO:0005634,
168,2-Kyoda-WormEmbryoRNAi,RNAi_R107.6_040819_01,,GO:0009790,GO:0005634,
169,2-Kyoda-WormEmbryoRNAi,RNAi_R107.6_040819_01,,GO:0009790,GO:0005634,
170,2-Kyoda-WormEmbryoRNAi,RNAi_R107.6_040819_02,,GO:0009790,GO:0005634,
171,2-Kyoda-WormEmbryoRNAi,RNAi_R107.6_040819_02,,GO:0009790,GO:0005634,
172,2-Kyoda-WormEmbryoRNAi,RNAi_R10E4.4_061107_01,,GO:0009790,GO:0005634,
173,2-Kyoda-WormEmbryoRNAi,RNAi_R10E4.4_061107_01,,GO:0009790,GO:0005634,
174,2-Kyoda-WormEmbryoRNAi,RNAi_R10E4.4_061107_02,,GO:0009790,GO:0005634,
175,2-Kyoda-WormEmbryoRNAi,RNAi_R10E4.4_061107_02,,GO:0009790,GO:0005634,
176,2-Kyoda-WormEmbryoRNAi,RNAi_R12B2.4_040819_01,,GO:0009790,GO:0005634,
177,2-Kyoda-WormEmbryoRNAi,RNAi_R12B2.4_040819_01,,GO:0009790,GO:0005634,
178,2-Kyoda-WormEmbryoRNAi,RNAi_R12B2.4_040819_02,,GO:0009790,GO:0005634,
179,2-Kyoda-WormEmbryoRNAi,RNAi_R12B2.4_040819_02,,GO:0009790,GO:0005634,
180,2-Kyoda-WormEmbryoRNAi,RNAi_R13F6.1_040817_01,,GO:0009790,GO:0005634,
181,2-Kyoda-WormEmbryoRNAi,RNAi_R13F6.1_040817_01,,GO:0009790,GO:0005634,
182,2-Kyoda-WormEmbryoRNAi,RNAi_R13F6.1_040817_02,,GO:0009790,GO:0005634,
183,2-Kyoda-WormEmbryoRNAi,RNAi_R13F6.1_040817_02,,GO:0009790,GO:0005634,
184,2-Kyoda-WormEmbryoRNAi,RNAi_R144.2_070125_03,,GO:0009790,GO:0005634,
185,2-Kyoda-WormEmbryoRNAi,RNAi_R144.2_070125_03,,GO:0009790,GO:0005634,
186,2-Kyoda-WormEmbryoRNAi,RNAi_R144.2_070424_01,,GO:0009790,GO:0005634,
187,2-Kyoda-WormEmbryoRNAi,RNAi_R144.2_070424_01,,GO:0009790,GO:0005634,
188,2-Kyoda-WormEmbryoRNAi,RNAi_R144.2_070424_03,,GO:0009790,GO:0005634,
189,2-Kyoda-WormEmbryoRNAi,RNAi_R144.2_070424_03,,GO:0009790,GO:0005634,
190,2-Kyoda-WormEmbryoRNAi,RNAi_T03F6.5_040826_01,,GO:0009790,GO:0005634,
191,2-Kyoda-WormEmbryoRNAi,RNAi_T03F6.5_040826_01,,GO:0009790,GO:0005634,
192,2-Kyoda-WormEmbryoRNAi,RNAi_T07C4.7_040831_02,,GO:0009790,GO:0005634,
193,2-Kyoda-WormEmbryoRNAi,RNAi_T07C4.7_040831_02,,GO:0009790,GO:0005634,
194,2-Kyoda-WormEmbryoRNAi,RNAi_T08A11.2_040902_02,,GO:0009790,GO:0005634,
195,2-Kyoda-WormEmbryoRNAi,RNAi_T08A11.2_040902_02,,GO:0009790,GO:0005634,
196,2-Kyoda-WormEmbryoRNAi,RNAi_T08A11.2_040907_02,,GO:0009790,GO:0005634,
197,2-Kyoda-WormEmbryoRNAi,RNAi_T08A11.2_040907_02,,GO:0009790,GO:0005634,
198,2-Kyoda-WormEmbryoRNAi,RNAi_T10F2.1_040909_02,,GO:0009790,GO:0005634,
199,2-Kyoda-WormEmbryoRNAi,RNAi_T10F2.1_040909_02,,GO:0009790,GO:0005634,
200,2-Kyoda-WormEmbryoRNAi,RNAi_T10F2.1_070130_03,,GO:0009790,GO:0005634,
201,2-Kyoda-WormEmbryoRNAi,RNAi_T10F2.1_070130_03,,GO:0009790,GO:0005634,
202,2-Kyoda-WormEmbryoRNAi,RNAi_T12D8.6_071101_01,,GO:0009790,GO:0005634,
203,2-Kyoda-WormEmbryoRNAi,RNAi_T12D8.6_071101_01,,GO:0009790,GO:0005634,
204,2-Kyoda-WormEmbryoRNAi,RNAi_T12D8.6_071101_02,,GO:0009790,GO:0005634,
205,2-Kyoda-WormEmbryoRNAi,RNAi_T12D8.6_071101_02,,GO:0009790,GO:0005634,
206,2-Kyoda-WormEmbryoRNAi,RNAi_T12D8.7_040831_01,,GO:0009790,GO:0005634,
207,2-Kyoda-WormEmbryoRNAi,RNAi_T12D8.7_040831_01,,GO:0009790,GO:0005634,
208,2-Kyoda-WormEmbryoRNAi,RNAi_T12D8.7_070220_01,,GO:0009790,GO:0005634,
209,2-Kyoda-WormEmbryoRNAi,RNAi_T12D8.7_070220_01,,GO:0009790,GO:0005634,
210,2-Kyoda-WormEmbryoRNAi,RNAi_T12D8.7_070220_02,,GO:0009790,GO:0005634,
211,2-Kyoda-WormEmbryoRNAi,RNAi_T12D8.7_070220_02,,GO:0009790,GO:0005634,
212,2-Kyoda-WormEmbryoRNAi,RNAi_T17E9.2_040902_01,,GO:0009790,GO:0005634,
213,2-Kyoda-WormEmbryoRNAi,RNAi_T17E9.2_040902_01,,GO:0009790,GO:0005634,
214,2-Kyoda-WormEmbryoRNAi,RNAi_T20G5.1_040907_01,,GO:0009790,GO:0005634,
215,2-Kyoda-WormEmbryoRNAi,RNAi_T20G5.1_040907_01,,GO:0009790,GO:0005634,
216,2-Kyoda-WormEmbryoRNAi,RNAi_T20G5.1_070726_03,,GO:0009790,GO:0005634,
217,2-Kyoda-WormEmbryoRNAi,RNAi_T20G5.1_070726_03,,GO:0009790,GO:0005634,
218,2-Kyoda-WormEmbryoRNAi,RNAi_T20G5.2_040909_01,,GO:0009790,GO:0005634,
219,2-Kyoda-WormEmbryoRNAi,RNAi_T20G5.2_040909_01,,GO:0009790,GO:0005634,
220,2-Kyoda-WormEmbryoRNAi,RNAi_T20G5.2_040909_02,,GO:0009790,GO:0005634,
221,2-Kyoda-WormEmbryoRNAi,RNAi_T20G5.2_040909_02,,GO:0009790,GO:0005634,
222,2-Kyoda-WormEmbryoRNAi,RNAi_T20H4.3_040928_02,,GO:0009790,GO:0005634,
223,2-Kyoda-WormEmbryoRNAi,RNAi_T20H4.3_040928_02,,GO:0009790,GO:0005634,
224,2-Kyoda-WormEmbryoRNAi,RNAi_T20H4.5_040902_01,,GO:0009790,GO:0005634,
225,2-Kyoda-WormEmbryoRNAi,RNAi_T20H4.5_040902_01,,GO:0009790,GO:0005634,
226,2-Kyoda-WormEmbryoRNAi,RNAi_T20H4.5_040902_02,,GO:0009790,GO:0005634,
227,2-Kyoda-WormEmbryoRNAi,RNAi_T20H4.5_040902_02,,GO:0009790,GO:0005634,
228,2-Kyoda-WormEmbryoRNAi,RNAi_T23G5.1_061102_01,,GO:0009790,GO:0005634,
229,2-Kyoda-WormEmbryoRNAi,RNAi_T23G5.1_061102_01,,GO:0009790,GO:0005634,
230,2-Kyoda-WormEmbryoRNAi,RNAi_T26A5.9_040916_02,,GO:0009790,GO:0005634,
231,2-Kyoda-WormEmbryoRNAi,RNAi_T26A5.9_040916_02,,GO:0009790,GO:0005634,
232,2-Kyoda-WormEmbryoRNAi,RNAi_T26G10.1_070222_01,,GO:0009790,GO:0005634,
233,2-Kyoda-WormEmbryoRNAi,RNAi_T26G10.1_070222_01,,GO:0009790,GO:0005634,
234,2-Kyoda-WormEmbryoRNAi,RNAi_T26G10.1_070920_01,,GO:0009790,GO:0005634,
235,2-Kyoda-WormEmbryoRNAi,RNAi_T26G10.1_070920_01,,GO:0009790,GO:0005634,
236,2-Kyoda-WormEmbryoRNAi,RNAi_W06F12.1a_070215_02,,GO:0009790,GO:0005634,
237,2-Kyoda-WormEmbryoRNAi,RNAi_W06F12.1a_070215_02,,GO:0009790,GO:0005634,
238,2-Kyoda-WormEmbryoRNAi,RNAi_W07B3.2_040928_01,,GO:0009790,GO:0005634,
239,2-Kyoda-WormEmbryoRNAi,RNAi_W07B3.2_040928_01,,GO:0009790,GO:0005634,
240,2-Kyoda-WormEmbryoRNAi,RNAi_W07B3.2_040928_02,,GO:0009790,GO:0005634,
241,2-Kyoda-WormEmbryoRNAi,RNAi_W07B3.2_040928_02,,GO:0009790,GO:0005634,
242,2-Kyoda-WormEmbryoRNAi,RNAi_Y111B2D.h_040930_01,,GO:0009790,GO:0005634,
243,2-Kyoda-WormEmbryoRNAi,RNAi_Y111B2D.h_040930_01,,GO:0009790,GO:0005634,
244,2-Kyoda-WormEmbryoRNAi,RNAi_Y111B2D.h_040930_02,,GO:0009790,GO:0005634,
245,2-Kyoda-WormEmbryoRNAi,RNAi_Y111B2D.h_040930_02,,GO:0009790,GO:0005634,
246,2-Kyoda-WormEmbryoRNAi,RNAi_Y37D8A.14_041109_02,,GO:0009790,GO:0005634,
247,2-Kyoda-WormEmbryoRNAi,RNAi_Y37D8A.14_041109_02,,GO:0009790,GO:0005634,
248,2-Kyoda-WormEmbryoRNAi,RNAi_Y37D8A.14_080214_03,,GO:0009790,GO:0005634,
249,2-Kyoda-WormEmbryoRNAi,RNAi_Y37D8A.14_080214_03,,GO:0009790,GO:0005634,
250,2-Kyoda-WormEmbryoRNAi,RNAi_Y43F4B.6_061214_02,,GO:0009790,GO:0005634,
251,2-Kyoda-WormEmbryoRNAi,RNAi_Y43F4B.6_061214_02,,GO:0009790,GO:0005634,
252,2-Kyoda-WormEmbryoRNAi,RNAi_Y43F4B.6_061214_03,,GO:0009790,GO:0005634,
253,2-Kyoda-WormEmbryoRNAi,RNAi_Y43F4B.6_061214_03,,GO:0009790,GO:0005634,
254,2-Kyoda-WormEmbryoRNAi,RNAi_Y47D3A.d_040930_01,,GO:0009790,GO:0005634,
255,2-Kyoda-WormEmbryoRNAi,RNAi_Y47D3A.d_040930_01,,GO:0009790,GO:0005634,
256,2-Kyoda-WormEmbryoRNAi,RNAi_Y47D3A.d_040930_02,,GO:0009790,GO:0005634,
257,2-Kyoda-WormEmbryoRNAi,RNAi_Y47D3A.d_040930_02,,GO:0009790,GO:0005634,
258,2-Kyoda-WormEmbryoRNAi,RNAi_Y49E10.14_041109_01,,GO:0009790,GO:0005634,
259,2-Kyoda-WormEmbryoRNAi,RNAi_Y49E10.14_041109_01,,GO:0009790,GO:0005634,
260,2-Kyoda-WormEmbryoRNAi,RNAi_Y49E10.14_041109_02,,GO:0009790,GO:0005634,
261,2-Kyoda-WormEmbryoRNAi,RNAi_Y49E10.14_041109_02,,GO:0009790,GO:0005634,
262,2-Kyoda-WormEmbryoRNAi,RNAi_Y49E10.19_041111_01,,GO:0009790,GO:0005634,
263,2-Kyoda-WormEmbryoRNAi,RNAi_Y49E10.19_041111_01,,GO:0009790,GO:0005634,
264,2-Kyoda-WormEmbryoRNAi,RNAi_Y49E10.19_070814_02,,GO:0009790,GO:0005634,
265,2-Kyoda-WormEmbryoRNAi,RNAi_Y49E10.19_070814_02,,GO:0009790,GO:0005634,
266,2-Kyoda-WormEmbryoRNAi,RNAi_Y66A7A.8_041118_02,,GO:0009790,GO:0005634,
267,2-Kyoda-WormEmbryoRNAi,RNAi_Y66A7A.8_041118_02,,GO:0009790,GO:0005634,
268,2-Kyoda-WormEmbryoRNAi,RNAi_Y66A7A.8_070816_01,,GO:0009790,GO:0005634,
269,2-Kyoda-WormEmbryoRNAi,RNAi_Y66A7A.8_070816_01,,GO:0009790,GO:0005634,
270,2-Kyoda-WormEmbryoRNAi,RNAi_Y71H2_378.a_070313_02,,GO:0009790,GO:0005634,
271,2-Kyoda-WormEmbryoRNAi,RNAi_Y71H2_378.a_070313_02,,GO:0009790,GO:0005634,
272,2-Kyoda-WormEmbryoRNAi,RNAi_Y71H2_378.a_071018_02,,GO:0009790,GO:0005634,
273,2-Kyoda-WormEmbryoRNAi,RNAi_Y71H2_378.a_071018_02,,GO:0009790,GO:0005634,
274,2-Kyoda-WormEmbryoRNAi,wt_N2_030116_02,,GO:0009790,GO:0005634,
275,2-Kyoda-WormEmbryoRNAi,wt_N2_030116_02,,GO:0009790,GO:0005634,
276,2-Kyoda-WormEmbryoRNAi,wt_N2_030124_02,,GO:0009790,GO:0005634,
277,2-Kyoda-WormEmbryoRNAi,wt_N2_030124_02,,GO:0009790,GO:0005634,
278,2-Kyoda-WormEmbryoRNAi,wt_N2_030127_01,,GO:0009790,GO:0005634,
279,2-Kyoda-WormEmbryoRNAi,wt_N2_030127_01,,GO:0009790,GO:0005634,
280,2-Kyoda-WormEmbryoRNAi,wt_N2_030131_01,,GO:0009790,GO:0005634,
281,2-Kyoda-WormEmbryoRNAi,wt_N2_030131_01,,GO:0009790,GO:0005634,
282,2-Kyoda-WormEmbryoRNAi,wt_N2_030131_02,,GO:0009790,GO:0005634,
283,2-Kyoda-WormEmbryoRNAi,wt_N2_030131_02,,GO:0009790,GO:0005634,
284,2-Kyoda-WormEmbryoRNAi,wt_N2_030131_03,,GO:0009790,GO:0005634,
285,2-Kyoda-WormEmbryoRNAi,wt_N2_030131_03,,GO:0009790,GO:0005634,
286,2-Kyoda-WormEmbryoRNAi,wt_N2_030203_01,,GO:0009790,GO:0005634,
287,2-Kyoda-WormEmbryoRNAi,wt_N2_030203_01,,GO:0009790,GO:0005634,
288,2-Kyoda-WormEmbryoRNAi,wt_N2_030203_02,,GO:0009790,GO:0005634,
289,2-Kyoda-WormEmbryoRNAi,wt_N2_030203_02,,GO:0009790,GO:0005634,
290,2-Kyoda-WormEmbryoRNAi,wt_N2_030204_03,,GO:0009790,GO:0005634,
291,2-Kyoda-WormEmbryoRNAi,wt_N2_030204_03,,GO:0009790,GO:0005634,
292,2-Kyoda-WormEmbryoRNAi,wt_N2_030206_01,,GO:0009790,GO:0005634,
293,2-Kyoda-WormEmbryoRNAi,wt_N2_030206_01,,GO:0009790,GO:0005634,
294,2-Kyoda-WormEmbryoRNAi,wt_N2_030207_01,,GO:0009790,GO:0005634,
295,2-Kyoda-WormEmbryoRNAi,wt_N2_030207_01,,GO:0009790,GO:0005634,
296,2-Kyoda-WormEmbryoRNAi,wt_N2_030207_02,,GO:0009790,GO:0005634,
297,2-Kyoda-WormEmbryoRNAi,wt_N2_030207_02,,GO:0009790,GO:0005634,
298,2-Kyoda-WormEmbryoRNAi,wt_N2_030210_01,,GO:0009790,GO:0005634,
299,2-Kyoda-WormEmbryoRNAi,wt_N2_030210_01,,GO:0009790,GO:0005634,
300,2-Kyoda-WormEmbryoRNAi,wt_N2_030210_02,,GO:0009790,GO:0005634,
301,2-Kyoda-WormEmbryoRNAi,wt_N2_030210_02,,GO:0009790,GO:0005634,
302,2-Kyoda-WormEmbryoRNAi,wt_N2_030210_03,,GO:0009790,GO:0005634,
303,2-Kyoda-WormEmbryoRNAi,wt_N2_030210_03,,GO:0009790,GO:0005634,
304,2-Kyoda-WormEmbryoRNAi,wt_N2_030212_01,,GO:0009790,GO:0005634,
305,2-Kyoda-WormEmbryoRNAi,wt_N2_030212_01,,GO:0009790,GO:0005634,
306,2-Kyoda-WormEmbryoRNAi,wt_N2_030212_02,,GO:0009790,GO:0005634,
307,2-Kyoda-WormEmbryoRNAi,wt_N2_030212_02,,GO:0009790,GO:0005634,
308,2-Kyoda-WormEmbryoRNAi,wt_N2_030212_03,,GO:0009790,GO:0005634,
309,2-Kyoda-WormEmbryoRNAi,wt_N2_030212_03,,GO:0009790,GO:0005634,
310,2-Kyoda-WormEmbryoRNAi,wt_N2_030213_02,,GO:0009790,GO:0005634,
311,2-Kyoda-WormEmbryoRNAi,wt_N2_030213_02,,GO:0009790,GO:0005634,
312,2-Kyoda-WormEmbryoRNAi,wt_N2_030213_03,,GO:0009790,GO:0005634,
313,2-Kyoda-WormEmbryoRNAi,wt_N2_030213_03,,GO:0009790,GO:0005634,
314,2-Kyoda-WormEmbryoRNAi,wt_N2_030213_04,,GO:0009790,GO:0005634,
315,2-Kyoda-WormEmbryoRNAi,wt_N2_030213_04,,GO:0009790,GO:0005634,
316,2-Kyoda-WormEmbryoRNAi,wt_N2_030214_01,,GO:0009790,GO:0005634,
317,2-Kyoda-WormEmbryoRNAi,wt_N2_030214_01,,GO:0009790,GO:0005634,
318,2-Kyoda-WormEmbryoRNAi,wt_N2_030214_03,,GO:0009790,GO:0005634,
319,2-Kyoda-WormEmbryoRNAi,wt_N2_030214_03,,GO:0009790,GO:0005634,
320,2-Kyoda-WormEmbryoRNAi,wt_N2_030214_04,,GO:0009790,GO:0005634,
321,2-Kyoda-WormEmbryoRNAi,wt_N2_030214_04,,GO:0009790,GO:0005634,
322,2-Kyoda-WormEmbryoRNAi,wt_N2_030217_02,,GO:0009790,GO:0005634,
323,2-Kyoda-WormEmbryoRNAi,wt_N2_030217_02,,GO:0009790,GO:0005634,
324,2-Kyoda-WormEmbryoRNAi,wt_N2_030217_04,,GO:0009790,GO:0005634,
325,2-Kyoda-WormEmbryoRNAi,wt_N2_030217_04,,GO:0009790,GO:0005634,
326,2-Kyoda-WormEmbryoRNAi,wt_N2_030218_01,,GO:0009790,GO:0005634,
327,2-Kyoda-WormEmbryoRNAi,wt_N2_030218_01,,GO:0009790,GO:0005634,
328,2-Kyoda-WormEmbryoRNAi,wt_N2_030218_02,,GO:0009790,GO:0005634,
329,2-Kyoda-WormEmbryoRNAi,wt_N2_030218_02,,GO:0009790,GO:0005634,
330,2-Kyoda-WormEmbryoRNAi,wt_N2_030218_04,,GO:0009790,GO:0005634,
331,2-Kyoda-WormEmbryoRNAi,wt_N2_030218_04,,GO:0009790,GO:0005634,
332,2-Kyoda-WormEmbryoRNAi,wt_N2_030218_05,,GO:0009790,GO:0005634,
333,2-Kyoda-WormEmbryoRNAi,wt_N2_030218_05,,GO:0009790,GO:0005634,
334,2-Kyoda-WormEmbryoRNAi,wt_N2_030221_01,,GO:0009790,GO:0005634,
335,2-Kyoda-WormEmbryoRNAi,wt_N2_030221_01,,GO:0009790,GO:0005634,
336,2-Kyoda-WormEmbryoRNAi,wt_N2_030221_02,,GO:0009790,GO:0005634,
337,2-Kyoda-WormEmbryoRNAi,wt_N2_030221_02,,GO:0009790,GO:0005634,
338,2-Kyoda-WormEmbryoRNAi,wt_N2_030221_03,,GO:0009790,GO:0005634,
339,2-Kyoda-WormEmbryoRNAi,wt_N2_030221_03,,GO:0009790,GO:0005634,
340,2-Kyoda-WormEmbryoRNAi,wt_N2_030221_05,,GO:0009790,GO:0005634,
341,2-Kyoda-WormEmbryoRNAi,wt_N2_030221_05,,GO:0009790,GO:0005634,
342,2-Kyoda-WormEmbryoRNAi,wt_N2_030224_01,,GO:0009790,GO:0005634,
343,2-Kyoda-WormEmbryoRNAi,wt_N2_030224_01,,GO:0009790,GO:0005634,
344,2-Kyoda-WormEmbryoRNAi,wt_N2_030224_02,,GO:0009790,GO:0005634,
345,2-Kyoda-WormEmbryoRNAi,wt_N2_030224_02,,GO:0009790,GO:0005634,
346,2-Kyoda-WormEmbryoRNAi,wt_N2_030224_04,,GO:0009790,GO:0005634,
347,2-Kyoda-WormEmbryoRNAi,wt_N2_030224_04,,GO:0009790,GO:0005634,
348,2-Kyoda-WormEmbryoRNAi,wt_N2_030228_02,,GO:0009790,GO:0005634,
349,2-Kyoda-WormEmbryoRNAi,wt_N2_030228_02,,GO:0009790,GO:0005634,
350,2-Kyoda-WormEmbryoRNAi,wt_N2_030228_03,,GO:0009790,GO:0005634,
351,2-Kyoda-WormEmbryoRNAi,wt_N2_030228_03,,GO:0009790,GO:0005634,
352,2-Kyoda-WormEmbryoRNAi,wt_N2_030303_01,,GO:0009790,GO:0005634,
353,2-Kyoda-WormEmbryoRNAi,wt_N2_030303_01,,GO:0009790,GO:0005634,
354,2-Kyoda-WormEmbryoRNAi,wt_N2_030304_01,,GO:0009790,GO:0005634,
355,2-Kyoda-WormEmbryoRNAi,wt_N2_030304_01,,GO:0009790,GO:0005634,
356,2-Kyoda-WormEmbryoRNAi,wt_N2_030304_02,,GO:0009790,GO:0005634,
357,2-Kyoda-WormEmbryoRNAi,wt_N2_030304_02,,GO:0009790,GO:0005634,
358,2-Kyoda-WormEmbryoRNAi,wt_N2_030304_05,,GO:0009790,GO:0005634,
359,2-Kyoda-WormEmbryoRNAi,wt_N2_030304_05,,GO:0009790,GO:0005634,
360,2-Kyoda-WormEmbryoRNAi,wt_N2_030305_01,,GO:0009790,GO:0005634,
361,2-Kyoda-WormEmbryoRNAi,wt_N2_030305_01,,GO:0009790,GO:0005634,
362,2-Kyoda-WormEmbryoRNAi,wt_N2_030305_02,,GO:0009790,GO:0005634,
363,2-Kyoda-WormEmbryoRNAi,wt_N2_030305_02,,GO:0009790,GO:0005634,
364,2-Kyoda-WormEmbryoRNAi,wt_N2_030305_04,,GO:0009790,GO:0005634,
365,2-Kyoda-WormEmbryoRNAi,wt_N2_030305_04,,GO:0009790,GO:0005634,
366,2-Kyoda-WormEmbryoRNAi,wt_N2_030306_01,,GO:0009790,GO:0005634,
367,2-Kyoda-WormEmbryoRNAi,wt_N2_030306_01,,GO:0009790,GO:0005634,
368,2-Kyoda-WormEmbryoRNAi,wt_N2_070111_02,,GO:0009790,GO:0005634,
369,2-Kyoda-WormEmbryoRNAi,wt_N2_070111_02,,GO:0009790,GO:0005634,
370,2-Kyoda-WormEmbryoRNAi,wt_N2_070111_03,,GO:0009790,GO:0005634,
371,2-Kyoda-WormEmbryoRNAi,wt_N2_070111_03,,GO:0009790,GO:0005634,
372,2-Kyoda-WormEmbryoRNAi,wt_N2_071220_01,,GO:0009790,GO:0005634,
373,2-Kyoda-WormEmbryoRNAi,wt_N2_071220_01,,GO:0009790,GO:0005634,
374,2-Kyoda-WormEmbryoRNAi,RNAi_R10E11.8_040824_01,,GO:0009790,GO:0005634,
375,3-Kimura-PronucMig,pull00-00000,,GO:0035046,GO:0001940,
376,3-Kimura-PronucMig,pull00-00001,,GO:0035046,GO:0001940,
377,3-Kimura-PronucMig,pull00-00002,,GO:0035046,GO:0001940,
378,3-Kimura-PronucMig,pull00-00003,,GO:0035046,GO:0001940,
379,3-Kimura-PronucMig,pull00-00004,,GO:0035046,GO:0001940,
380,3-Kimura-PronucMig,pull00-00005,,GO:0035046,GO:0001940,
381,3-Kimura-PronucMig,pull00-00006,,GO:0035046,GO:0001940,
382,3-Kimura-PronucMig,pull00-00007,,GO:0035046,GO:0001940,
383,3-Kimura-PronucMig,pull00-00008,,GO:0035046,GO:0001940,
384,3-Kimura-PronucMig,pull00-00009,,GO:0035046,GO:0001940,
385,3-Kimura-PronucMig,pull00-00010,,GO:0035046,GO:0001940,
386,3-Kimura-PronucMig,pull00-00011,,GO:0035046,GO:0001940,
387,3-Kimura-PronucMig,pull00-00012,,GO:0035046,GO:0001940,
388,3-Kimura-PronucMig,pull00-00013,,GO:0035046,GO:0001940,
389,3-Kimura-PronucMig,pull00-00014,,GO:0035046,GO:0001940,
390,3-Kimura-PronucMig,pull00-00015,,GO:0035046,GO:0001940,
391,3-Kimura-PronucMig,pull00-00016,,GO:0035046,GO:0001940,
392,3-Kimura-PronucMig,pull00-00017,,GO:0035046,GO:0001940,
393,3-Kimura-PronucMig,pull00-00018,,GO:0035046,GO:0001940,
394,3-Kimura-PronucMig,pull00-00019,,GO:0035046,GO:0001940,
395,3-Kimura-PronucMig,pull00-00020,,GO:0035046,GO:0001940,
396,3-Kimura-PronucMig,pull00-00021,,GO:0035046,GO:0001940,
397,3-Kimura-PronucMig,pull00-00022,,GO:0035046,GO:0001940,
398,3-Kimura-PronucMig,pull00-00023,,GO:0035046,GO:0001940,
399,3-Kimura-PronucMig,pull00-00024,,GO:0035046,GO:0001940,
400,3-Kimura-PronucMig,pull00-00025,,GO:0035046,GO:0001940,
401,3-Kimura-PronucMig,pull00-00026,,GO:0035046,GO:0001940,
402,3-Kimura-PronucMig,pull00-00027,,GO:0035046,GO:0001940,
403,3-Kimura-PronucMig,pull00-00028,,GO:0035046,GO:0001940,
404,3-Kimura-PronucMig,pull00-00029,,GO:0035046,GO:0001940,
405,3-Kimura-PronucMig,pull00-00030,,GO:0035046,GO:0001940,
406,3-Kimura-PronucMig,pull00-00031,,GO:0035046,GO:0001940,
407,3-Kimura-PronucMig,pull00-00032,,GO:0035046,GO:0001940,
408,3-Kimura-PronucMig,pull00-00033,,GO:0035046,GO:0001940,
409,3-Kimura-PronucMig,pull00-00034,,GO:0035046,GO:0001940,
410,3-Kimura-PronucMig,pull00-00035,,GO:0035046,GO:0001940,
411,3-Kimura-PronucMig,pull00-00036,,GO:0035046,GO:0001940,
412,3-Kimura-PronucMig,pull00-00037,,GO:0035046,GO:0001940,
413,3-Kimura-PronucMig,pull00-00038,,GO:0035046,GO:0001940,
414,3-Kimura-PronucMig,pull00-00039,,GO:0035046,GO:0001940,
415,3-Kimura-PronucMig,pull00-00040,,GO:0035046,GO:0001940,
416,3-Kimura-PronucMig,pull00-00041,,GO:0035046,GO:0001940,
417,3-Kimura-PronucMig,pull00-00042,,GO:0035046,GO:0001940,
418,3-Kimura-PronucMig,pull00-00043,,GO:0035046,GO:0001940,
419,3-Kimura-PronucMig,pull00-00044,,GO:0035046,GO:0001940,
420,3-Kimura-PronucMig,pull00-00045,,GO:0035046,GO:0001940,
421,3-Kimura-PronucMig,pull00-00046,,GO:0035046,GO:0001940,
422,3-Kimura-PronucMig,pull00-00047,,GO:0035046,GO:0001940,
423,3-Kimura-PronucMig,pull00-00048,,GO:0035046,GO:0001940,
424,3-Kimura-PronucMig,pull00-00049,,GO:0035046,GO:0001940,
425,3-Kimura-PronucMig,push00-00000,,GO:0035046,GO:0001940,
426,3-Kimura-PronucMig,push00-00001,,GO:0035046,GO:0001940,
427,3-Kimura-PronucMig,push00-00002,,GO:0035046,GO:0001940,
428,3-Kimura-PronucMig,push00-00003,,GO:0035046,GO:0001940,
429,3-Kimura-PronucMig,push00-00004,,GO:0035046,GO:0001940,
430,3-Kimura-PronucMig,push00-00005,,GO:0035046,GO:0001940,
431,3-Kimura-PronucMig,push00-00006,,GO:0035046,GO:0001940,
432,3-Kimura-PronucMig,push00-00007,,GO:0035046,GO:0001940,
433,3-Kimura-PronucMig,push00-00008,,GO:0035046,GO:0001940,
434,3-Kimura-PronucMig,push00-00009,,GO:0035046,GO:0001940,
435,3-Kimura-PronucMig,push00-00010,,GO:0035046,GO:0001940,
436,3-Kimura-PronucMig,push00-00011,,GO:0035046,GO:0001940,
437,3-Kimura-PronucMig,push00-00012,,GO:0035046,GO:0001940,
438,3-Kimura-PronucMig,push00-00013,,GO:0035046,GO:0001940,
439,3-Kimura-PronucMig,push00-00014,,GO:0035046,GO:0001940,
440,3-Kimura-PronucMig,push00-00015,,GO:0035046,GO:0001940,
441,3-Kimura-PronucMig,push00-00016,,GO:0035046,GO:0001940,
442,3-Kimura-PronucMig,push00-00017,,GO:0035046,GO:0001940,
443,3-Kimura-PronucMig,push00-00018,,GO:0035046,GO:0001940,
444,3-Kimura-PronucMig,push00-00019,,GO:0035046,GO:0001940,
445,3-Kimura-PronucMig,push00-00020,,GO:0035046,GO:0001940,
446,3-Kimura-PronucMig,push00-00021,,GO:0035046,GO:0001940,
447,3-Kimura-PronucMig,push00-00022,,GO:0035046,GO:0001940,
448,3-Kimura-PronucMig,push00-00023,,GO:0035046,GO:0001940,
449,3-Kimura-PronucMig,push00-00024,,GO:0035046,GO:0001940,
450,3-Kimura-PronucMig,push00-00025,,GO:0035046,GO:0001940,
451,3-Kimura-PronucMig,push00-00026,,GO:0035046,GO:0001940,
452,3-Kimura-PronucMig,push00-00027,,GO:0035046,GO:0001940,
453,3-Kimura-PronucMig,push00-00028,,GO:0035046,GO:0001940,
454,3-Kimura-PronucMig,push00-00029,,GO:0035046,GO:0001940,
455,3-Kimura-PronucMig,push00-00030,,GO:0035046,GO:0001940,
456,3-Kimura-PronucMig,push00-00031,,GO:0035046,GO:0001940,
457,3-Kimura-PronucMig,push00-00032,,GO:0035046,GO:0001940,
458,3-Kimura-PronucMig,push00-00033,,GO:0035046,GO:0001940,
459,3-Kimura-PronucMig,push00-00034,,GO:0035046,GO:0001940,
460,3-Kimura-PronucMig,push00-00035,,GO:0035046,GO:0001940,
461,3-Kimura-PronucMig,push00-00036,,GO:0035046,GO:0001940,
462,3-Kimura-PronucMig,push00-00037,,GO:0035046,GO:0001940,
463,3-Kimura-PronucMig,push00-00038,,GO:0035046,GO:0001940,
464,3-Kimura-PronucMig,push00-00039,,GO:0035046,GO:0001940,
465,3-Kimura-PronucMig,push00-00040,,GO:0035046,GO:0001940,
466,3-Kimura-PronucMig,push00-00041,,GO:0035046,GO:0001940,
467,3-Kimura-PronucMig,push00-00042,,GO:0035046,GO:0001940,
468,3-Kimura-PronucMig,push00-00043,,GO:0035046,GO:0001940,
469,3-Kimura-PronucMig,push00-00044,,GO:0035046,GO:0001940,
470,3-Kimura-PronucMig,push00-00045,,GO:0035046,GO:0001940,
471,3-Kimura-PronucMig,push00-00046,,GO:0035046,GO:0001940,
472,3-Kimura-PronucMig,push00-00047,,GO:0035046,GO:0001940,
473,3-Kimura-PronucMig,push00-00048,,GO:0035046,GO:0001940,
474,3-Kimura-PronucMig,push00-00049,,GO:0035046,GO:0001940,
475,4-Keller-FlyEmbryo,drosophila_raw.mat,,GO:0009790,GO:0005634,
476,4-Keller-FlyEmbryo,drosophila_fused.mat,,GO:0009790,GO:0005634,
477,5-Keller-FishEmbryo,zebrafish_animal_a.mat,,GO:0009790,GO:0005634,
478,5-Keller-FishEmbryo,zebrafish_animal_b.mat,,GO:0009790,GO:0005634,
479,5-Keller-FishEmbryo,zebrafish_animal_c.mat,,GO:0009790,GO:0005634,
480,5-Keller-FishEmbryo,zebrafish_dorsal.mat,,GO:0009790,GO:0005634,
481,5-Keller-FishEmbryo,zebrafish_in_toto_mzoep.mat,,GO:0009790,GO:0005634,
482,5-Keller-FishEmbryo,zebrafish_in_toto_wt.mat,,GO:0009790,GO:0005634,
483,5-Keller-FishEmbryo,zebrafish_ventral.mat,,GO:0009790,GO:0005634,
484,6-Arjunan-MolDyn,Eco_MinE_AS,,GO:0034613,,
485,7-Cronin-WormLocomotion,worm1_ald,,GO:0040011,,
486,7-Cronin-WormLocomotion,worm2_NaAsO2,,GO:0040011,,
487,7-Cronin-WormLocomotion,worm2_ald,,GO:0040011,,
488,7-Cronin-WormLocomotion,worm3_NaAsO2,,GO:0040011,,
489,7-Cronin-WormLocomotion,worm3_ald,,GO:0040011,,
490,7-Cronin-WormLocomotion,worm4_NaAsO2,,GO:0040011,,
491,7-Cronin-WormLocomotion,worm4_ald,,GO:0040011,,
492,7-Cronin-WormLocomotion,worm5_NaAsO2,,GO:0040011,,
493,7-Cronin-WormLocomotion,worm5_ald,,GO:0040011,,
494,7-Cronin-WormLocomotion,worm6_NaAsO2,,GO:0040011,,
495,7-Cronin-WormLocomotion,worm6_ald,,GO:0040011,,
496,8-Bashar-MouseEmbryo,088044_L1,,GO:0009790,GO:0005634,
497,8-Bashar-MouseEmbryo,088044_L1,,GO:0009790,GO:0005634,
498,9-Masumoto-Transcriptome,GSE24775_PP_LD-Advance_rep1,,,,
499,9-Masumoto-Transcriptome,GSE24775_PP_LD-Advance_rep2,,,,
500,9-Masumoto-Transcriptome,GSE24775_PP_LD-Delay_rep1,,,,
501,9-Masumoto-Transcriptome,GSE24775_PP_LD-Delay_rep2,,,,
502,9-Masumoto-Transcriptome,GSE24775_PP_LD_rep1,,,,
503,9-Masumoto-Transcriptome,GSE24775_PP_LD_rep2,,,,
504,9-Masumoto-Transcriptome,GSE24775_PP_SD_rep1,,,,
505,9-Masumoto-Transcriptome,GSE24775_PP_SD_rep2,,,,
506,10-Komatsuzaki-MolDyn,121004_QD597-2,,GO:0034613,,
507,10-Komatsuzaki-MolDyn,121004_QD597-2,,GO:0034613,,
508,11-Toyoshima-NeuAct,140911_DiR_x1_worm1,,,GO:0005634,
509,11-Toyoshima-NeuAct,140911_DiR_x1_worm1,,,GO:0005634,
510,11-Toyoshima-NeuAct,140911_DiR_x1_worm2,,,GO:0005634,
511,11-Toyoshima-NeuAct,140911_DiR_x1_worm2,,,GO:0005634,
512,11-Toyoshima-NeuAct,140911_DiR_x1_worm3,,,GO:0005634,
513,11-Toyoshima-NeuAct,140911_DiR_x1_worm3,,,GO:0005634,
514,11-Toyoshima-NeuAct,140911_DiR_x27_worm1,,,GO:0005634,
515,11-Toyoshima-NeuAct,140911_DiR_x27_worm1,,,GO:0005634,
516,11-Toyoshima-NeuAct,140911_DiR_x27_worm2,,,GO:0005634,
517,11-Toyoshima-NeuAct,140911_DiR_x27_worm2,,,GO:0005634,
518,11-Toyoshima-NeuAct,140911_DiR_x27_worm3,,,GO:0005634,
519,11-Toyoshima-NeuAct,140911_DiR_x27_worm3,,,GO:0005634,
520,11-Toyoshima-NeuAct,140911_DiR_x3_worm1,,,GO:0005634,
521,11-Toyoshima-NeuAct,140911_DiR_x3_worm1,,,GO:0005634,
522,11-Toyoshima-NeuAct,140911_DiR_x3_worm2,,,GO:0005634,
523,11-Toyoshima-NeuAct,140911_DiR_x3_worm2,,,GO:0005634,
524,11-Toyoshima-NeuAct,140911_DiR_x3_worm3,,,GO:0005634,
525,11-Toyoshima-NeuAct,140911_DiR_x3_worm3,,,GO:0005634,
526,11-Toyoshima-NeuAct,140911_DiR_x9_worm1,,,GO:0005634,
527,11-Toyoshima-NeuAct,140911_DiR_x9_worm1,,,GO:0005634,
528,11-Toyoshima-NeuAct,140911_DiR_x9_worm2,,,GO:0005634,
529,11-Toyoshima-NeuAct,140911_DiR_x9_worm2,,,GO:0005634,
530,11-Toyoshima-NeuAct,140911_DiR_x9_worm3,,,GO:0005634,
531,11-Toyoshima-NeuAct,140911_DiR_x9_worm3,,,GO:0005634,
532,11-Toyoshima-NeuAct,140919a_stack_1.45u,,,GO:0005634,
533,11-Toyoshima-NeuAct,140919a_stack_1.45u,,,GO:0005634,
534,11-Toyoshima-NeuAct,tax4_7_t1,,,GO:0005634,
535,11-Toyoshima-NeuAct,tax4_7_t1,,,GO:0005634,
536,12-Takayama-Oocyte,Fig1D_DMRE_110120-1,,GO:0007343,GO:0005737,
537,12-Takayama-Oocyte,Fig1D_DMRE_110120-1,,GO:0007343,GO:0005737,
538,12-Takayama-Oocyte,Fig1D_DMRE_110120-2,,GO:0007343,GO:0005737,
539,12-Takayama-Oocyte,Fig1D_DMRE_110120-2,,GO:0007343,GO:0005737,
540,12-Takayama-Oocyte,Fig1D_DMRE_110120-3,,GO:0007343,GO:0005737,
541,12-Takayama-Oocyte,Fig1D_DMRE_110120-3,,GO:0007343,GO:0005737,
542,12-Takayama-Oocyte,Fig1D_DMRE_110124-1,,GO:0007343,GO:0005737,
543,12-Takayama-Oocyte,Fig1D_DMRE_110124-1,,GO:0007343,GO:0005737,
544,12-Takayama-Oocyte,Fig1D_DMRE_110124-2,,GO:0007343,GO:0005737,
545,12-Takayama-Oocyte,Fig1D_DMRE_110124-2,,GO:0007343,GO:0005737,
546,12-Takayama-Oocyte,Fig1D_DMRE_111115-1,,GO:0007343,GO:0005737,
547,12-Takayama-Oocyte,Fig1D_DMRE_111115-1,,GO:0007343,GO:0005737,
548,12-Takayama-Oocyte,Fig1D_DMRE_111115-2,,GO:0007343,GO:0005737,
549,12-Takayama-Oocyte,Fig1D_DMRE_111115-2,,GO:0007343,GO:0005737,
550,12-Takayama-Oocyte,Fig1E_DMRE_110215-1,,GO:0007343,GO:0005737,
551,12-Takayama-Oocyte,Fig1E_DMRE_110215-1,,GO:0007343,GO:0005737,
552,12-Takayama-Oocyte,Fig1E_DMRE_110215-2,,GO:0007343,GO:0005737,
553,12-Takayama-Oocyte,Fig1E_DMRE_110215-2,,GO:0007343,GO:0005737,
554,12-Takayama-Oocyte,Fig1E_DMRE_110215-3,,GO:0007343,GO:0005737,
555,12-Takayama-Oocyte,Fig1E_DMRE_110215-3,,GO:0007343,GO:0005737,
556,12-Takayama-Oocyte,Fig1E_DMRE_110301-1,,GO:0007343,GO:0005737,
557,12-Takayama-Oocyte,Fig1E_DMRE_110301-1,,GO:0007343,GO:0005737,
558,12-Takayama-Oocyte,Fig1E_DMRE_110301-3,,GO:0007343,GO:0005737,
559,12-Takayama-Oocyte,Fig1E_DMRE_110301-3,,GO:0007343,GO:0005737,
560,12-Takayama-Oocyte,Fig1E_DMRE_110419-1,,GO:0007343,GO:0005737,
561,12-Takayama-Oocyte,Fig1E_DMRE_110419-1,,GO:0007343,GO:0005737,
562,12-Takayama-Oocyte,Fig1E_DMRE_110419-2,,GO:0007343,GO:0005737,
563,12-Takayama-Oocyte,Fig1E_DMRE_110419-2,,GO:0007343,GO:0005737,
564,12-Takayama-Oocyte,Fig1E_DMRE_110419-3,,GO:0007343,GO:0005737,
565,12-Takayama-Oocyte,Fig1E_DMRE_110419-3,,GO:0007343,GO:0005737,
566,12-Takayama-Oocyte,Fig1E_DMRE_110419-4,,GO:0007343,GO:0005737,
567,12-Takayama-Oocyte,Fig1E_DMRE_110419-4,,GO:0007343,GO:0005737,
568,12-Takayama-Oocyte,Fig1E_DMRE_110420-2,,GO:0007343,GO:0005737,
569,12-Takayama-Oocyte,Fig1E_DMRE_110420-2,,GO:0007343,GO:0005737,
570,12-Takayama-Oocyte,Fig1F_TiE_120517-1,,GO:0007343,GO:0005737,
571,12-Takayama-Oocyte,Fig1F_TiE_120517-1,,GO:0007343,GO:0005737,
572,12-Takayama-Oocyte,Fig1F_TiE_120517-2,,GO:0007343,GO:0005737,
573,12-Takayama-Oocyte,Fig1F_TiE_120517-2,,GO:0007343,GO:0005737,
574,12-Takayama-Oocyte,Fig1F_TiE_120619-1,,GO:0007343,GO:0005737,
575,12-Takayama-Oocyte,Fig1F_TiE_120619-1,,GO:0007343,GO:0005737,
576,12-Takayama-Oocyte,Fig1F_TiE_120619-2,,GO:0007343,GO:0005737,
577,12-Takayama-Oocyte,Fig1F_TiE_120619-2,,GO:0007343,GO:0005737,
578,12-Takayama-Oocyte,Fig1F_TiE_120619-3,,GO:0007343,GO:0005737,
579,12-Takayama-Oocyte,Fig1F_TiE_120619-3,,GO:0007343,GO:0005737,
580,12-Takayama-Oocyte,Fig1F_TiE_131017-1,,GO:0007343,GO:0005737,
581,12-Takayama-Oocyte,Fig1F_TiE_131017-1,,GO:0007343,GO:0005737,
582,12-Takayama-Oocyte,Fig1F_TiE_131017-2,,GO:0007343,GO:0005737,
583,12-Takayama-Oocyte,Fig1F_TiE_131017-2,,GO:0007343,GO:0005737,
584,12-Takayama-Oocyte,Fig1F_TiE_131017-5,,GO:0007343,GO:0005737,
585,12-Takayama-Oocyte,Fig1F_TiE_131017-5,,GO:0007343,GO:0005737,
586,12-Takayama-Oocyte,Fig1F_TiE_131017-6,,GO:0007343,GO:0005737,
587,12-Takayama-Oocyte,Fig1F_TiE_131017-6,,GO:0007343,GO:0005737,
588,12-Takayama-Oocyte,Fig1G_DMRE_110802-1,,GO:0007343,GO:0005737,
589,12-Takayama-Oocyte,Fig1G_DMRE_110802-1,,GO:0007343,GO:0005737,
590,12-Takayama-Oocyte,Fig1G_DMRE_110802-2,,GO:0007343,GO:0005737,
591,12-Takayama-Oocyte,Fig1G_DMRE_110802-2,,GO:0007343,GO:0005737,
592,12-Takayama-Oocyte,Fig1G_DMRE_110802-3,,GO:0007343,GO:0005737,
593,12-Takayama-Oocyte,Fig1G_DMRE_110802-3,,GO:0007343,GO:0005737,
594,12-Takayama-Oocyte,Fig1G_DMRE_110802-4,,GO:0007343,GO:0005737,
595,12-Takayama-Oocyte,Fig1G_DMRE_110802-4,,GO:0007343,GO:0005737,
596,12-Takayama-Oocyte,Fig1G_DMRE_110802-5,,GO:0007343,GO:0005737,
597,12-Takayama-Oocyte,Fig1G_DMRE_110802-5,,GO:0007343,GO:0005737,
598,12-Takayama-Oocyte,Fig3C_TiE_120424-1,,GO:0007343,GO:0005737,
599,12-Takayama-Oocyte,Fig3C_TiE_120424-1,,GO:0007343,GO:0005737,
600,12-Takayama-Oocyte,Fig3C_TiE_120425-1,,GO:0007343,GO:0005737,
601,12-Takayama-Oocyte,Fig3C_TiE_120425-1,,GO:0007343,GO:0005737,
602,12-Takayama-Oocyte,Fig3C_TiE_120626-2,,GO:0007343,GO:0005737,
603,12-Takayama-Oocyte,Fig3C_TiE_120626-2,,GO:0007343,GO:0005737,
604,12-Takayama-Oocyte,Fig3C_TiE_120626-3,,GO:0007343,GO:0005737,
605,12-Takayama-Oocyte,Fig3C_TiE_120626-3,,GO:0007343,GO:0005737,
606,12-Takayama-Oocyte,Fig3C_TiE_120703-1,,GO:0007343,GO:0005737,
607,12-Takayama-Oocyte,Fig3C_TiE_120703-1,,GO:0007343,GO:0005737,
608,12-Takayama-Oocyte,Fig3C_TiE_120703-2,,GO:0007343,GO:0005737,
609,12-Takayama-Oocyte,Fig3C_TiE_120703-2,,GO:0007343,GO:0005737,
610,12-Takayama-Oocyte,Fig3F_TiE_140708-1,,GO:0007343,GO:0005737,
611,12-Takayama-Oocyte,Fig3F_TiE_140708-1,,GO:0007343,GO:0005737,
612,12-Takayama-Oocyte,Fig3F_TiE_140708-2,,GO:0007343,GO:0005737,
613,12-Takayama-Oocyte,Fig3F_TiE_140708-2,,GO:0007343,GO:0005737,
614,12-Takayama-Oocyte,Fig3F_TiE_140708-3,,GO:0007343,GO:0005737,
615,12-Takayama-Oocyte,Fig3F_TiE_140708-3,,GO:0007343,GO:0005737,
616,12-Takayama-Oocyte,Fig3F_TiE_140708-6,,GO:0007343,GO:0005737,
617,12-Takayama-Oocyte,Fig3F_TiE_140708-6,,GO:0007343,GO:0005737,
618,12-Takayama-Oocyte,Fig3F_TiE_140708-7,,GO:0007343,GO:0005737,
619,12-Takayama-Oocyte,Fig3F_TiE_140708-7,,GO:0007343,GO:0005737,
620,12-Takayama-Oocyte,Fig3F_TiE_140729-4,,GO:0007343,GO:0005737,
621,12-Takayama-Oocyte,Fig3F_TiE_140729-4,,GO:0007343,GO:0005737,
622,12-Takayama-Oocyte,Fig3F_TiE_140807-6,,GO:0007343,GO:0005737,
623,12-Takayama-Oocyte,Fig3F_TiE_140807-6,,GO:0007343,GO:0005737,
624,12-Takayama-Oocyte,Fig3F_TiE_140819-1,,GO:0007343,GO:0005737,
625,12-Takayama-Oocyte,Fig3F_TiE_140819-1,,GO:0007343,GO:0005737,
626,12-Takayama-Oocyte,Fig3G_TiE_121220-1,,GO:0007343,GO:0005737,
627,12-Takayama-Oocyte,Fig3G_TiE_121220-1,,GO:0007343,GO:0005737,
628,12-Takayama-Oocyte,Fig3G_TiE_121220-2,,GO:0007343,GO:0005737,
629,12-Takayama-Oocyte,Fig3G_TiE_121220-2,,GO:0007343,GO:0005737,
630,12-Takayama-Oocyte,Fig3G_TiE_121220-3,,GO:0007343,GO:0005737,
631,12-Takayama-Oocyte,Fig3G_TiE_121220-3,,GO:0007343,GO:0005737,
632,12-Takayama-Oocyte,Fig3G_TiE_121227-1,,GO:0007343,GO:0005737,
633,12-Takayama-Oocyte,Fig3G_TiE_121227-1,,GO:0007343,GO:0005737,
634,12-Takayama-Oocyte,Fig3G_TiE_130108-4,,GO:0007343,GO:0005737,
635,12-Takayama-Oocyte,Fig3G_TiE_130108-4,,GO:0007343,GO:0005737,
636,12-Takayama-Oocyte,Fig3G_TiE_130108-5,,GO:0007343,GO:0005737,
637,12-Takayama-Oocyte,Fig3G_TiE_130108-5,,GO:0007343,GO:0005737,
638,12-Takayama-Oocyte,Fig3G_TiE_130108-6,,GO:0007343,GO:0005737,
639,12-Takayama-Oocyte,Fig3G_TiE_130108-6,,GO:0007343,GO:0005737,
640,12-Takayama-Oocyte,Fig3G_TiE_130218-1,,GO:0007343,GO:0005737,
641,12-Takayama-Oocyte,Fig3G_TiE_130218-1,,GO:0007343,GO:0005737,
642,12-Takayama-Oocyte,Fig3G_TiE_130218-2,,GO:0007343,GO:0005737,
643,12-Takayama-Oocyte,Fig3G_TiE_130218-2,,GO:0007343,GO:0005737,
644,12-Takayama-Oocyte,Fig3G_TiE_130218-3,,GO:0007343,GO:0005737,
645,12-Takayama-Oocyte,Fig3G_TiE_130218-3,,GO:0007343,GO:0005737,
646,12-Takayama-Oocyte,Fig5D_TiE_140527-3,,GO:0007343,GO:0005737,
647,12-Takayama-Oocyte,Fig5D_TiE_140527-3,,GO:0007343,GO:0005737,
648,12-Takayama-Oocyte,Fig5D_TiE_140603-1,,GO:0007343,GO:0005737,
649,12-Takayama-Oocyte,Fig5D_TiE_140603-1,,GO:0007343,GO:0005737,
650,12-Takayama-Oocyte,Fig5D_TiE_140603-2,,GO:0007343,GO:0005737,
651,12-Takayama-Oocyte,Fig5D_TiE_140603-2,,GO:0007343,GO:0005737,
652,12-Takayama-Oocyte,Fig5D_TiE_140604-2,,GO:0007343,GO:0005737,
653,12-Takayama-Oocyte,Fig5D_TiE_140604-2,,GO:0007343,GO:0005737,
654,12-Takayama-Oocyte,Fig5D_TiE_140604-3,,GO:0007343,GO:0005737,
655,12-Takayama-Oocyte,Fig5D_TiE_140604-3,,GO:0007343,GO:0005737,
656,12-Takayama-Oocyte,Fig5D_TiE_140604-4,,GO:0007343,GO:0005737,
657,12-Takayama-Oocyte,Fig5D_TiE_140604-4,,GO:0007343,GO:0005737,
658,12-Takayama-Oocyte,Fig5E_TiE_141021-3,,GO:0007343,GO:0005737,
659,12-Takayama-Oocyte,Fig5E_TiE_141021-3,,GO:0007343,GO:0005737,
660,12-Takayama-Oocyte,Fig5E_TiE_141021-4,,GO:0007343,GO:0005737,
661,12-Takayama-Oocyte,Fig5E_TiE_141021-4,,GO:0007343,GO:0005737,
662,12-Takayama-Oocyte,Fig5E_TiE_141021-5,,GO:0007343,GO:0005737,
663,12-Takayama-Oocyte,Fig5E_TiE_141021-5,,GO:0007343,GO:0005737,
664,12-Takayama-Oocyte,Fig5E_TiE_141021-6,,GO:0007343,GO:0005737,
665,12-Takayama-Oocyte,Fig5E_TiE_141021-6,,GO:0007343,GO:0005737,
666,12-Takayama-Oocyte,Fig5E_TiE_141021-7,,GO:0007343,GO:0005737,
667,12-Takayama-Oocyte,Fig5E_TiE_141021-7,,GO:0007343,GO:0005737,
668,12-Takayama-Oocyte,Fig5F_TiE_140929-1,,GO:0007343,GO:0005737,
669,12-Takayama-Oocyte,Fig5F_TiE_140929-1,,GO:0007343,GO:0005737,
670,12-Takayama-Oocyte,Fig5F_TiE_140929-2,,GO:0007343,GO:0005737,
671,12-Takayama-Oocyte,Fig5F_TiE_140929-2,,GO:0007343,GO:0005737,
672,12-Takayama-Oocyte,Fig5F_TiE_140929-3,,GO:0007343,GO:0005737,
673,12-Takayama-Oocyte,Fig5F_TiE_140929-3,,GO:0007343,GO:0005737,
674,12-Takayama-Oocyte,Fig5F_TiE_140929-4,,GO:0007343,GO:0005737,
675,12-Takayama-Oocyte,Fig5F_TiE_140929-4,,GO:0007343,GO:0005737,
676,12-Takayama-Oocyte,Fig5F_TiE_141111-1,,GO:0007343,GO:0005737,
677,12-Takayama-Oocyte,Fig5F_TiE_141111-1,,GO:0007343,GO:0005737,
678,12-Takayama-Oocyte,Fig5F_TiE_141111-2,,GO:0007343,GO:0005737,
679,12-Takayama-Oocyte,Fig5F_TiE_141111-2,,GO:0007343,GO:0005737,
680,12-Takayama-Oocyte,Fig5F_TiE_141111-3,,GO:0007343,GO:0005737,
681,12-Takayama-Oocyte,Fig5F_TiE_141111-3,,GO:0007343,GO:0005737,
682,12-Takayama-Oocyte,Fig5F_TiE_141111-4,,GO:0007343,GO:0005737,
683,12-Takayama-Oocyte,Fig5F_TiE_141111-4,,GO:0007343,GO:0005737,
684,12-Takayama-Oocyte,Fig5G_TiE_140930-1,,GO:0007343,GO:0005737,
685,12-Takayama-Oocyte,Fig5G_TiE_140930-1,,GO:0007343,GO:0005737,
686,12-Takayama-Oocyte,Fig5G_TiE_140930-2,,GO:0007343,GO:0005737,
687,12-Takayama-Oocyte,Fig5G_TiE_140930-2,,GO:0007343,GO:0005737,
688,12-Takayama-Oocyte,Fig5G_TiE_140930-3,,GO:0007343,GO:0005737,
689,12-Takayama-Oocyte,Fig5G_TiE_140930-3,,GO:0007343,GO:0005737,
690,12-Takayama-Oocyte,Fig5G_TiE_140930-4,,GO:0007343,GO:0005737,
691,12-Takayama-Oocyte,Fig5G_TiE_140930-4,,GO:0007343,GO:0005737,
692,12-Takayama-Oocyte,Fig5G_TiE_140930-5,,GO:0007343,GO:0005737,
693,12-Takayama-Oocyte,Fig5G_TiE_140930-5,,GO:0007343,GO:0005737,
694,12-Takayama-Oocyte,Fig5G_TiE_140930-6,,GO:0007343,GO:0005737,
695,12-Takayama-Oocyte,Fig5G_TiE_140930-6,,GO:0007343,GO:0005737,
696,12-Takayama-Oocyte,FigS1A_DMRE_110722-1,,GO:0007343,GO:0005737,
697,12-Takayama-Oocyte,FigS1A_DMRE_110722-1,,GO:0007343,GO:0005737,
698,12-Takayama-Oocyte,FigS1B_DMRE_110722-2,,GO:0007343,GO:0005737,
699,12-Takayama-Oocyte,FigS1B_DMRE_110722-2,,GO:0007343,GO:0005737,
700,12-Takayama-Oocyte,FigS1C_DMRE_110722-3,,GO:0007343,GO:0005737,
701,12-Takayama-Oocyte,FigS1C_DMRE_110722-3,,GO:0007343,GO:0005737,
702,12-Takayama-Oocyte,FigS1D_DMRE_140612-3,,GO:0007343,GO:0005737,
703,12-Takayama-Oocyte,FigS1D_DMRE_140612-3,,GO:0007343,GO:0005737,
704,12-Takayama-Oocyte,FigS1D_DMRE_140612-4,,GO:0007343,GO:0005737,
705,12-Takayama-Oocyte,FigS1D_DMRE_140612-4,,GO:0007343,GO:0005737,
706,12-Takayama-Oocyte,FigS1D_DMRE_140612-6,,GO:0007343,GO:0005737,
707,12-Takayama-Oocyte,FigS1D_DMRE_140612-6,,GO:0007343,GO:0005737,
708,12-Takayama-Oocyte,FigS1D_DMRE_140630-7,,GO:0007343,GO:0005737,
709,12-Takayama-Oocyte,FigS1D_DMRE_140630-7,,GO:0007343,GO:0005737,
710,12-Takayama-Oocyte,FigS1D_DMRE_140707-1,,GO:0007343,GO:0005737,
711,12-Takayama-Oocyte,FigS1D_DMRE_140707-1,,GO:0007343,GO:0005737,
712,12-Takayama-Oocyte,FigS1D_DMRE_140707-4,,GO:0007343,GO:0005737,
713,12-Takayama-Oocyte,FigS1D_DMRE_140707-4,,GO:0007343,GO:0005737,
714,12-Takayama-Oocyte,FigS1E_DMRE_130404-1,,GO:0007343,GO:0005737,
715,12-Takayama-Oocyte,FigS1E_DMRE_130404-1,,GO:0007343,GO:0005737,
716,12-Takayama-Oocyte,FigS1E_DMRE_130404-2,,GO:0007343,GO:0005737,
717,12-Takayama-Oocyte,FigS1E_DMRE_130404-2,,GO:0007343,GO:0005737,
718,12-Takayama-Oocyte,FigS1E_DMRE_130404-3,,GO:0007343,GO:0005737,
719,12-Takayama-Oocyte,FigS1E_DMRE_130404-3,,GO:0007343,GO:0005737,
720,12-Takayama-Oocyte,FigS1E_DMRE_130404-4,,GO:0007343,GO:0005737,
721,12-Takayama-Oocyte,FigS1E_DMRE_130404-4,,GO:0007343,GO:0005737,
722,12-Takayama-Oocyte,FigS1E_DMRE_130404-6,,GO:0007343,GO:0005737,
723,12-Takayama-Oocyte,FigS1E_DMRE_130404-6,,GO:0007343,GO:0005737,
724,12-Takayama-Oocyte,FigS1E_DMRE_130404-7,,GO:0007343,GO:0005737,
725,12-Takayama-Oocyte,FigS1E_DMRE_130404-7,,GO:0007343,GO:0005737,
726,12-Takayama-Oocyte,FigS1E_DMRE_140612-8,,GO:0007343,GO:0005737,
727,12-Takayama-Oocyte,FigS1E_DMRE_140612-8,,GO:0007343,GO:0005737,
728,12-Takayama-Oocyte,FigS1E_DMRE_140612-9,,GO:0007343,GO:0005737,
729,12-Takayama-Oocyte,FigS1E_DMRE_140612-9,,GO:0007343,GO:0005737,
730,12-Takayama-Oocyte,FigS1E_DMRE_140630-4,,GO:0007343,GO:0005737,
731,12-Takayama-Oocyte,FigS1E_DMRE_140630-4,,GO:0007343,GO:0005737,
732,12-Takayama-Oocyte,FigS1E_DMRE_140630-6,,GO:0007343,GO:0005737,
733,12-Takayama-Oocyte,FigS1E_DMRE_140630-6,,GO:0007343,GO:0005737,
734,12-Takayama-Oocyte,FigS1E_DMRE_140707-2,,GO:0007343,GO:0005737,
735,12-Takayama-Oocyte,FigS1E_DMRE_140707-2,,GO:0007343,GO:0005737,
736,12-Takayama-Oocyte,FigS1E_DMRE_140707-3,,GO:0007343,GO:0005737,
737,12-Takayama-Oocyte,FigS1E_DMRE_140707-3,,GO:0007343,GO:0005737,
738,12-Takayama-Oocyte,FigS1F_DMRE_110503-1,,GO:0007343,GO:0005737,
739,12-Takayama-Oocyte,FigS1F_DMRE_110503-1,,GO:0007343,GO:0005737,
740,12-Takayama-Oocyte,FigS1F_DMRE_110503-2,,GO:0007343,GO:0005737,
741,12-Takayama-Oocyte,FigS1F_DMRE_110503-2,,GO:0007343,GO:0005737,
742,12-Takayama-Oocyte,FigS1F_DMRE_110503-3,,GO:0007343,GO:0005737,
743,12-Takayama-Oocyte,FigS1F_DMRE_140619-3,,GO:0007343,GO:0005737,
744,12-Takayama-Oocyte,FigS1F_DMRE_110503-3,,GO:0007343,GO:0005737,
745,12-Takayama-Oocyte,FigS1F_DMRE_140619-3,,GO:0007343,GO:0005737,
746,12-Takayama-Oocyte,FigS1G_DMRE_110131-1,,GO:0007343,GO:0005737,
747,12-Takayama-Oocyte,FigS1G_DMRE_110131-1,,GO:0007343,GO:0005737,
748,12-Takayama-Oocyte,FigS1G_DMRE_110131-2,,GO:0007343,GO:0005737,
749,12-Takayama-Oocyte,FigS1G_DMRE_110131-2,,GO:0007343,GO:0005737,
750,12-Takayama-Oocyte,FigS1G_DMRE_110210-1,,GO:0007343,GO:0005737,
751,12-Takayama-Oocyte,FigS1G_DMRE_110210-1,,GO:0007343,GO:0005737,
752,12-Takayama-Oocyte,FigS1G_DMRE_110210-3,,GO:0007343,GO:0005737,
753,12-Takayama-Oocyte,FigS1G_DMRE_110210-3,,GO:0007343,GO:0005737,
754,12-Takayama-Oocyte,FigS1G_DMRE_110210-4,,GO:0007343,GO:0005737,
755,12-Takayama-Oocyte,FigS1G_DMRE_110210-4,,GO:0007343,GO:0005737,
756,12-Takayama-Oocyte,FigS1G_DMRE_110405-1,,GO:0007343,GO:0005737,
757,12-Takayama-Oocyte,FigS1G_DMRE_110405-1,,GO:0007343,GO:0005737,
758,12-Takayama-Oocyte,FigS1G_DMRE_110405-2,,GO:0007343,GO:0005737,
759,12-Takayama-Oocyte,FigS1G_DMRE_110405-2,,GO:0007343,GO:0005737,
760,12-Takayama-Oocyte,FigS1G_DMRE_110405-3,,GO:0007343,GO:0005737,
761,12-Takayama-Oocyte,FigS1G_DMRE_110405-3,,GO:0007343,GO:0005737,
762,12-Takayama-Oocyte,FigS1G_DMRE_110406-1,,GO:0007343,GO:0005737,
763,12-Takayama-Oocyte,FigS1G_DMRE_110406-1,,GO:0007343,GO:0005737,
764,12-Takayama-Oocyte,FigS1G_DMRE_110406-3,,GO:0007343,GO:0005737,
765,12-Takayama-Oocyte,FigS1G_DMRE_110406-3,,GO:0007343,GO:0005737,
766,12-Takayama-Oocyte,FigS1G_DMRE_110406-4,,GO:0007343,GO:0005737,
767,12-Takayama-Oocyte,FigS1G_DMRE_110406-4,,GO:0007343,GO:0005737,
768,12-Takayama-Oocyte,FigS3C_TiE_121127-4,,GO:0007343,GO:0005737,
769,12-Takayama-Oocyte,FigS3C_TiE_121127-4,,GO:0007343,GO:0005737,
770,12-Takayama-Oocyte,FigS3C_TiE_130320-3,,GO:0007343,GO:0005737,
771,12-Takayama-Oocyte,FigS3C_TiE_130320-3,,GO:0007343,GO:0005737,
772,12-Takayama-Oocyte,FigS3C_TiE_130320-4,,GO:0007343,GO:0005737,
773,12-Takayama-Oocyte,FigS3C_TiE_130320-4,,GO:0007343,GO:0005737,
774,13-Watabe-MolDyn,Ddi_PTEN_LSCM_EXP,,GO:0034613,,
775,13-Watabe-MolDyn,Ddi_PTEN_LSCM_SIM,,GO:0034613,,
776,13-Watabe-MolDyn,NA_TMR_LSCM_SIM,,GO:0034613,,
777,13-Watabe-MolDyn,NA_TMR_TIRFM_SIM,,GO:0034613,,
778,13-Watabe-MolDyn,Rat_ERK_LSCM_EXP,,GO:0034613,,
779,13-Watabe-MolDyn,Rat_ERK_LSCM_SIM,,GO:0034613,,
780,14-Ochiai-MolDynMS2,NMP-R_dCas9_MS2,,GO:0034613,,
781,15-Harima-GeneExp,ct_Mmu_PSM,,,,
782,15-Harima-GeneExp,ct_Mmu_PSM,,,,
783,15-Harima-GeneExp,mu_Mmu_PSM,,,,
784,15-Harima-GeneExp,mu_Mmu_PSM,,,,
785,16-Tanaka-FluidDyn,Movie1,,,,
786,16-Tanaka-FluidDyn,Movie2,,,,
787,16-Tanaka-FluidDyn,Movie3,,,,
788,16-Tanaka-FluidDyn,Movie4,,,,
789,16-Tanaka-FluidDyn,Fig4C_device1,,,,
790,16-Tanaka-FluidDyn,Fig4C_device2,,,,
791,17-Aoki-MolDyn,sample1,,GO:0034613,,
792,17-Aoki-MolDyn,sample2,,GO:0034613,,
793,18-Kunida-MolDynRho,Rac1,,GO:0034613,,
794,18-Kunida-MolDynRho,Cdc42,,GO:0034613,,
795,19-Tanaka-FluidDyn,Video1,,,,
796,20-Azuma-WormMembrane,Membrane.tif,,GO:0009790,GO:0016020,
797,20-Azuma-WormMembrane,Membrane,,GO:0009790,GO:0016020,
798,21-Yasui-MolDynPTEN,pten.tif,,GO:0006935,,
799,21-Yasui-MolDynPTEN,pten1.tif,,GO:0006935,,
800,21-Yasui-MolDynPTEN,pten2.tif,,GO:0006935,,
801,21-Yasui-MolDynPTEN,pten3.tif,,GO:0006935,,
802,21-Yasui-MolDynPTEN,pten4.tif,,GO:0006935,,
803,21-Yasui-MolDynPTEN,pten5.tif,,GO:0006935,,
804,21-Yasui-MolDynPTEN,pten6.tif,,GO:0006935,,
805,21-Yasui-MolDynPTEN,pten7.tif,,GO:0006935,,
806,21-Yasui-MolDynPTEN,3A.tif,,GO:0006935,,
807,21-Yasui-MolDynPTEN,3C.tif,,GO:0006935,,
808,21-Yasui-MolDynPTEN,3E.tif,,GO:0006935,,
809,21-Yasui-MolDynPTEN,3G.tif,,GO:0006935,,
810,21-Yasui-MolDynPTEN,5D.tif,,GO:0006935,,
811,22-Kondo-CellDyn,bnl/fig2_e_1,,,GO:0005623,
812,22-Kondo-CellDyn,bnl/fig2_e_2,,,GO:0005623,
813,22-Kondo-CellDyn,CycA/fig2_d_1,,,GO:0005623,
814,22-Kondo-CellDyn,CycA/fig2_d_2,,,GO:0005623,
815,22-Kondo-CellDyn,CycA/mov3,,,GO:0005623,
816,22-Kondo-CellDyn,CycA_bnl/fig2_f_1,,,GO:0005623,
817,22-Kondo-CellDyn,CycA_bnl/fig2_f_2,,,GO:0005623,
818,22-Kondo-CellDyn,CycA_bnl/mov4,,,GO:0005623,
819,22-Kondo-CellDyn,DEcad-GFP (control)/figS1(a-lower left and rght),,,GO:0005623,
820,22-Kondo-CellDyn,DEcad-GFP (control)/figS1(a-middle left and b),,,GO:0005623,
821,22-Kondo-CellDyn,DEcad-GFP (control)/mov1,,,GO:0005623,
822,22-Kondo-CellDyn,membrane-GFP/mov2,,,GO:0005623,
823,22-Kondo-CellDyn,Par6-GFP (conrol)/figS8a,,,GO:0005623,
824,22-Kondo-CellDyn,rho_bnl/mov6,,,GO:0005623,
825,22-Kondo-CellDyn,rho_CycA/mov11,,,GO:0005623,
826,22-Kondo-CellDyn,rho_CycA_bnl/mov10,,,GO:0005623,
827,23-Shirai-ESCellTissue,06_EL1-2R #8-2 (grid20A)_x012k_N.tif,,,GO:0005623,
828,23-Shirai-ESCellTissue,52_EL1-2R #8-2 (grid19C)_x008k_N.tif,,,GO:0005623,
829,24-Kanemura-iPSCellDyn,Fig2B/Fig.2B_alone_Day*.jpg,,,GO:0005623,
830,24-Kanemura-iPSCellDyn,Fig2B/Fig.2B_co-cultured_Day*.jpg,,,GO:0005623,
831,24-Kanemura-iPSCellDyn,Fig3C/Fig.3C_IgG_Day*.jpg,,,GO:0005623,
832,24-Kanemura-iPSCellDyn,Fig3C/Fig.3C_PEDF_Ab_Day*.jpg,,,GO:0005623,
833,25-Ke-SeeDB,Fig3A-MovieS1/120724 fructose cortex .oib,,,,
834,25-Ke-SeeDB,Fig3B/120724 scale cortex 5.oib,,,,
835,25-Ke-SeeDB,Fig3C-MovieS2/130518 P72 dv-2.oib,,,,
836,25-Ke-SeeDB,Fig3C-MovieS2/130518 P72 dv-3.oib,,,,
837,25-Ke-SeeDB,Fig3D-MovieS3/130518 P72 xy-2 wide.oib,,,,
838,25-Ke-SeeDB,Fig3E-MovieS4-S5/Image0009_01.oif,,,,
839,25-Ke-SeeDB,Fig4-MovieS11-S13/130426 #23 test3 wide-3.oib,,,,
840,25-Ke-SeeDB,Fig5C/120630 120625 injE Thy1-Y young L.oib,,,,
841,25-Ke-SeeDB,Fig5C/120630 120625 injG Thy1-Y young L.oib,,,,
842,25-Ke-SeeDB,Fig5C/mitral cell distribution-1.oib,,,,
843,25-Ke-SeeDB,Fig5C/mitral cell distribution-2.oib,,,,
844,25-Ke-SeeDB,Fig5C/mitral cell distribution-3.oib,,,,
845,25-Ke-SeeDB,Fig5C/mitral cell distribution-4.oib,,,,
846,25-Ke-SeeDB,Fig5C/mitral cell distribution-5.oib,,,,
847,25-Ke-SeeDB,Fig6A-MovieS14/120702 120625 injC OMP-GFP R (fliop).oif,,,,
848,25-Ke-SeeDB,FigS9/120705-1_02-2.oib,,,,
849,25-Ke-SeeDB,FigS10A-MovieS6/130518 P72 ml-1.oif,,,,
850,25-Ke-SeeDB,FigS10B-MovieS7/130518 P72 yz-1.oib,,,,
851,25-Ke-SeeDB,FigS11A/left side/C.oif,,,,
852,25-Ke-SeeDB,FigS11A/left side/L_01.oif,,,,
853,25-Ke-SeeDB,FigS11A/left side/L_02.oif,,,,
854,25-Ke-SeeDB,FigS11A/left side/L_03.oif,,,,
855,25-Ke-SeeDB,FigS11A/left side/L_04.oif,,,,
856,25-Ke-SeeDB,FigS11A/left side/L_05.oif,,,,
857,25-Ke-SeeDB,FigS11A/left side/L_06.oif,,,,
858,25-Ke-SeeDB,FigS11A/left side/L_07.oif,,,,
859,25-Ke-SeeDB,FigS11A/left side/L_08.oif,,,,
860,25-Ke-SeeDB,FigS11A/left side/L_09.oif,,,,
861,25-Ke-SeeDB,FigS11A/left side/L_10.oif,,,,
862,25-Ke-SeeDB,FigS11A/left side/L_11.oif,,,,
863,25-Ke-SeeDB,FigS11A/left side/L_12.oif,,,,
864,25-Ke-SeeDB,FigS11A/left side/L_13.oif,,,,
865,25-Ke-SeeDB,FigS11A/left side/L.oif,,,,
866,25-Ke-SeeDB,FigS11A/right side/C.oib,,,,
867,25-Ke-SeeDB,FigS11A/right side/R1.oib,,,,
868,25-Ke-SeeDB,FigS11A/right side/R2.oib,,,,
869,25-Ke-SeeDB,FigS11A/right side/R3.oib,,,,
870,25-Ke-SeeDB,FigS11A/right side/R4.oib,,,,
871,25-Ke-SeeDB,FigS11A/right side/R5.oib,,,,
872,25-Ke-SeeDB,FigS11A/right side/R6.oib,,,,
873,25-Ke-SeeDB,FigS11A/right side/R7.oib,,,,
874,25-Ke-SeeDB,FigS11A/right side/R8.oib,,,,
875,25-Ke-SeeDB,FigS11A/right side/R9.oib,,,,
876,25-Ke-SeeDB,FigS11A/right side/R10.oib,,,,
877,25-Ke-SeeDB,FigS11A/right side/R11.oib,,,,
878,25-Ke-SeeDB,FigS11A/right side/R12.oib,,,,
879,25-Ke-SeeDB,FigS11A/right side/R13.oib,,,,
880,25-Ke-SeeDB,FigS11A/right side/R14.oib,,,,
881,25-Ke-SeeDB,FigS11B/121127 P21 x-y 10um 16.oif,,,,
882,25-Ke-SeeDB,FigS11C-MovieS8-S9/R7-512.oib,,,,
883,25-Ke-SeeDB,FigS12-MovieS10/120620 2PLM P21 Thy1-YFP OB tiling-2.oif,,,,
884,25-Ke-SeeDB,MovieS12/130430 2color test5 wide.oib,,,,
885,26-Kinoshita-iPSCellDyn,1302026CEtimelaps.lsm,,,GO:0005623,
886,26-Kinoshita-iPSCellDyn,NReye cup3.lsm,,,GO:0005623,
887,27-Iwasaki-iPSCellDyn,DD7-1.tif,,,GO:0005623,
888,27-Iwasaki-iPSCellDyn,DD7-2.tif,,,GO:0005623,
889,27-Iwasaki-iPSCellDyn,DD7-3.tif,,,GO:0005623,
890,27-Iwasaki-iPSCellDyn,DD11-1.tif,,,GO:0005623,
891,27-Iwasaki-iPSCellDyn,DD11-2.tif,,,GO:0005623,
892,27-Iwasaki-iPSCellDyn,DD16.tif,,,GO:0005623,
893,27-Iwasaki-iPSCellDyn,DD26-1.tif,,,GO:0005623,
894,27-Iwasaki-iPSCellDyn,DD26-2.tif,,,GO:0005623,
895,27-Iwasaki-iPSCellDyn,DD29.tif,,,GO:0005623,
896,27-Iwasaki-iPSCellDyn,20151228_1142_35_20151211slideglass_1a_SA-MAG_X4000_002_M.bmp,,,GO:0005623,
897,27-Iwasaki-iPSCellDyn,20151228_1358_57_20151211slideglass_1a_SA-MAG_X15k_009_M.bmp,,,GO:0005623,
898,27-Iwasaki-iPSCellDyn,20151228_1417_43_20151211slideglass_1a_SA-MAG_X50k_011_M.bmp,,,GO:0005623,
899,27-Iwasaki-iPSCellDyn,20151228_1619_18_20151211slideglass_1a_SA-MAG_X50k_021_M.bmp,,,GO:0005623,
900,28-Assawachananont-iPSCellTissue,20130412_1715_58_Graft4th_x8000.tif,,,GO:0005623,
901,28-Assawachananont-iPSCellTissue,20130412_1720_44_Graft4th_x8000.tif,,,GO:0005623,
902,28-Assawachananont-iPSCellTissue,20130414_1115_04_Graft4th_x2500.tif,,,GO:0005623,
903,28-Assawachananont-iPSCellTissue,20130414_1123_53_Graft4th_x12k.tif,,,GO:0005623,
904,28-Assawachananont-iPSCellTissue,20130414_1136_09_Graft4th_x6000.tif,,,GO:0005623,
905,28-Assawachananont-iPSCellTissue,20130414_1141_25_Graft4th_x12k.tif,,,GO:0005623,
906,28-Assawachananont-iPSCellTissue,20130414_1156_50_Graft4th_x800.tif,,,GO:0005623,
907,28-Assawachananont-iPSCellTissue,20130414_1213_18_Graft4th_x4000.tif,,,GO:0005623,
908,29-Ke-SeeDB2,Fig2F/150110 0-120um 1x2 tiling HQ.oib,,,,
909,29-Ke-SeeDB2,Fig3E/150110 PBS 3color DAPI-GFP-mitotracker cell1 0-15510nm_Structured Illumination.czi,,,,
910,29-Ke-SeeDB2,Fig3E/150110 SeeT 3color DAPI-GFP-mitotracker 0-11110nm_Structured Illumination.czi,,,,
911,29-Ke-SeeDB2,Fig3F-MovieS2/141203 LMT 005 cell1 with z(1).oif,,,,
912,29-Ke-SeeDB2,Fig3F-MovieS2/Fig3F-PBS MT+ACA 141222 control-3 full.czi,,,,
913,29-Ke-SeeDB2,Fig5-MovieS4/141224 SeeDB2S 0-100um TEST_Airyscan_6_Airyscan Processing.czi,,,,
914,29-Ke-SeeDB2,Fig6/NR1 KO/150602 EP693 NR1 KO #2  cell15 oblique-a_Out.czi,,,,
915,29-Ke-SeeDB2,Fig6/NR1 KO/150602 EP693 NR1 KO #2  cell15 oblique-b_Out.czi,,,,
916,29-Ke-SeeDB2,Fig6/NR1 KO/150602 EP693 NR1 KO #2  cell15 oblique-c_Out.czi,,,,
917,29-Ke-SeeDB2,Fig6/NR1 KO/150602 EP693 NR1 KO #2  cell15 oblique-d_Out.czi,,,,
918,29-Ke-SeeDB2,Fig6/NR1 KO/150608 EP693 NR1 KO #2  cell18 oblique-a_Out.czi,,,,
919,29-Ke-SeeDB2,Fig6/NR1 KO/150608 EP693 NR1 KO #2  cell18 oblique-b_Out.czi,,,,
920,29-Ke-SeeDB2,Fig6/NR1 KO/150608 EP693 NR1 KO #2  cell18 oblique-c_Out.czi,,,,
921,29-Ke-SeeDB2,Fig6/NR1 KO/150608 EP693 NR1 KO #2  cell18 oblique-d_Out.czi,,,,
922,29-Ke-SeeDB2,Fig6/NR1 KO/150608 EP693 NR1 KO #3  cell19 oblique-a_Out.czi,,,,
923,29-Ke-SeeDB2,Fig6/NR1 KO/150608 EP693 NR1 KO #3  cell19 oblique-b_Out.czi,,,,
924,29-Ke-SeeDB2,Fig6/NR1 KO/150608 EP693 NR1 KO #3  cell19 oblique-c_Out.czi,,,,
925,29-Ke-SeeDB2,Fig6/NR1 KO/150608 EP693 NR1 KO #3  cell19 oblique2&3-b_Out.czi,,,,
926,29-Ke-SeeDB2,Fig6/NR1 KO/150608 EP693 NR1 KO #3  cell19 oblique2-a_Out.czi,,,,
927,29-Ke-SeeDB2,Fig6/NR1 KO/150608 EP693 NR1 KO #3  cell19 oblique2-c_Out.czi,,,,
928,29-Ke-SeeDB2,Fig6/NR1 KO/150608 EP693 NR1 KO #3  cell19 oblique3-c_Out.czi,,,,
929,29-Ke-SeeDB2,Fig6/NR1 KO/150624 EP693 NR1 KO #2  cell34 oblique-a_Out.czi,,,,
930,29-Ke-SeeDB2,Fig6/NR1 KO/150624 EP693 NR1 KO #2  cell34 oblique-b1_Out.czi,,,,
931,29-Ke-SeeDB2,Fig6/NR1 KO/150624 EP693 NR1 KO #2  cell34 oblique-b2_Out.czi,,,,
932,29-Ke-SeeDB2,Fig6/NR1 KO/150624 EP693 NR1 KO #2  cell34 oblique-c2_Out.czi,,,,
933,29-Ke-SeeDB2,Fig6/NR1 KO/150624 EP693 NR1 KO #2  cell34 oblique-d2_Out.czi,,,,
934,29-Ke-SeeDB2,Fig6/NR1 KO/150624 EP693 NR1 KO #2  cell35 oblique-a2_Out.czi,,,,
935,29-Ke-SeeDB2,Fig6/NR1 KO/150624 EP693 NR1 KO #2  cell35 oblique-a_Out.czi,,,,
936,29-Ke-SeeDB2,Fig6/NR1 KO/150624 EP693 NR1 KO #2  cell35 oblique-b2_Out.czi,,,,
937,29-Ke-SeeDB2,Fig6/NR1 KO/150624 EP693 NR1 KO #2  cell35 oblique-b_Out.czi,,,,
938,29-Ke-SeeDB2,Fig6/NR1 KO/150624 EP693 NR1 KO #2  cell35 oblique-c_Out.czi,,,,
939,29-Ke-SeeDB2,Fig6/NR1 KO/150624 EP693 NR1 KO #2  cell36 oblique-a_Out.czi,,,,
940,29-Ke-SeeDB2,Fig6/NR1 KO/150624 EP693 NR1 KO #2  cell36 oblique-b_Out.czi,,,,
941,29-Ke-SeeDB2,Fig6/NR1 KO/150624 EP693 NR1 KO #2  cell36 oblique-c_Out.czi,,,,
942,29-Ke-SeeDB2,Fig6/NR1 KO/150624 EP693 NR1 KO #2  cell36 oblique-d_Out.czi,,,,
943,29-Ke-SeeDB2,Fig6/wt/150519 EP695 NR1 ctrl cell2 oblique-a_Out.czi,,,,
944,29-Ke-SeeDB2,Fig6/wt/150519 EP695 NR1 ctrl cell2 oblique-b_Out.czi,,,,
945,29-Ke-SeeDB2,Fig6/wt/150519 EP695 NR1 ctrl cell2 oblique-c_Out.czi,,,,
946,29-Ke-SeeDB2,Fig6/wt/150519 EP695 NR1 ctrl cell2 oblique-d_Out.czi,,,,
947,29-Ke-SeeDB2,Fig6/wt/150604 EP695 NR1 ctrl #2 cell3 oblique2-a_Out.czi,,,,
948,29-Ke-SeeDB2,Fig6/wt/150604 EP695 NR1 ctrl #2 cell3 oblique2-b_Out.czi,,,,
949,29-Ke-SeeDB2,Fig6/wt/150604 EP695 NR1 ctrl #2 cell3 oblique2-c_Out.czi,,,,
950,29-Ke-SeeDB2,Fig6/wt/150604 EP695 NR1 ctrl #2 cell5 oblique 1+2-a_Out.czi,,,,
951,29-Ke-SeeDB2,Fig6/wt/150604 EP695 NR1 ctrl #2 cell5 oblique-b_Out.czi,,,,
952,29-Ke-SeeDB2,Fig6/wt/150604 EP695 NR1 ctrl #2 cell5 oblique-c_Out.czi,,,,
953,29-Ke-SeeDB2,Fig6/wt/150608 EP695 NR1 ctrl #2 cell6 oblique-a_Out.czi,,,,
954,29-Ke-SeeDB2,Fig6/wt/150608 EP695 NR1 ctrl #2 cell6 oblique-b_Out.czi,,,,
955,29-Ke-SeeDB2,Fig6/wt/150608 EP695 NR1 ctrl #2 cell6 oblique-c_Out.czi,,,,
956,29-Ke-SeeDB2,Fig6/wt/150608 EP695 NR1 ctrl #2 cell6 oblique-d_Out.czi,,,,
957,29-Ke-SeeDB2,Fig7A/Fig7A 63xGly vectasheld.lif,,,,
958,29-Ke-SeeDB2,Fig7A/Fig7A 63xGlyc.lif,,,,
959,29-Ke-SeeDB2,Fig7B-MovieS6/63xGlyc 4x2 tiling.lif,,,,
960,29-Ke-SeeDB2,Fig7F-G-MovieS7/right3_10AU_010int_Out_Subset 21-152_Subset x trim_Subset M10-2.lsm,,,,
961,29-Ke-SeeDB2,FigS3A-MovieS1/01 FIX tiling merged.lif,,,,
962,29-Ke-SeeDB2,FigS3B/140620 E9 H2B-G 13x11.oib,,,,
963,29-Ke-SeeDB2,FigS3C/150111 I7-CFP.lif,,,,
964,29-Ke-SeeDB2,FigS3D/intestine.oib,,,,
965,29-Ke-SeeDB2,FigS3D/liver.oif,,,,
966,30-Inomata-CellDyn,EG-Chd.avi,,,,
967,30-Inomata-CellDyn,EG-Nog.avi,,,,
968,30-Inomata-CellDyn,EG-Szl.avi,,,,
969,30-Inomata-CellDyn,EG-TM.avi,,,,
970,30-Inomata-CellDyn,EG.avi,,,,
971,31-Matsuda-SigDyn,Matsuda2012fig5A_WT,,,,
972,31-Matsuda-SigDyn,Matsuda2012fig5A_Trigger,,,,
973,31-Matsuda-SigDyn,Matsuda2012fig5C,,,,
974,32-Matsuda-SigDyn,Matsuda2015fig2-Merge.stk,,,,
975,32-Matsuda-SigDyn,Matsuda2015fig2-PH.stk,,,,
976,33-Yamao-MolDynRho,CDC42_*_*.tif,,GO:0034613,,
977,33-Yamao-MolDynRho,CDC42_*_*.tif,,GO:0034613,,
978,33-Yamao-MolDynRho,CDC42_*_*.tif,,GO:0034613,,
979,33-Yamao-MolDynRho,CDC42_*_*.tif,,GO:0034613,,
980,33-Yamao-MolDynRho,CDC42_*_*.tif,,GO:0034613,,
981,33-Yamao-MolDynRho,CDC42_*_*.tif,,GO:0034613,,
982,33-Yamao-MolDynRho,CDC42_*_*.tif,,GO:0034613,,
983,33-Yamao-MolDynRho,CDC42_*_*.tif,,GO:0034613,,
984,33-Yamao-MolDynRho,CDC42_*_*.tif,,GO:0034613,,
985,33-Yamao-MolDynRho,CDC42_*_*.tif,,GO:0034613,,
986,33-Yamao-MolDynRho,CDC42_*_*.tif,,GO:0034613,,
987,33-Yamao-MolDynRho,RAC1_*_*.tif,,GO:0034613,,
988,33-Yamao-MolDynRho,RAC1_*_*.tif,,GO:0034613,,
989,33-Yamao-MolDynRho,RAC1_*_*.tif,,GO:0034613,,
990,33-Yamao-MolDynRho,RAC1_*_*.tif,,GO:0034613,,
991,33-Yamao-MolDynRho,RAC1_*_*.tif,,GO:0034613,,
992,33-Yamao-MolDynRho,RAC1_*_*.tif,,GO:0034613,,
993,33-Yamao-MolDynRho,RAC1_*_*.tif,,GO:0034613,,
994,33-Yamao-MolDynRho,RAC1_*_*.tif,,GO:0034613,,
995,34-Hayashi-CellDynSDSRM,Fig5_Imported From Huygens_Lamp1-SDSRMSTDdecon_converted_ch00.tif,,,GO:0043226,
996,34-Hayashi-CellDynSDSRM,Fig6_Imported From Huygens_Rab11-SDSRM-Deconv_ch00.tif,,,GO:0043226,
997,34-Hayashi-CellDynSDSRM,Fig8_Imported From Huygens_TOMM8_cmle_converted.tif,,,GO:0043226,
998,35-Yonemura-CellDyn,906/*.tif,,,GO:0005623,
999,35-Yonemura-CellDyn,EpH4/*.tif,,,GO:0005623,
1000,35-Yonemura-CellDyn,MDCK/*.tif,,,GO:0005623,
1001,36-Torisawa-MolDynEg5,151222_Eg5-MT-network_chamber02(normal)_00h04min.tif,,,GO:0005874,
1002,36-Torisawa-MolDynEg5,151209_Eg5-MT-network_chamber04_00h04min.tif,,,GO:0005874,
1003,36-Torisawa-MolDynEg5,151209_Eg5-MT-network_chamber02_00h04min.tif,,,GO:0005874,
1004,37-Arata-MolDynPar2,wtPAR-2.tiff,,GO:0034613,,
1005,37-Arata-MolDynPar2,wtPAR-2_RBKL.xlsx,,GO:0034613,,
1006,37-Arata-MolDynPar2,wtPAR-2pkc-3.tiff,,GO:0034613,,
1007,37-Arata-MolDynPar2,wtPAR-2pkc-3RBKL.xlsx,,GO:0034613,,
1008,37-Arata-MolDynPar2,pmPAR-2.tiff,,GO:0034613,,
1009,37-Arata-MolDynPar2,pmPAR-2_RBKL.xlsx,,GO:0034613,,
1010,38-Inoue-ShellStruct,Damesites_intensified/ダメシ_隔壁,,,,
1011,38-Inoue-ShellStruct,Damesites_normal/ダメシ_通常,,,,
1012,38-Inoue-ShellStruct,Gaudryceras_intensified/ゴードリ_隔壁強調,,,,
1013,38-Inoue-ShellStruct,Gaudryceras_normal/ゴードリ_通常,,,,
1014,38-Inoue-ShellStruct,Metaplacenticeras_normal/メタプラ,,,,
1015,38-Inoue-ShellStruct,Neophylloceras_intensified/ネオフィロ_隔壁,,,,
1016,38-Inoue-ShellStruct,Neophylloceras_normal/ネオフィロ_通常,,,,
1017,39-Shibata-MolDynPTEN,image2.tiff,,GO:0034613,,
1018,39-Shibata-MolDynPTEN,Fig1B_edge.txt,,GO:0034613,,
1019,39-Shibata-MolDynPTEN,image1.tiff,,GO:0034613,,
1020,39-Shibata-MolDynPTEN,Fig1C_edge.txt,,GO:0034613,,
1021,40-Sakakibara-KTDyn,2014-02-28(Young)(BDF1_check_PMSG-200ul)(0.55percent).mdb/_L13_R{1-250}.lsm,,GO:0007127,GO:0000776; GO:0005694,
1022,40-Sakakibara-KTDyn,2014-03-15(Aging)(16mo-BDF1-cageB_#1-13+#14-)(11142012bd-cageB).mdb/_L14_R{1-250}.lsm,,GO:0007127,GO:0000776; GO:0005694,
1023,40-Sakakibara-KTDyn,rawLSMfiles/_L3_R{1-344}.lsm,,GO:0007127,GO:0000776; GO:0005694,
1024,40-Sakakibara-KTDyn,(result)raw-KT_position.txt,,GO:0007127,GO:0000776; GO:0005694,
1025,41-Hirata-XChrHiC,chromosomex201607051050rp1.csv,,,,
1026,41-Hirata-XChrHiC,chromosomex201607051050rp2.csv,,,,
1027,41-Hirata-XChrHiC,chromosomex201607051050rp3.csv,,,,
1028,41-Hirata-XChrHiC,chromosomex201607051050rp4.csv,,,,
1029,41-Hirata-XChrHiC,chromosomex201607051050rp5.csv,,,,
1030,41-Hirata-XChrHiC,chromosomex201607051050rp6.csv,,,,
1031,41-Hirata-XChrHiC,chromosomex201607051050rp7.csv,,,,
1032,41-Hirata-XChrHiC,chromosomex201607051050rp8.csv,,,,
1033,41-Hirata-XChrHiC,chromosomex201607051050rp9.csv,,,,
1034,41-Hirata-XChrHiC,chromosomex201607051050rp10.csv,,,,
1035,41-Hirata-XChrHiC,chromosomex201607051050rpe.csv,,,,
1036,42-Hayashi-NeuronalCellDyn,Figure3/retro_unix.txt,,GO:0098930,GO:0005768,
1037,42-Hayashi-NeuronalCellDyn,Figure4/antero_unix.txt,,GO:0098930,GO:0005768,
1038,42-Hayashi-NeuronalCellDyn,Figure5/retrograde/retro-1_unix.txt,,GO:0098930,GO:0005768,
1039,42-Hayashi-NeuronalCellDyn,Figure5/retrograde/retro-2_unix.txt,,GO:0098930,GO:0005768,
1040,42-Hayashi-NeuronalCellDyn,Figure5/retrograde/retro-3_unix.txt,,GO:0098930,GO:0005768,
1041,42-Hayashi-NeuronalCellDyn,Figure5/retrograde/retro-4_unix.txt,,GO:0098930,GO:0005768,
1042,42-Hayashi-NeuronalCellDyn,Figure5/retrograde/retro-5_unix.txt,,GO:0098930,GO:0005768,
1043,42-Hayashi-NeuronalCellDyn,Figure5/retrograde/retro-6_unix.txt,,GO:0098930,GO:0005768,
1044,42-Hayashi-NeuronalCellDyn,Figure5/retrograde/retro-7_unix.txt,,GO:0098930,GO:0005768,
1045,42-Hayashi-NeuronalCellDyn,Figure5/retrograde/retro-8_unix.txt,,GO:0098930,GO:0005768,
1046,42-Hayashi-NeuronalCellDyn,Figure5/retrograde/retro-9_unix.txt,,GO:0098930,GO:0005768,
1047,42-Hayashi-NeuronalCellDyn,Figure5/retrograde/retro-10_unix.txt,,GO:0098930,GO:0005768,
1048,42-Hayashi-NeuronalCellDyn,Figure5/retrograde/retro-11_unix.txt,,GO:0098930,GO:0005768,
1049,42-Hayashi-NeuronalCellDyn,Figure5/retrograde/retro-12_unix.txt,,GO:0098930,GO:0005768,
1050,42-Hayashi-NeuronalCellDyn,Figure5/retrograde/retro-13_unix.txt,,GO:0098930,GO:0005768,
1051,42-Hayashi-NeuronalCellDyn,Figure5/retrograde/retro-14_unix.txt,,GO:0098930,GO:0005768,
1052,42-Hayashi-NeuronalCellDyn,Figure5/retrograde/retro-15_unix.txt,,GO:0098930,GO:0005768,
1053,42-Hayashi-NeuronalCellDyn,Figure5/retrograde/retro-16_unix.txt,,GO:0098930,GO:0005768,
1054,42-Hayashi-NeuronalCellDyn,Figure5/retrograde/retro-17_unix.txt,,GO:0098930,GO:0005768,
1055,42-Hayashi-NeuronalCellDyn,Figure5/retrograde/retro-18_unix.txt,,GO:0098930,GO:0005768,
1056,42-Hayashi-NeuronalCellDyn,Figure5/retrograde/retro-19_unix.txt,,GO:0098930,GO:0005768,
1057,42-Hayashi-NeuronalCellDyn,Figure5/retrograde/retro-20_unix.txt,,GO:0098930,GO:0005768,
1058,42-Hayashi-NeuronalCellDyn,Figure5/retrograde/retro-21_unix.txt,,GO:0098930,GO:0005768,
1059,42-Hayashi-NeuronalCellDyn,Figure5/retrograde/retro-22_unix.txt,,GO:0098930,GO:0005768,
1060,42-Hayashi-NeuronalCellDyn,Figure5/retrograde/retro-23_unix.txt,,GO:0098930,GO:0005768,
1061,42-Hayashi-NeuronalCellDyn,Figure5/retrograde/retro-24_unix.txt,,GO:0098930,GO:0005768,
1062,42-Hayashi-NeuronalCellDyn,Figure5/retrograde/retro-25_unix.txt,,GO:0098930,GO:0005768,
1063,42-Hayashi-NeuronalCellDyn,Figure5/retrograde/retro-26_unix.txt,,GO:0098930,GO:0005768,
1064,42-Hayashi-NeuronalCellDyn,Figure5/retrograde/retro-27_unix.txt,,GO:0098930,GO:0005768,
1065,42-Hayashi-NeuronalCellDyn,Figure5/retrograde/retro-28_unix.txt,,GO:0098930,GO:0005768,
1066,42-Hayashi-NeuronalCellDyn,Figure5/retrograde/retro-29_unix.txt,,GO:0098930,GO:0005768,
1067,42-Hayashi-NeuronalCellDyn,Figure5/retrograde/retro-30_unix.txt,,GO:0098930,GO:0005768,
1068,42-Hayashi-NeuronalCellDyn,Figure5/retrograde/retro-31_unix.txt,,GO:0098930,GO:0005768,
1069,42-Hayashi-NeuronalCellDyn,Figure5/retrograde/retro-32_unix.txt,,GO:0098930,GO:0005768,
1070,42-Hayashi-NeuronalCellDyn,Figure5/retrograde/retro-33_unix.txt,,GO:0098930,GO:0005768,
1071,42-Hayashi-NeuronalCellDyn,Figure5/retrograde/retro-34_unix.txt,,GO:0098930,GO:0005768,
1072,42-Hayashi-NeuronalCellDyn,Figure5/retrograde/retro-35_unix.txt,,GO:0098930,GO:0005768,
1073,42-Hayashi-NeuronalCellDyn,Figure5/retrograde/retro-36_unix.txt,,GO:0098930,GO:0005768,
1074,42-Hayashi-NeuronalCellDyn,Figure5/retrograde/retro-37_unix.txt,,GO:0098930,GO:0005768,
1075,42-Hayashi-NeuronalCellDyn,Figure5/retrograde/retro-38_unix.txt,,GO:0098930,GO:0005768,
1076,42-Hayashi-NeuronalCellDyn,Figure5/retrograde/retro-39_unix.txt,,GO:0098930,GO:0005768,
1077,42-Hayashi-NeuronalCellDyn,Figure5/retrograde/retro-40_unix.txt,,GO:0098930,GO:0005768,
1078,42-Hayashi-NeuronalCellDyn,Figure5/retrograde/retro-41_unix.txt,,GO:0098930,GO:0005768,
1079,42-Hayashi-NeuronalCellDyn,Figure5/retrograde/retro-42_unix.txt,,GO:0098930,GO:0005768,
1080,42-Hayashi-NeuronalCellDyn,Figure5/retrograde/retro-43_unix.txt,,GO:0098930,GO:0005768,
1081,42-Hayashi-NeuronalCellDyn,Figure5/retrograde/retro-44_unix.txt,,GO:0098930,GO:0005768,
1082,42-Hayashi-NeuronalCellDyn,Figure5/retrograde/retro-45_unix.txt,,GO:0098930,GO:0005768,
1083,42-Hayashi-NeuronalCellDyn,Figure5/retrograde/retro-46_unix.txt,,GO:0098930,GO:0005768,
1084,42-Hayashi-NeuronalCellDyn,Figure5/retrograde/retro-47_unix.txt,,GO:0098930,GO:0005768,
1085,42-Hayashi-NeuronalCellDyn,Figure5/retrograde/retro-48_unix.txt,,GO:0098930,GO:0005768,
1086,42-Hayashi-NeuronalCellDyn,Figure5/retrograde/retro-49_unix.txt,,GO:0098930,GO:0005768,
1087,42-Hayashi-NeuronalCellDyn,Figure5/retrograde/retro-50_unix.txt,,GO:0098930,GO:0005768,
1088,42-Hayashi-NeuronalCellDyn,Figure5/retrograde/retro-51_unix.txt,,GO:0098930,GO:0005768,
1089,42-Hayashi-NeuronalCellDyn,Figure5/retrograde/retro-52_unix.txt,,GO:0098930,GO:0005768,
1090,42-Hayashi-NeuronalCellDyn,Figure5/retrograde/retro-53_unix.txt,,GO:0098930,GO:0005768,
1091,42-Hayashi-NeuronalCellDyn,Figure5/retrograde/retro-54_unix.txt,,GO:0098930,GO:0005768,
1092,42-Hayashi-NeuronalCellDyn,Figure5/retrograde/retro-55_unix.txt,,GO:0098930,GO:0005768,
1093,42-Hayashi-NeuronalCellDyn,Figure5/retrograde/retro-56_unix.txt,,GO:0098930,GO:0005768,
1094,42-Hayashi-NeuronalCellDyn,Figure5/retrograde/retro-57_unix.txt,,GO:0098930,GO:0005768,
1095,42-Hayashi-NeuronalCellDyn,Figure5/retrograde/retro-58_unix.txt,,GO:0098930,GO:0005768,
1096,42-Hayashi-NeuronalCellDyn,Figure5/retrograde/retro-59_unix.txt,,GO:0098930,GO:0005768,
1097,42-Hayashi-NeuronalCellDyn,Figure5/retrograde/retro-60_unix.txt,,GO:0098930,GO:0005768,
1098,42-Hayashi-NeuronalCellDyn,Figure5/retrograde/retro-61_unix.txt,,GO:0098930,GO:0005768,
1099,42-Hayashi-NeuronalCellDyn,Figure5/retrograde/retro-62_unix.txt,,GO:0098930,GO:0005768,
1100,42-Hayashi-NeuronalCellDyn,Figure5/retrograde/retro-63_unix.txt,,GO:0098930,GO:0005768,
1101,42-Hayashi-NeuronalCellDyn,Figure5/retrograde/retro-64_unix.txt,,GO:0098930,GO:0005768,
1102,42-Hayashi-NeuronalCellDyn,Figure5/retrograde/retro-65_unix.txt,,GO:0098930,GO:0005768,
1103,42-Hayashi-NeuronalCellDyn,Figure5/retrograde/retro-66_unix.txt,,GO:0098930,GO:0005768,
1104,42-Hayashi-NeuronalCellDyn,Figure5/retrograde/retro-67_unix.txt,,GO:0098930,GO:0005768,
1105,42-Hayashi-NeuronalCellDyn,Figure5/retrograde/retro-68_unix.txt,,GO:0098930,GO:0005768,
1106,42-Hayashi-NeuronalCellDyn,Figure5/retrograde/retro-69_unix.txt,,GO:0098930,GO:0005768,
1107,42-Hayashi-NeuronalCellDyn,Figure5/retrograde/retro-70_unix.txt,,GO:0098930,GO:0005768,
1108,42-Hayashi-NeuronalCellDyn,Figure5/retrograde/retro-71_unix.txt,,GO:0098930,GO:0005768,
1109,42-Hayashi-NeuronalCellDyn,Figure5/retrograde/retro-72_unix.txt,,GO:0098930,GO:0005768,
1110,42-Hayashi-NeuronalCellDyn,Figure5/retrograde/retro-73_unix.txt,,GO:0098930,GO:0005768,
1111,42-Hayashi-NeuronalCellDyn,Figure5/retrograde/retro-74_unix.txt,,GO:0098930,GO:0005768,
1112,42-Hayashi-NeuronalCellDyn,Figure5/retrograde/retro-75_unix.txt,,GO:0098930,GO:0005768,
1113,42-Hayashi-NeuronalCellDyn,Figure5/retrograde/retro-76_unix.txt,,GO:0098930,GO:0005768,
1114,42-Hayashi-NeuronalCellDyn,Figure5/retrograde/retro-77_unix.txt,,GO:0098930,GO:0005768,
1115,42-Hayashi-NeuronalCellDyn,Figure5/retrograde/retro-78_unix.txt,,GO:0098930,GO:0005768,
1116,42-Hayashi-NeuronalCellDyn,Figure5/retrograde/retro-79_unix.txt,,GO:0098930,GO:0005768,
1117,42-Hayashi-NeuronalCellDyn,Figure5/retrograde/retro-80_unix.txt,,GO:0098930,GO:0005768,
1118,42-Hayashi-NeuronalCellDyn,Figure5/retrograde/retro-81_unix.txt,,GO:0098930,GO:0005768,
1119,42-Hayashi-NeuronalCellDyn,Figure5/retrograde/retro-82_unix.txt,,GO:0098930,GO:0005768,
1120,42-Hayashi-NeuronalCellDyn,Figure5/retrograde/retro-83_unix.txt,,GO:0098930,GO:0005768,
1121,42-Hayashi-NeuronalCellDyn,Figure5/retrograde/retro-84_unix.txt,,GO:0098930,GO:0005768,
1122,42-Hayashi-NeuronalCellDyn,Figure5/retrograde/retro-85_unix.txt,,GO:0098930,GO:0005768,
1123,42-Hayashi-NeuronalCellDyn,Figure5/retrograde/retro-86_unix.txt,,GO:0098930,GO:0005768,
1124,42-Hayashi-NeuronalCellDyn,Figure5/retrograde/retro-87_unix.txt,,GO:0098930,GO:0005768,
1125,42-Hayashi-NeuronalCellDyn,Figure5/retrograde/retro-88_unix.txt,,GO:0098930,GO:0005768,
1126,42-Hayashi-NeuronalCellDyn,Figure5/retrograde/retro-89_unix.txt,,GO:0098930,GO:0005768,
1127,42-Hayashi-NeuronalCellDyn,Figure5/retrograde/retro-90_unix.txt,,GO:0098930,GO:0005768,
1128,42-Hayashi-NeuronalCellDyn,Figure5/retrograde/retro-91_unix.txt,,GO:0098930,GO:0005768,
1129,42-Hayashi-NeuronalCellDyn,Figure5/retrograde/retro-92_unix.txt,,GO:0098930,GO:0005768,
1130,42-Hayashi-NeuronalCellDyn,Figure5/retrograde/retro-93_unix.txt,,GO:0098930,GO:0005768,
1131,42-Hayashi-NeuronalCellDyn,Figure5/retrograde/retro-94_unix.txt,,GO:0098930,GO:0005768,
1132,42-Hayashi-NeuronalCellDyn,Figure5/retrograde/retro-95_unix.txt,,GO:0098930,GO:0005768,
1133,42-Hayashi-NeuronalCellDyn,Figure5/retrograde/retro-96_unix.txt,,GO:0098930,GO:0005768,
1134,42-Hayashi-NeuronalCellDyn,Figure5/retrograde/retro-97_unix.txt,,GO:0098930,GO:0005768,
1135,42-Hayashi-NeuronalCellDyn,Figure5/retrograde/retro-98_unix.txt,,GO:0098930,GO:0005768,
1136,42-Hayashi-NeuronalCellDyn,Figure5/retrograde/retro-99_unix.txt,,GO:0098930,GO:0005768,
1137,42-Hayashi-NeuronalCellDyn,Figure5/retrograde/retro-100_unix.txt,,GO:0098930,GO:0005768,
1138,42-Hayashi-NeuronalCellDyn,Figure5/retrograde/retro-101_unix.txt,,GO:0098930,GO:0005768,
1139,42-Hayashi-NeuronalCellDyn,Figure5/retrograde/retro-102_unix.txt,,GO:0098930,GO:0005768,
1140,42-Hayashi-NeuronalCellDyn,Figure5/retrograde/retro-103_unix.txt,,GO:0098930,GO:0005768,
1141,42-Hayashi-NeuronalCellDyn,Figure5/retrograde/retro-104_unix.txt,,GO:0098930,GO:0005768,
1142,42-Hayashi-NeuronalCellDyn,Figure5/retrograde/retro-105_unix.txt,,GO:0098930,GO:0005768,
1143,42-Hayashi-NeuronalCellDyn,Figure5/retrograde/retro-106_unix.txt,,GO:0098930,GO:0005768,
1144,42-Hayashi-NeuronalCellDyn,Figure5/retrograde/retro-107_unix.txt,,GO:0098930,GO:0005768,
1145,42-Hayashi-NeuronalCellDyn,Figure5/retrograde/retro-108_unix.txt,,GO:0098930,GO:0005768,
1146,42-Hayashi-NeuronalCellDyn,Figure5/retrograde/retro-109_unix.txt,,GO:0098930,GO:0005768,
1147,42-Hayashi-NeuronalCellDyn,Figure5/retrograde/retro-110_unix.txt,,GO:0098930,GO:0005768,
1148,42-Hayashi-NeuronalCellDyn,Figure5/retrograde/retro-111_unix.txt,,GO:0098930,GO:0005768,
1149,42-Hayashi-NeuronalCellDyn,Figure5/retrograde/retro-112_unix.txt,,GO:0098930,GO:0005768,
1150,42-Hayashi-NeuronalCellDyn,Figure5/retrograde/retro-113_unix.txt,,GO:0098930,GO:0005768,
1151,42-Hayashi-NeuronalCellDyn,Figure5/retrograde/retro-114_unix.txt,,GO:0098930,GO:0005768,
1152,42-Hayashi-NeuronalCellDyn,Figure5/retrograde/retro-115_unix.txt,,GO:0098930,GO:0005768,
1153,42-Hayashi-NeuronalCellDyn,Figure5/retrograde/retro-116_unix.txt,,GO:0098930,GO:0005768,
1154,42-Hayashi-NeuronalCellDyn,Figure5/retrograde/retro-117_unix.txt,,GO:0098930,GO:0005768,
1155,42-Hayashi-NeuronalCellDyn,Figure5/anterograde/antero-1_unix.txt,,GO:0098930,GO:0005768,
1156,42-Hayashi-NeuronalCellDyn,Figure5/anterograde/antero-2_unix.txt,,GO:0098930,GO:0005768,
1157,42-Hayashi-NeuronalCellDyn,Figure5/anterograde/antero-3_unix.txt,,GO:0098930,GO:0005768,
1158,42-Hayashi-NeuronalCellDyn,Figure5/anterograde/antero-4_unix.txt,,GO:0098930,GO:0005768,
1159,42-Hayashi-NeuronalCellDyn,Figure5/anterograde/antero-5_unix.txt,,GO:0098930,GO:0005768,
1160,42-Hayashi-NeuronalCellDyn,Figure5/anterograde/antero-6_unix.txt,,GO:0098930,GO:0005768,
1161,42-Hayashi-NeuronalCellDyn,Figure5/anterograde/antero-7_unix.txt,,GO:0098930,GO:0005768,
1162,42-Hayashi-NeuronalCellDyn,Figure5/anterograde/antero-8_unix.txt,,GO:0098930,GO:0005768,
1163,42-Hayashi-NeuronalCellDyn,Figure5/anterograde/antero-9_unix.txt,,GO:0098930,GO:0005768,
1164,42-Hayashi-NeuronalCellDyn,Figure5/anterograde/antero-10_unix.txt,,GO:0098930,GO:0005768,
1165,42-Hayashi-NeuronalCellDyn,Figure5/anterograde/antero-11_unix.txt,,GO:0098930,GO:0005768,
1166,42-Hayashi-NeuronalCellDyn,Figure5/anterograde/antero-12_unix.txt,,GO:0098930,GO:0005768,
1167,42-Hayashi-NeuronalCellDyn,Figure5/anterograde/antero-13_unix.txt,,GO:0098930,GO:0005768,
1168,42-Hayashi-NeuronalCellDyn,Figure5/anterograde/antero-14_unix.txt,,GO:0098930,GO:0005768,
1169,42-Hayashi-NeuronalCellDyn,Figure5/anterograde/antero-15_unix.txt,,GO:0098930,GO:0005768,
1170,42-Hayashi-NeuronalCellDyn,Figure5/anterograde/antero-16_unix.txt,,GO:0098930,GO:0005768,
1171,42-Hayashi-NeuronalCellDyn,Figure5/anterograde/antero-17_unix.txt,,GO:0098930,GO:0005768,
1172,42-Hayashi-NeuronalCellDyn,Figure5/anterograde/antero-18_unix.txt,,GO:0098930,GO:0005768,
1173,42-Hayashi-NeuronalCellDyn,Figure5/anterograde/antero-19_unix.txt,,GO:0098930,GO:0005768,
1174,42-Hayashi-NeuronalCellDyn,Figure5/anterograde/antero-20_unix.txt,,GO:0098930,GO:0005768,
1175,42-Hayashi-NeuronalCellDyn,Figure5/anterograde/antero-21_unix.txt,,GO:0098930,GO:0005768,
1176,42-Hayashi-NeuronalCellDyn,Figure5/anterograde/antero-22_unix.txt,,GO:0098930,GO:0005768,
1177,42-Hayashi-NeuronalCellDyn,Figure5/anterograde/antero-23_unix.txt,,GO:0098930,GO:0005768,
1178,42-Hayashi-NeuronalCellDyn,Figure5/anterograde/antero-24_unix.txt,,GO:0098930,GO:0005768,
1179,42-Hayashi-NeuronalCellDyn,Figure5/anterograde/antero-25_unix.txt,,GO:0098930,GO:0005768,
1180,42-Hayashi-NeuronalCellDyn,Figure5/anterograde/antero-26_unix.txt,,GO:0098930,GO:0005768,
1181,42-Hayashi-NeuronalCellDyn,Figure5/anterograde/antero-27_unix.txt,,GO:0098930,GO:0005768,
1182,42-Hayashi-NeuronalCellDyn,Figure5/anterograde/antero-28_unix.txt,,GO:0098930,GO:0005768,
1183,42-Hayashi-NeuronalCellDyn,Figure5/anterograde/antero-29_unix.txt,,GO:0098930,GO:0005768,
1184,42-Hayashi-NeuronalCellDyn,Figure5/anterograde/antero-30_unix.txt,,GO:0098930,GO:0005768,
1185,42-Hayashi-NeuronalCellDyn,Figure5/anterograde/antero-31_unix.txt,,GO:0098930,GO:0005768,
1186,42-Hayashi-NeuronalCellDyn,Figure5/anterograde/antero-32_unix.txt,,GO:0098930,GO:0005768,
1187,42-Hayashi-NeuronalCellDyn,Figure5/anterograde/antero-33_unix.txt,,GO:0098930,GO:0005768,
1188,42-Hayashi-NeuronalCellDyn,Figure5/anterograde/antero-34_unix.txt,,GO:0098930,GO:0005768,
1189,42-Hayashi-NeuronalCellDyn,Figure5/anterograde/antero-35_unix.txt,,GO:0098930,GO:0005768,
1190,42-Hayashi-NeuronalCellDyn,Figure5/anterograde/antero-36_unix.txt,,GO:0098930,GO:0005768,
1191,42-Hayashi-NeuronalCellDyn,Figure5/anterograde/antero-37_unix.txt,,GO:0098930,GO:0005768,
1192,42-Hayashi-NeuronalCellDyn,Figure5/anterograde/antero-38_unix.txt,,GO:0098930,GO:0005768,
1193,42-Hayashi-NeuronalCellDyn,Figure5/anterograde/antero-39_unix.txt,,GO:0098930,GO:0005768,
1194,42-Hayashi-NeuronalCellDyn,Figure5/anterograde/antero-40_unix.txt,,GO:0098930,GO:0005768,
1195,42-Hayashi-NeuronalCellDyn,Figure5/anterograde/antero-41_unix.txt,,GO:0098930,GO:0005768,
1196,42-Hayashi-NeuronalCellDyn,Figure5/anterograde/antero-42_unix.txt,,GO:0098930,GO:0005768,
1197,42-Hayashi-NeuronalCellDyn,Figure5/anterograde/antero-43_unix.txt,,GO:0098930,GO:0005768,
1198,42-Hayashi-NeuronalCellDyn,Figure5/anterograde/antero-44_unix.txt,,GO:0098930,GO:0005768,
1199,42-Hayashi-NeuronalCellDyn,Figure5/anterograde/antero-45_unix.txt,,GO:0098930,GO:0005768,
1200,42-Hayashi-NeuronalCellDyn,Figure5/anterograde/antero-46_unix.txt,,GO:0098930,GO:0005768,
1201,42-Hayashi-NeuronalCellDyn,Figure5/anterograde/antero-47_unix.txt,,GO:0098930,GO:0005768,
1202,42-Hayashi-NeuronalCellDyn,Figure5/anterograde/antero-48_unix.txt,,GO:0098930,GO:0005768,
1203,42-Hayashi-NeuronalCellDyn,Figure5/anterograde/antero-49_unix.txt,,GO:0098930,GO:0005768,
1204,42-Hayashi-NeuronalCellDyn,Figure5/anterograde/antero-50_unix.txt,,GO:0098930,GO:0005768,
1205,42-Hayashi-NeuronalCellDyn,Figure5/anterograde/antero-51_unix.txt,,GO:0098930,GO:0005768,
1206,42-Hayashi-NeuronalCellDyn,Figure5/anterograde/antero-52_unix.txt,,GO:0098930,GO:0005768,
1207,42-Hayashi-NeuronalCellDyn,Figure5/anterograde/antero-53_unix.txt,,GO:0098930,GO:0005768,
1208,42-Hayashi-NeuronalCellDyn,Figure5/anterograde/antero-54_unix.txt,,GO:0098930,GO:0005768,
1209,42-Hayashi-NeuronalCellDyn,Figure5/anterograde/antero-55_unix.txt,,GO:0098930,GO:0005768,
1210,42-Hayashi-NeuronalCellDyn,Figure5/anterograde/antero-56_unix.txt,,GO:0098930,GO:0005768,
1211,42-Hayashi-NeuronalCellDyn,Figure5/anterograde/antero-57_unix.txt,,GO:0098930,GO:0005768,
1212,42-Hayashi-NeuronalCellDyn,Figure5/anterograde/antero-58_unix.txt,,GO:0098930,GO:0005768,
1213,42-Hayashi-NeuronalCellDyn,Figure5/anterograde/antero-59_unix.txt,,GO:0098930,GO:0005768,
1214,42-Hayashi-NeuronalCellDyn,Figure5/anterograde/antero-60_unix.txt,,GO:0098930,GO:0005768,
1215,42-Hayashi-NeuronalCellDyn,Figure5/anterograde/antero-61_unix.txt,,GO:0098930,GO:0005768,
1216,42-Hayashi-NeuronalCellDyn,Figure5/anterograde/antero-62_unix.txt,,GO:0098930,GO:0005768,
1217,42-Hayashi-NeuronalCellDyn,Figure5/anterograde/antero-63_unix.txt,,GO:0098930,GO:0005768,
1218,42-Hayashi-NeuronalCellDyn,Figure5/anterograde/antero-64_unix.txt,,GO:0098930,GO:0005768,
1219,42-Hayashi-NeuronalCellDyn,Figure5/anterograde/antero-65_unix.txt,,GO:0098930,GO:0005768,
1220,42-Hayashi-NeuronalCellDyn,Figure5/anterograde/antero-66_unix.txt,,GO:0098930,GO:0005768,
1221,42-Hayashi-NeuronalCellDyn,Figure5/anterograde/antero-67_unix.txt,,GO:0098930,GO:0005768,
1222,42-Hayashi-NeuronalCellDyn,Figure5/anterograde/antero-68_unix.txt,,GO:0098930,GO:0005768,
1223,42-Hayashi-NeuronalCellDyn,Figure5/anterograde/antero-69_unix.txt,,GO:0098930,GO:0005768,
1224,42-Hayashi-NeuronalCellDyn,Figure5/anterograde/antero-70_unix.txt,,GO:0098930,GO:0005768,
1225,42-Hayashi-NeuronalCellDyn,Figure5/anterograde/antero-71_unix.txt,,GO:0098930,GO:0005768,
1226,42-Hayashi-NeuronalCellDyn,Figure5/anterograde/antero-72_unix.txt,,GO:0098930,GO:0005768,
1227,42-Hayashi-NeuronalCellDyn,Figure5/anterograde/antero-73_unix.txt,,GO:0098930,GO:0005768,
1228,42-Hayashi-NeuronalCellDyn,Figure5/anterograde/antero-74_unix.txt,,GO:0098930,GO:0005768,
1229,42-Hayashi-NeuronalCellDyn,Figure5/anterograde/antero-75_unix.txt,,GO:0098930,GO:0005768,
1230,42-Hayashi-NeuronalCellDyn,Figure5/anterograde/antero-76_unix.txt,,GO:0098930,GO:0005768,
1231,42-Hayashi-NeuronalCellDyn,Figure5/anterograde/antero-77_unix.txt,,GO:0098930,GO:0005768,
1232,42-Hayashi-NeuronalCellDyn,Figure5/anterograde/antero-78_unix.txt,,GO:0098930,GO:0005768,
1233,42-Hayashi-NeuronalCellDyn,Figure5/anterograde/antero-79_unix.txt,,GO:0098930,GO:0005768,
1234,43-Takai-SubcellStructONL,MovieS1/Luc-3(LAMP2).tif,,GO:0034613,,
1235,43-Takai-SubcellStructONL,FigS6/FigS6_Data_Takai_PNAS2015.csv( LAMP1-ONL),,GO:0034613,,
1236,43-Takai-SubcellStructONL,MovieS1/PTS-ONL2.tif,,GO:0034613,,
1237,43-Takai-SubcellStructONL,FigS6/FigS6_Data_Takai_PNAS2015.csv(ONL-PTS1),,GO:0034613,,
1238,44-Hihara-NucleosomeDyn,nuc_0.1_0/*.csv,,,GO:0000786,
1239,44-Hihara-NucleosomeDyn,nuc_0.5_0/*.csv,,,GO:0000786,
1240,44-Hihara-NucleosomeDyn,nuc_0.5_20/*.csv,,,GO:0000786,
1241,47-Noguchi-CellDyn,"Fig. 1/Fig. 1A/CGPRx10,2,e18.tif",,,,
1242,47-Noguchi-CellDyn,"Fig. 1/Fig. 1B/150326 RET-EGFP, E14.5 EGFP, Mash1.czi",,,,
1243,47-Noguchi-CellDyn,Fig. 1/Fig. 1D-F/Fig. 1D.ims,,,,
1244,47-Noguchi-CellDyn,Fig. 1/Fig. 1D-F/Fig. 1E.ims,,,,
1245,47-Noguchi-CellDyn,Fig. 1/Fig. 1D-F/Figure. 1F.ims,,,,
1246,47-Noguchi-CellDyn,Fig. 2/Fig. 2A-D/Fig. 2A.czi,,,,
1247,47-Noguchi-CellDyn,Fig. 2/Fig. 2A-D/Fig. 2B.czi,,,,
1248,47-Noguchi-CellDyn,Fig. 2/Fig. 2E-G/Figure 2E.ims,,,,
1249,47-Noguchi-CellDyn,"Fig. 3/Fig. 3A, B, C, D, E, F/Fig. 3A, 3B.ims",,,,
1250,47-Noguchi-CellDyn,"Fig. 3/Fig. 3A, B, C, D, E, F/Fig. 3C, 3D.ims",,,,
1251,47-Noguchi-CellDyn,"Fig. 3/Fig. 3A, B, C, D, E, F/Fig. 3E.ims",,,,
1252,47-Noguchi-CellDyn,Fig. 3/Fig. 3G/Fig. 3G.ims,,,,
1253,47-Noguchi-CellDyn,Fig. 3/Fig. 3H/Fig. 3H.czi,,,,
1254,47-Noguchi-CellDyn,Fig. 4/Fig. 4B/Fig. 4B.ims,,,,
1255,47-Noguchi-CellDyn,Fig. 4/Fig. 4C/Fig. 4C.ims,,,,
1256,47-Noguchi-CellDyn,Fig. 4/Fig. 4D/Fig. 4D.ims,,,,
1257,47-Noguchi-CellDyn,Fig. 4/Fig. 4F/Fig. 4F.ims,,,,
1258,47-Noguchi-CellDyn,"Fig. 4/Fig. 4G/150218 E14.5 RET-EGFP , EGFP, Laminin2.czi",,,,
1259,47-Noguchi-CellDyn,Supplemental figure 1/Supplemental Figure 1B/Fig. S1B-1.czi,,,,
1260,47-Noguchi-CellDyn,Supplemental figure 1/Supplemental Figure 1B/Fig. S1B-2.czi,,,,
1261,47-Noguchi-CellDyn,Supplemental figure 1/Supplemental Figure 1B/Fig. S1B-3.czi,,,,
1262,47-Noguchi-CellDyn,Supplemental figure 1/Supplemental Figure 1D-F/Supplemental Figure 1D RET-EGFPEGFP.tif,,,,
1263,47-Noguchi-CellDyn,Supplemental figure 1/Supplemental Figure 1G/Fig. S1G E14.5 No.2.ims,,,,
1264,47-Noguchi-CellDyn,Supplemental figure 1/Supplemental Figure 1G/Fig. S1G E14.5 No.3.ims,,,,
1265,47-Noguchi-CellDyn,Supplemental figure 1/Supplemental Figure 1G/Fig. S1G E15.5 No.2.ims,,,,
1266,47-Noguchi-CellDyn,Supplemental figure 1/Supplemental Figure 1G/Fig. S1G E15.5 No.3.ims,,,,
1267,47-Noguchi-CellDyn,Supplemental figure 1/Supplemental Figure 1G/Fig. S1G E16.5 No.2.ims,,,,
1268,47-Noguchi-CellDyn,Supplemental figure 1/Supplemental Figure 1G/Fig. S1G E16.5 No.3.ims,,,,
1269,47-Noguchi-CellDyn,Supplemental figure 3/E14.5 No. 2.ims,,,,
1270,47-Noguchi-CellDyn,Supplemental figure 3/E14.5 No. 3.ims,,,,
1271,47-Noguchi-CellDyn,Supplemental figure 3/E15.5 No. 2.ims,,,,
1272,47-Noguchi-CellDyn,Supplemental figure 3/E15.5 No. 3.ims,,,,
1273,47-Noguchi-CellDyn,Supplemental figure 3/E16.5 No. 2.ims,,,,
1274,47-Noguchi-CellDyn,Supplemental figure 3/E16.5 No. 3-1.ims,,,,
1275,47-Noguchi-CellDyn,Supplemental figure 3/E16.5 No. 3-2.ims,,,,
1276,47-Noguchi-CellDyn,Supplemental figure 4/Fig. S4A/151108 E14.5 CXCR4 pgp-g cxcr-r topro3-b 20czi.czi,,,,
1277,47-Noguchi-CellDyn,Supplemental figure 4/Fig. S4A/Fig. 4A E18.5 NEB.czi,,,,
1278,47-Noguchi-CellDyn,Supplemental figure 4/Fig. S4B/Fig. S4B E15.5 Solitary.czi,,,,
1279,48-Susaki-MouseBrainCUBIC,Figure 3/Panel A_131024_ultraTest_10-56-20_R26-CAG-numKate6_10um_280ms_V-D,,,,
1280,48-Susaki-MouseBrainCUBIC,Figure 3/Panel C_130730_ultraTest_15-20-33_H2B-mCherry_V-D_4s,,,,
1281,48-Susaki-MouseBrainCUBIC,Figure 3/Panel D_130801_ultraTest_12-40-38_H2B-EGFP_V-D_4s,,,,
1282,48-Susaki-MouseBrainCUBIC,Figure 3/Panel E_130727_ultraTest_13-53-29_Thy1-YFP_V-D,,,,
1283,48-Susaki-MouseBrainCUBIC,Figure 4/Panel B (Sample_3_1_Series055.ims),,,,
1284,48-Susaki-MouseBrainCUBIC,Figure 4/Panel B (overlay/*.tif),,,,
1285,48-Susaki-MouseBrainCUBIC,Figure 4/Panel C (WT-CT12.ims),,,,
1286,48-Susaki-MouseBrainCUBIC,Figure 4/Panel C (WT-CT18.ims）,,,,
1287,48-Susaki-MouseBrainCUBIC,Figure 4/Panel C (WT-CT24.ims),,,,
1288,48-Susaki-MouseBrainCUBIC,Figure 4/Panel C (WT-CT30.ims),,,,
1289,48-Susaki-MouseBrainCUBIC,Figure 4/Panel C (CryDKO-CT12.ims),,,,
1290,48-Susaki-MouseBrainCUBIC,Figure 4/Panel C (CryDKO-CT18.ims),,,,
1291,48-Susaki-MouseBrainCUBIC,Figure 4/Panel C (CryDKO-CT24.ims),,,,
1292,48-Susaki-MouseBrainCUBIC,Figure 4/Panel C (CryDKO-CT30.ims),,,,
1293,48-Susaki-MouseBrainCUBIC,Figure 5/131004_ultraTest_21-46-25_Marmoset-hemisphere_1x zoom_250ms expos,,,,
1294,48-Susaki-MouseBrainCUBIC,Figure 6/131118_ultraTest_10-09-33_Arc-dVenus-1(L+)_10um_PI-300ms_V-D,,,,
1295,48-Susaki-MouseBrainCUBIC,Figure 6/131118_ultraTest_10-50-37_Arc-dVenus-1(L+)_10um_Venus-3s_V-D,,,,
1296,48-Susaki-MouseBrainCUBIC,Figure 6/131118_ultraTest_12-51-39_Arc-dVenus-1(L+)_10um_PI-300ms_D-V,,,,
1297,48-Susaki-MouseBrainCUBIC,Figure 6/131118_ultraTest_13-39-52_Arc-dVenus-1(L+)_10um_Venus-3s_D-V,,,,
1298,48-Susaki-MouseBrainCUBIC,Figure 6/131118_ultraTest_20-29-52_Arc-dVenus-2(L+)_10um_PI-300ms_D-V,,,,
1299,48-Susaki-MouseBrainCUBIC,Figure 6/131118_ultraTest_20-58-17_Arc-dVenus-2(L+)_10um_Venus-3s_D-V,,,,
1300,48-Susaki-MouseBrainCUBIC,Figure 6/131118_ultraTest_22-31-24_Arc-dVenus-2(L+)_10um_Venus-3s_V-D,,,,
1301,48-Susaki-MouseBrainCUBIC,Figure 6/131119_ultraTest_08-22-10_Arc-dVenus-2(L+)_10um_PI-250ms_V-D,,,,
1302,48-Susaki-MouseBrainCUBIC,Figure 6/131119_ultraTest_09-13-05_Arc-dVenus-3(L-)_10um_PI-300ms_V-D,,,,
1303,48-Susaki-MouseBrainCUBIC,Figure 6/131119_ultraTest_09-46-00_Arc-dVenus-3(L-)_10um_Venus-3s_V-D,,,,
1304,48-Susaki-MouseBrainCUBIC,Figure 6/131119_ultraTest_11-38-20_Arc-dVenus-3(L-)_10um_PI-300ms_D-V,,,,
1305,48-Susaki-MouseBrainCUBIC,Figure 6/131119_ultraTest_12-13-00_Arc-dVenus-3(L-)_10um_Venus-3s_D-V,,,,
1306,49-Susaki-MouseBrainCUBIC,150317_DV_PI_Thy1_m6_488_525_50ms_z1_6_80p_03-31-06/*.tif,,,,
1307,50-Tainaka-MouseBodyCUBIC,Figure 3A_S3A/D-V Chest/*_zXXXX.tif,,,,
1308,50-Tainaka-MouseBodyCUBIC,Figure 3A_S3A/D-V Dorsal/*_zXXXX.tif,,,,
1309,50-Tainaka-MouseBodyCUBIC,Figure 3A_S3A/D-V Head/*_zXXXX.tif,,,,
1310,50-Tainaka-MouseBodyCUBIC,Figure 3A_S3A/D-V whole image/*_zXXXX.tif,,,,
1311,50-Tainaka-MouseBodyCUBIC,Figure 3A_S3A/V-D Chest/*_zXXXX.tif,,,,
1312,50-Tainaka-MouseBodyCUBIC,Figure 3A_S3A/V-D Head/*_zXXXX.tif,,,,
1313,50-Tainaka-MouseBodyCUBIC,Figure 3A_S3A/V-D Ventral/*_zXXXX.tif,,,,
1314,50-Tainaka-MouseBodyCUBIC,Figure 3A_S3A/V-D whole image/*_zXXXX.tif,,,,
1315,50-Tainaka-MouseBodyCUBIC,Figure 4_6_S5_S7/Heart/*_x.tif,,,,
1316,50-Tainaka-MouseBodyCUBIC,Figure 4_6_S5_S7/Heart/*.y.tif,,,,
1317,50-Tainaka-MouseBodyCUBIC,Figure 4_6_S5_S7/Heart/*.z.tif,,,,
1318,50-Tainaka-MouseBodyCUBIC,Figure 4_6_S5_S7/Intestine/*_x.tif,,,,
1319,50-Tainaka-MouseBodyCUBIC,Figure 4_6_S5_S7/Intestine/*_y.tif,,,,
1320,50-Tainaka-MouseBodyCUBIC,Figure 4_6_S5_S7/Intestine/*_z.tif,,,,
1321,50-Tainaka-MouseBodyCUBIC,Figure 4_6_S5_S7/Kidney/*_x.tif,,,,
1322,50-Tainaka-MouseBodyCUBIC,Figure 4_6_S5_S7/Kidney/*_y.tif,,,,
1323,50-Tainaka-MouseBodyCUBIC,Figure 4_6_S5_S7/Kidney/*_z.tif,,,,
1324,50-Tainaka-MouseBodyCUBIC,Figure 4_6_S5_S7/Liver/*_x.tif,,,,
1325,50-Tainaka-MouseBodyCUBIC,Figure 4_6_S5_S7/Liver/*_y.tif,,,,
1326,50-Tainaka-MouseBodyCUBIC,Figure 4_6_S5_S7/Liver/*_z.tif,,,,
1327,50-Tainaka-MouseBodyCUBIC,Figure 4_6_S5_S7/Lung/*_x.tif,,,,
1328,50-Tainaka-MouseBodyCUBIC,Figure 4_6_S5_S7/Lung/*_y.tif,,,,
1329,50-Tainaka-MouseBodyCUBIC,Figure 4_6_S5_S7/Lung/*_z.tif,,,,
1330,50-Tainaka-MouseBodyCUBIC,Figure 4_6_S5_S7/Muscle/*_x.tif,,,,
1331,50-Tainaka-MouseBodyCUBIC,Figure 4_6_S5_S7/Muscle/*_y.tif,,,,
1332,50-Tainaka-MouseBodyCUBIC,Figure 4_6_S5_S7/Muscle/*_z.tif,,,,
1333,50-Tainaka-MouseBodyCUBIC,Figure 4_6_S5_S7/Pancreas/*_x.tif,,,,
1334,50-Tainaka-MouseBodyCUBIC,Figure 4_6_S5_S7/Pancreas/*_y.tif,,,,
1335,50-Tainaka-MouseBodyCUBIC,Figure 4_6_S5_S7/Pancreas/*_z.tif,,,,
1336,50-Tainaka-MouseBodyCUBIC,Figure 4_6_S5_S7/Spleen/*_x.tif,,,,
1337,50-Tainaka-MouseBodyCUBIC,Figure 4_6_S5_S7/Spleen/*_y.tif,,,,
1338,50-Tainaka-MouseBodyCUBIC,Figure 4_6_S5_S7/Spleen/*_z.tif,,,,
1339,50-Tainaka-MouseBodyCUBIC,Figure 4_6_S5_S7/Stomach/*_x.tif,,,,
1340,50-Tainaka-MouseBodyCUBIC,Figure 4_6_S5_S7/Stomach/*_y.tif,,,,
1341,50-Tainaka-MouseBodyCUBIC,Figure 4_6_S5_S7/Stomach/*_z.tif,,,,
1342,50-Tainaka-MouseBodyCUBIC,Figure S3C/KT_P6 EGFP_D-V Chest/*_z*.tif,,,,
1343,50-Tainaka-MouseBodyCUBIC,Figure S3C/KT_P6 EGFP_D-V Dorsal/*_z.tif,,,,
1344,50-Tainaka-MouseBodyCUBIC,Figure S3C/KT_P6 EGFP_Head image/,,,,
1345,50-Tainaka-MouseBodyCUBIC,Figure S3C/KT_P6 EGFP_V-D Chest/,,,,
1346,50-Tainaka-MouseBodyCUBIC,Figure S3C/KT_P6 EGFP_V-D Ventral/,,,,
1347,52-Suzuki-FrogTailDyn,"*h-Bright.jpg, *h-EGFP.jpg",,GO:0006338,GO:0005634,
1348,53-Ichimura-CellDyn,Fig1A_TcellNaive/BrightFieldImage/*,,,GO:0005623,
1349,53-Ichimura-CellDyn,Fig1A_TcellNaive/RamanImage/*,,,GO:0005623,
1350,53-Ichimura-CellDyn,Fig1C_Bcell/BrightFieldImage/*,,,GO:0005623,
1351,53-Ichimura-CellDyn,Fig1C_Bcell/RamanImage/*,,,GO:0005623,
1352,55-Maekawa-ESCellDyn,"Figure1D DD*.tif, Figure1E DD*.tif",,,,
1353,55-Maekawa-ESCellDyn,Figure1F DD*.tif,,,,
1354,57-Herawati-CellDyn,Fig1/2G-141224mtecALI21(ZO1)1X-CF.tif,,,GO:0005856,
1355,57-Herawati-CellDyn,Fig1/2G-141224mtecALI21(centrinGFP)1X-CF.tif,,,GO:0005856,
1356,57-Herawati-CellDyn,Fig3/2-140609mtecALI9(cent-odf2-ZO1)60x-DSR.tif,,,GO:0005856,
1357,57-Herawati-CellDyn,Fig3/140609mtecALI10(cent-odf2-ZO1)60X-DSSR.tif,,,GO:0005856,
1358,57-Herawati-CellDyn,Fig3/3-140609mtecALI11(cent-odf2-ZO1)60X-DSR.tif,,,GO:0005856,
1359,57-Herawati-CellDyn,Fig3/140502mtecALi4(odf2-alphatub-centriolin)DSSR-60x.tif,,,GO:0005856,
1360,57-Herawati-CellDyn,Fig5/MAX_150414-ALI9(centrin-centriolin-vangl1)Control-60X-CF-frame5-6.tif (RGB),,,GO:0005856,
1361,57-Herawati-CellDyn,Fig5/MAX_2-150414-ALI9(centrin-centriolin-vangl1)Noc-60X-CF-frame7-9.tif (RGB),,,GO:0005856,
1362,57-Herawati-CellDyn,Fig5/2-160310mtecALI10(krt8-odf2-ZO1)60X_DSSR_Con.tif,,,GO:0005856,
1363,57-Herawati-CellDyn,Fig5/160310mtecALI10(krt8-Odf2-ZO-1)60X_DSSR_Noc3h.tif,,,GO:0005856,
1364,57-Herawati-CellDyn,Fig6/MAX_3-150514-P24-Odf2KO(centrinGFP)60X-DSSR.tif,,,GO:0005856,
1365,57-Herawati-CellDyn,Fig6/MAX_150514-P24-Odf2WT(centrinGFP)60X-DSSR-1.tif,,,GO:0005856,
1366,57-Herawati-CellDyn,Supp1/160308_ALI8(LIVE)_C1S0004-AfterLive.tif,,,GO:0005856,
1367,57-Herawati-CellDyn,Supp1/During live imaging_pos5.tif,,,GO:0005856,
1368,57-Herawati-CellDyn,Supp1/160308_ALI11_C1S0010-Normal Incubation.tif,,,GO:0005856,
1369,57-Herawati-CellDyn,Supp2/Pos 103 part 1.tif,,,GO:0005856,
1370,57-Herawati-CellDyn,Supp2/Pos103_part2.tif,,,GO:0005856,
1371,57-Herawati-CellDyn,Supp2/140903-08-mtec-wholePos563-6fps.tif,,,GO:0005856,
1372,57-Herawati-CellDyn,Supp3/140926-ALI6-Live 5-Pos563-Frame1-105.tif,,,GO:0005856,
1373,57-Herawati-CellDyn,Supp8/141020_Noc_Pos 7_early 1.tif,,,GO:0005856,
1374,57-Herawati-CellDyn,Supp8/150523-ALI6(Odf2KO)-Pos22.tif,,,GO:0005856,
1375,57-Herawati-CellDyn,Supp8/141107mtecALI6-Noc-Pos1.tif,,,GO:0005856,
1376,57-Herawati-CellDyn,Supp8/141020_Noc_Pos 7_late 2.tif,,,GO:0005856,
1377,57-Herawati-CellDyn,Figure2A_BB_position_tracking,,,GO:0005856,
1378,59-Yano-MicrotubuleImmuno,Fig1C_aTubulin-Afadin/93WT-aTub-gTub-Afadin(2)-SIM-CA_z10.tif,,,GO:0005911,
1379,66-Iwata-CellDynOSNMT,Fig1C_1,,GO:0007158,GO:0030424; GO:0030425,
1380,66-Iwata-CellDynOSNMT,Fig1C_2,,GO:0007158,GO:0030424; GO:0030425,
1381,66-Iwata-CellDynOSNMT,Fig1C_3,,GO:0007158,GO:0030424; GO:0030425,
1382,66-Iwata-CellDynOSNMT,Fig1C_4,,GO:0007158,GO:0030424; GO:0030425,
1383,66-Iwata-CellDynOSNMT,Fig1D_anterior1_50_1,,GO:0007158,GO:0030424; GO:0030425,
1384,66-Iwata-CellDynOSNMT,Fig1D_anterior1_50_2,,GO:0007158,GO:0030424; GO:0030425,
1385,66-Iwata-CellDynOSNMT,Fig1D_anterior1_50_3,,GO:0007158,GO:0030424; GO:0030425,
1386,66-Iwata-CellDynOSNMT,Fig1D_anterior1_50_4,,GO:0007158,GO:0030424; GO:0030425,
1387,66-Iwata-CellDynOSNMT,Fig1D_anterior1_100_1,,GO:0007158,GO:0030424; GO:0030425,
1388,66-Iwata-CellDynOSNMT,Fig1D_anterior1_100_2,,GO:0007158,GO:0030424; GO:0030425,
1389,66-Iwata-CellDynOSNMT,Fig1D_anterior1_100_3,,GO:0007158,GO:0030424; GO:0030425,
1390,66-Iwata-CellDynOSNMT,Fig1D_anterior1_100_4,,GO:0007158,GO:0030424; GO:0030425,
1391,66-Iwata-CellDynOSNMT,Fig1D_anterior1_200_1,,GO:0007158,GO:0030424; GO:0030425,
1392,66-Iwata-CellDynOSNMT,Fig1D_anterior1_200_2,,GO:0007158,GO:0030424; GO:0030425,
1393,66-Iwata-CellDynOSNMT,Fig1D_anterior1_200_3,,GO:0007158,GO:0030424; GO:0030425,
1394,66-Iwata-CellDynOSNMT,Fig1D_anterior1_200_4,,GO:0007158,GO:0030424; GO:0030425,
1395,66-Iwata-CellDynOSNMT,Fig1D_anterior1_300_1,,GO:0007158,GO:0030424; GO:0030425,
1396,66-Iwata-CellDynOSNMT,Fig1D_anterior1_300_2,,GO:0007158,GO:0030424; GO:0030425,
1397,66-Iwata-CellDynOSNMT,Fig1D_anterior1_300_3,,GO:0007158,GO:0030424; GO:0030425,
1398,66-Iwata-CellDynOSNMT,Fig1D_anterior1_300_4,,GO:0007158,GO:0030424; GO:0030425,
1399,66-Iwata-CellDynOSNMT,Fig1D_anterior2_50_1,,GO:0007158,GO:0030424; GO:0030425,
1400,66-Iwata-CellDynOSNMT,Fig1D_anterior2_50_2,,GO:0007158,GO:0030424; GO:0030425,
1401,66-Iwata-CellDynOSNMT,Fig1D_anterior2_50_3,,GO:0007158,GO:0030424; GO:0030425,
1402,66-Iwata-CellDynOSNMT,Fig1D_anterior2_50_4,,GO:0007158,GO:0030424; GO:0030425,
1403,66-Iwata-CellDynOSNMT,Fig1D_anterior2_100_1,,GO:0007158,GO:0030424; GO:0030425,
1404,66-Iwata-CellDynOSNMT,Fig1D_anterior2_100_2,,GO:0007158,GO:0030424; GO:0030425,
1405,66-Iwata-CellDynOSNMT,Fig1D_anterior2_100_3,,GO:0007158,GO:0030424; GO:0030425,
1406,66-Iwata-CellDynOSNMT,Fig1D_anterior2_100_4,,GO:0007158,GO:0030424; GO:0030425,
1407,66-Iwata-CellDynOSNMT,Fig1D_anterior2_200_1,,GO:0007158,GO:0030424; GO:0030425,
1408,66-Iwata-CellDynOSNMT,Fig1D_anterior2_200_2,,GO:0007158,GO:0030424; GO:0030425,
1409,66-Iwata-CellDynOSNMT,Fig1D_anterior2_200_3,,GO:0007158,GO:0030424; GO:0030425,
1410,66-Iwata-CellDynOSNMT,Fig1D_anterior2_200_4,,GO:0007158,GO:0030424; GO:0030425,
1411,66-Iwata-CellDynOSNMT,Fig1D_anterior2_300_1,,GO:0007158,GO:0030424; GO:0030425,
1412,66-Iwata-CellDynOSNMT,Fig1D_anterior2_300_2,,GO:0007158,GO:0030424; GO:0030425,
1413,66-Iwata-CellDynOSNMT,Fig1D_anterior2_300_3,,GO:0007158,GO:0030424; GO:0030425,
1414,66-Iwata-CellDynOSNMT,Fig1D_anterior2_300_4,,GO:0007158,GO:0030424; GO:0030425,
1415,66-Iwata-CellDynOSNMT,Fig1D_anterior3_50_1,,GO:0007158,GO:0030424; GO:0030425,
1416,66-Iwata-CellDynOSNMT,Fig1D_anterior3_50_2,,GO:0007158,GO:0030424; GO:0030425,
1417,66-Iwata-CellDynOSNMT,Fig1D_anterior3_50_3,,GO:0007158,GO:0030424; GO:0030425,
1418,66-Iwata-CellDynOSNMT,Fig1D_anterior3_50_4,,GO:0007158,GO:0030424; GO:0030425,
1419,66-Iwata-CellDynOSNMT,Fig1D_anterior3_100_1,,GO:0007158,GO:0030424; GO:0030425,
1420,66-Iwata-CellDynOSNMT,Fig1D_anterior3_100_2,,GO:0007158,GO:0030424; GO:0030425,
1421,66-Iwata-CellDynOSNMT,Fig1D_anterior3_100_3,,GO:0007158,GO:0030424; GO:0030425,
1422,66-Iwata-CellDynOSNMT,Fig1D_anterior3_100_4,,GO:0007158,GO:0030424; GO:0030425,
1423,66-Iwata-CellDynOSNMT,Fig1D_anterior3_200_1,,GO:0007158,GO:0030424; GO:0030425,
1424,66-Iwata-CellDynOSNMT,Fig1D_anterior3_200_2,,GO:0007158,GO:0030424; GO:0030425,
1425,66-Iwata-CellDynOSNMT,Fig1D_anterior3_200_3,,GO:0007158,GO:0030424; GO:0030425,
1426,66-Iwata-CellDynOSNMT,Fig1D_anterior3_200_4,,GO:0007158,GO:0030424; GO:0030425,
1427,66-Iwata-CellDynOSNMT,Fig1D_anterior3_300_1,,GO:0007158,GO:0030424; GO:0030425,
1428,66-Iwata-CellDynOSNMT,Fig1D_anterior3_300_2,,GO:0007158,GO:0030424; GO:0030425,
1429,66-Iwata-CellDynOSNMT,Fig1D_anterior3_300_3,,GO:0007158,GO:0030424; GO:0030425,
1430,66-Iwata-CellDynOSNMT,Fig1D_anterior3_300_4,,GO:0007158,GO:0030424; GO:0030425,
1431,66-Iwata-CellDynOSNMT,Fig1D_posterior1_50_1,,GO:0007158,GO:0030424; GO:0030425,
1432,66-Iwata-CellDynOSNMT,Fig1D_posterior1_50_2,,GO:0007158,GO:0030424; GO:0030425,
1433,66-Iwata-CellDynOSNMT,Fig1D_posterior1_50_3,,GO:0007158,GO:0030424; GO:0030425,
1434,66-Iwata-CellDynOSNMT,Fig1D_posterior1_50_4,,GO:0007158,GO:0030424; GO:0030425,
1435,66-Iwata-CellDynOSNMT,Fig1D_posterior1_100_1,,GO:0007158,GO:0030424; GO:0030425,
1436,66-Iwata-CellDynOSNMT,Fig1D_posterior1_100_2,,GO:0007158,GO:0030424; GO:0030425,
1437,66-Iwata-CellDynOSNMT,Fig1D_posterior1_100_3,,GO:0007158,GO:0030424; GO:0030425,
1438,66-Iwata-CellDynOSNMT,Fig1D_posterior1_100_4,,GO:0007158,GO:0030424; GO:0030425,
1439,66-Iwata-CellDynOSNMT,Fig1D_posterior1_200_1,,GO:0007158,GO:0030424; GO:0030425,
1440,66-Iwata-CellDynOSNMT,Fig1D_posterior1_200_2,,GO:0007158,GO:0030424; GO:0030425,
1441,66-Iwata-CellDynOSNMT,Fig1D_posterior1_200_3,,GO:0007158,GO:0030424; GO:0030425,
1442,66-Iwata-CellDynOSNMT,Fig1D_posterior1_200_4,,GO:0007158,GO:0030424; GO:0030425,
1443,66-Iwata-CellDynOSNMT,Fig1D_posterior1_300_1,,GO:0007158,GO:0030424; GO:0030425,
1444,66-Iwata-CellDynOSNMT,Fig1D_posterior1_300_2,,GO:0007158,GO:0030424; GO:0030425,
1445,66-Iwata-CellDynOSNMT,Fig1D_posterior1_300_3,,GO:0007158,GO:0030424; GO:0030425,
1446,66-Iwata-CellDynOSNMT,Fig1D_posterior1_300_4,,GO:0007158,GO:0030424; GO:0030425,
1447,66-Iwata-CellDynOSNMT,Fig1D_posterior2_50_1,,GO:0007158,GO:0030424; GO:0030425,
1448,66-Iwata-CellDynOSNMT,Fig1D_posterior2_50_2,,GO:0007158,GO:0030424; GO:0030425,
1449,66-Iwata-CellDynOSNMT,Fig1D_posterior2_50_3,,GO:0007158,GO:0030424; GO:0030425,
1450,66-Iwata-CellDynOSNMT,Fig1D_posterior2_50_4,,GO:0007158,GO:0030424; GO:0030425,
1451,66-Iwata-CellDynOSNMT,Fig1D_posterior2_100_1,,GO:0007158,GO:0030424; GO:0030425,
1452,66-Iwata-CellDynOSNMT,Fig1D_posterior2_100_2,,GO:0007158,GO:0030424; GO:0030425,
1453,66-Iwata-CellDynOSNMT,Fig1D_posterior2_100_3,,GO:0007158,GO:0030424; GO:0030425,
1454,66-Iwata-CellDynOSNMT,Fig1D_posterior2_100_4,,GO:0007158,GO:0030424; GO:0030425,
1455,66-Iwata-CellDynOSNMT,Fig1D_posterior2_200_1,,GO:0007158,GO:0030424; GO:0030425,
1456,66-Iwata-CellDynOSNMT,Fig1D_posterior2_200_2,,GO:0007158,GO:0030424; GO:0030425,
1457,66-Iwata-CellDynOSNMT,Fig1D_posterior2_200_3,,GO:0007158,GO:0030424; GO:0030425,
1458,66-Iwata-CellDynOSNMT,Fig1D_posterior2_200_4,,GO:0007158,GO:0030424; GO:0030425,
1459,66-Iwata-CellDynOSNMT,Fig1D_posterior2_300_1,,GO:0007158,GO:0030424; GO:0030425,
1460,66-Iwata-CellDynOSNMT,Fig1D_posterior2_300_2,,GO:0007158,GO:0030424; GO:0030425,
1461,66-Iwata-CellDynOSNMT,Fig1D_posterior2_300_3,,GO:0007158,GO:0030424; GO:0030425,
1462,66-Iwata-CellDynOSNMT,Fig1D_posterior2_300_4,,GO:0007158,GO:0030424; GO:0030425,
1463,66-Iwata-CellDynOSNMT,Fig1D_posterior3_50_1,,GO:0007158,GO:0030424; GO:0030425,
1464,66-Iwata-CellDynOSNMT,Fig1D_posterior3_50_2,,GO:0007158,GO:0030424; GO:0030425,
1465,66-Iwata-CellDynOSNMT,Fig1D_posterior3_50_3,,GO:0007158,GO:0030424; GO:0030425,
1466,66-Iwata-CellDynOSNMT,Fig1D_posterior3_50_4,,GO:0007158,GO:0030424; GO:0030425,
1467,66-Iwata-CellDynOSNMT,Fig1D_posterior3_100_1,,GO:0007158,GO:0030424; GO:0030425,
1468,66-Iwata-CellDynOSNMT,Fig1D_posterior3_100_2,,GO:0007158,GO:0030424; GO:0030425,
1469,66-Iwata-CellDynOSNMT,Fig1D_posterior3_100_3,,GO:0007158,GO:0030424; GO:0030425,
1470,66-Iwata-CellDynOSNMT,Fig1D_posterior3_100_4,,GO:0007158,GO:0030424; GO:0030425,
1471,66-Iwata-CellDynOSNMT,Fig1D_posterior3_200_1,,GO:0007158,GO:0030424; GO:0030425,
1472,66-Iwata-CellDynOSNMT,Fig1D_posterior3_200_2,,GO:0007158,GO:0030424; GO:0030425,
1473,66-Iwata-CellDynOSNMT,Fig1D_posterior3_200_3,,GO:0007158,GO:0030424; GO:0030425,
1474,66-Iwata-CellDynOSNMT,Fig1D_posterior3_200_4,,GO:0007158,GO:0030424; GO:0030425,
1475,66-Iwata-CellDynOSNMT,Fig1D_posterior3_300_1,,GO:0007158,GO:0030424; GO:0030425,
1476,66-Iwata-CellDynOSNMT,Fig1D_posterior3_300_2,,GO:0007158,GO:0030424; GO:0030425,
1477,66-Iwata-CellDynOSNMT,Fig1D_posterior3_300_3,,GO:0007158,GO:0030424; GO:0030425,
1478,66-Iwata-CellDynOSNMT,Fig1D_posterior3_300_4,,GO:0007158,GO:0030424; GO:0030425,
1479,66-Iwata-CellDynOSNMT,Fig1E_anterior1_50_1,,GO:0007158,GO:0030424; GO:0030425,
1480,66-Iwata-CellDynOSNMT,Fig1E_anterior1_50_2,,GO:0007158,GO:0030424; GO:0030425,
1481,66-Iwata-CellDynOSNMT,Fig1E_anterior1_50_3,,GO:0007158,GO:0030424; GO:0030425,
1482,66-Iwata-CellDynOSNMT,Fig1E_anterior1_50_4,,GO:0007158,GO:0030424; GO:0030425,
1483,66-Iwata-CellDynOSNMT,Fig1E_anterior1_100_1,,GO:0007158,GO:0030424; GO:0030425,
1484,66-Iwata-CellDynOSNMT,Fig1E_anterior1_100_2,,GO:0007158,GO:0030424; GO:0030425,
1485,66-Iwata-CellDynOSNMT,Fig1E_anterior1_100_3,,GO:0007158,GO:0030424; GO:0030425,
1486,66-Iwata-CellDynOSNMT,Fig1E_anterior1_100_4,,GO:0007158,GO:0030424; GO:0030425,
1487,66-Iwata-CellDynOSNMT,Fig1E_anterior1_200_1,,GO:0007158,GO:0030424; GO:0030425,
1488,66-Iwata-CellDynOSNMT,Fig1E_anterior1_200_2,,GO:0007158,GO:0030424; GO:0030425,
1489,66-Iwata-CellDynOSNMT,Fig1E_anterior1_200_3,,GO:0007158,GO:0030424; GO:0030425,
1490,66-Iwata-CellDynOSNMT,Fig1E_anterior1_200_4,,GO:0007158,GO:0030424; GO:0030425,
1491,66-Iwata-CellDynOSNMT,Fig1E_anterior1_300_1,,GO:0007158,GO:0030424; GO:0030425,
1492,66-Iwata-CellDynOSNMT,Fig1E_anterior1_300_2,,GO:0007158,GO:0030424; GO:0030425,
1493,66-Iwata-CellDynOSNMT,Fig1E_anterior1_300_3,,GO:0007158,GO:0030424; GO:0030425,
1494,66-Iwata-CellDynOSNMT,Fig1E_anterior1_300_4,,GO:0007158,GO:0030424; GO:0030425,
1495,66-Iwata-CellDynOSNMT,Fig1E_anterior2_50_1,,GO:0007158,GO:0030424; GO:0030425,
1496,66-Iwata-CellDynOSNMT,Fig1E_anterior2_50_2,,GO:0007158,GO:0030424; GO:0030425,
1497,66-Iwata-CellDynOSNMT,Fig1E_anterior2_50_3,,GO:0007158,GO:0030424; GO:0030425,
1498,66-Iwata-CellDynOSNMT,Fig1E_anterior2_50_4,,GO:0007158,GO:0030424; GO:0030425,
1499,66-Iwata-CellDynOSNMT,Fig1E_anterior2_100_1,,GO:0007158,GO:0030424; GO:0030425,
1500,66-Iwata-CellDynOSNMT,Fig1E_anterior2_100_2,,GO:0007158,GO:0030424; GO:0030425,
1501,66-Iwata-CellDynOSNMT,Fig1E_anterior2_100_3,,GO:0007158,GO:0030424; GO:0030425,
1502,66-Iwata-CellDynOSNMT,Fig1E_anterior2_100_4,,GO:0007158,GO:0030424; GO:0030425,
1503,66-Iwata-CellDynOSNMT,Fig1E_anterior2_200_1,,GO:0007158,GO:0030424; GO:0030425,
1504,66-Iwata-CellDynOSNMT,Fig1E_anterior2_200_2,,GO:0007158,GO:0030424; GO:0030425,
1505,66-Iwata-CellDynOSNMT,Fig1E_anterior2_200_3,,GO:0007158,GO:0030424; GO:0030425,
1506,66-Iwata-CellDynOSNMT,Fig1E_anterior2_200_4,,GO:0007158,GO:0030424; GO:0030425,
1507,66-Iwata-CellDynOSNMT,Fig1E_anterior2_300_1,,GO:0007158,GO:0030424; GO:0030425,
1508,66-Iwata-CellDynOSNMT,Fig1E_anterior2_300_2,,GO:0007158,GO:0030424; GO:0030425,
1509,66-Iwata-CellDynOSNMT,Fig1E_anterior2_300_3,,GO:0007158,GO:0030424; GO:0030425,
1510,66-Iwata-CellDynOSNMT,Fig1E_anterior2_300_4,,GO:0007158,GO:0030424; GO:0030425,
1511,66-Iwata-CellDynOSNMT,Fig1E_anterior3_50_1,,GO:0007158,GO:0030424; GO:0030425,
1512,66-Iwata-CellDynOSNMT,Fig1E_anterior3_50_2,,GO:0007158,GO:0030424; GO:0030425,
1513,66-Iwata-CellDynOSNMT,Fig1E_anterior3_50_3,,GO:0007158,GO:0030424; GO:0030425,
1514,66-Iwata-CellDynOSNMT,Fig1E_anterior3_50_4,,GO:0007158,GO:0030424; GO:0030425,
1515,66-Iwata-CellDynOSNMT,Fig1E_anterior3_100_1,,GO:0007158,GO:0030424; GO:0030425,
1516,66-Iwata-CellDynOSNMT,Fig1E_anterior3_100_2,,GO:0007158,GO:0030424; GO:0030425,
1517,66-Iwata-CellDynOSNMT,Fig1E_anterior3_100_3,,GO:0007158,GO:0030424; GO:0030425,
1518,66-Iwata-CellDynOSNMT,Fig1E_anterior3_100_4,,GO:0007158,GO:0030424; GO:0030425,
1519,66-Iwata-CellDynOSNMT,Fig1E_anterior3_200_1,,GO:0007158,GO:0030424; GO:0030425,
1520,66-Iwata-CellDynOSNMT,Fig1E_anterior3_200_2,,GO:0007158,GO:0030424; GO:0030425,
1521,66-Iwata-CellDynOSNMT,Fig1E_anterior3_200_3,,GO:0007158,GO:0030424; GO:0030425,
1522,66-Iwata-CellDynOSNMT,Fig1E_anterior3_200_4,,GO:0007158,GO:0030424; GO:0030425,
1523,66-Iwata-CellDynOSNMT,Fig1E_anterior3_300_1,,GO:0007158,GO:0030424; GO:0030425,
1524,66-Iwata-CellDynOSNMT,Fig1E_anterior3_300_2,,GO:0007158,GO:0030424; GO:0030425,
1525,66-Iwata-CellDynOSNMT,Fig1E_anterior3_300_3,,GO:0007158,GO:0030424; GO:0030425,
1526,66-Iwata-CellDynOSNMT,Fig1E_anterior3_300_4,,GO:0007158,GO:0030424; GO:0030425,
1527,66-Iwata-CellDynOSNMT,Fig1E_anterior4_50_1,,GO:0007158,GO:0030424; GO:0030425,
1528,66-Iwata-CellDynOSNMT,Fig1E_anterior4_50_2,,GO:0007158,GO:0030424; GO:0030425,
1529,66-Iwata-CellDynOSNMT,Fig1E_anterior4_50_3,,GO:0007158,GO:0030424; GO:0030425,
1530,66-Iwata-CellDynOSNMT,Fig1E_anterior4_50_4,,GO:0007158,GO:0030424; GO:0030425,
1531,66-Iwata-CellDynOSNMT,Fig1E_anterior4_100_1,,GO:0007158,GO:0030424; GO:0030425,
1532,66-Iwata-CellDynOSNMT,Fig1E_anterior4_100_2,,GO:0007158,GO:0030424; GO:0030425,
1533,66-Iwata-CellDynOSNMT,Fig1E_anterior4_100_3,,GO:0007158,GO:0030424; GO:0030425,
1534,66-Iwata-CellDynOSNMT,Fig1E_anterior4_100_4,,GO:0007158,GO:0030424; GO:0030425,
1535,66-Iwata-CellDynOSNMT,Fig1E_anterior4_200_1,,GO:0007158,GO:0030424; GO:0030425,
1536,66-Iwata-CellDynOSNMT,Fig1E_anterior4_200_2,,GO:0007158,GO:0030424; GO:0030425,
1537,66-Iwata-CellDynOSNMT,Fig1E_anterior4_200_3,,GO:0007158,GO:0030424; GO:0030425,
1538,66-Iwata-CellDynOSNMT,Fig1E_anterior4_200_4,,GO:0007158,GO:0030424; GO:0030425,
1539,66-Iwata-CellDynOSNMT,Fig1E_anterior4_300_1,,GO:0007158,GO:0030424; GO:0030425,
1540,66-Iwata-CellDynOSNMT,Fig1E_anterior4_300_2,,GO:0007158,GO:0030424; GO:0030425,
1541,66-Iwata-CellDynOSNMT,Fig1E_anterior4_300_3,,GO:0007158,GO:0030424; GO:0030425,
1542,66-Iwata-CellDynOSNMT,Fig1E_anterior4_300_4,,GO:0007158,GO:0030424; GO:0030425,
1543,66-Iwata-CellDynOSNMT,Fig1E_posterior1_50_1,,GO:0007158,GO:0030424; GO:0030425,
1544,66-Iwata-CellDynOSNMT,Fig1E_posterior1_50_2,,GO:0007158,GO:0030424; GO:0030425,
1545,66-Iwata-CellDynOSNMT,Fig1E_posterior1_50_3,,GO:0007158,GO:0030424; GO:0030425,
1546,66-Iwata-CellDynOSNMT,Fig1E_posterior1_50_4,,GO:0007158,GO:0030424; GO:0030425,
1547,66-Iwata-CellDynOSNMT,Fig1E_posterior1_100_1,,GO:0007158,GO:0030424; GO:0030425,
1548,66-Iwata-CellDynOSNMT,Fig1E_posterior1_100_2,,GO:0007158,GO:0030424; GO:0030425,
1549,66-Iwata-CellDynOSNMT,Fig1E_posterior1_100_3,,GO:0007158,GO:0030424; GO:0030425,
1550,66-Iwata-CellDynOSNMT,Fig1E_posterior1_100_4,,GO:0007158,GO:0030424; GO:0030425,
1551,66-Iwata-CellDynOSNMT,Fig1E_posterior1_200_1,,GO:0007158,GO:0030424; GO:0030425,
1552,66-Iwata-CellDynOSNMT,Fig1E_posterior1_200_2,,GO:0007158,GO:0030424; GO:0030425,
1553,66-Iwata-CellDynOSNMT,Fig1E_posterior1_200_3,,GO:0007158,GO:0030424; GO:0030425,
1554,66-Iwata-CellDynOSNMT,Fig1E_posterior1_200_4,,GO:0007158,GO:0030424; GO:0030425,
1555,66-Iwata-CellDynOSNMT,Fig1E_posterior1_300_1,,GO:0007158,GO:0030424; GO:0030425,
1556,66-Iwata-CellDynOSNMT,Fig1E_posterior1_300_2,,GO:0007158,GO:0030424; GO:0030425,
1557,66-Iwata-CellDynOSNMT,Fig1E_posterior1_300_3,,GO:0007158,GO:0030424; GO:0030425,
1558,66-Iwata-CellDynOSNMT,Fig1E_posterior1_300_4,,GO:0007158,GO:0030424; GO:0030425,
1559,66-Iwata-CellDynOSNMT,Fig1E_posterior2_50_1,,GO:0007158,GO:0030424; GO:0030425,
1560,66-Iwata-CellDynOSNMT,Fig1E_posterior2_50_2,,GO:0007158,GO:0030424; GO:0030425,
1561,66-Iwata-CellDynOSNMT,Fig1E_posterior2_50_3,,GO:0007158,GO:0030424; GO:0030425,
1562,66-Iwata-CellDynOSNMT,Fig1E_posterior2_50_4,,GO:0007158,GO:0030424; GO:0030425,
1563,66-Iwata-CellDynOSNMT,Fig1E_posterior2_100_1,,GO:0007158,GO:0030424; GO:0030425,
1564,66-Iwata-CellDynOSNMT,Fig1E_posterior2_100_2,,GO:0007158,GO:0030424; GO:0030425,
1565,66-Iwata-CellDynOSNMT,Fig1E_posterior2_100_3,,GO:0007158,GO:0030424; GO:0030425,
1566,66-Iwata-CellDynOSNMT,Fig1E_posterior2_100_4,,GO:0007158,GO:0030424; GO:0030425,
1567,66-Iwata-CellDynOSNMT,Fig1E_posterior2_200_1,,GO:0007158,GO:0030424; GO:0030425,
1568,66-Iwata-CellDynOSNMT,Fig1E_posterior2_200_2,,GO:0007158,GO:0030424; GO:0030425,
1569,66-Iwata-CellDynOSNMT,Fig1E_posterior2_200_3,,GO:0007158,GO:0030424; GO:0030425,
1570,66-Iwata-CellDynOSNMT,Fig1E_posterior2_200_4,,GO:0007158,GO:0030424; GO:0030425,
1571,66-Iwata-CellDynOSNMT,Fig1E_posterior2_300_1,,GO:0007158,GO:0030424; GO:0030425,
1572,66-Iwata-CellDynOSNMT,Fig1E_posterior2_300_2,,GO:0007158,GO:0030424; GO:0030425,
1573,66-Iwata-CellDynOSNMT,Fig1E_posterior2_300_3,,GO:0007158,GO:0030424; GO:0030425,
1574,66-Iwata-CellDynOSNMT,Fig1E_posterior2_300_4,,GO:0007158,GO:0030424; GO:0030425,
1575,66-Iwata-CellDynOSNMT,Fig1E_posterior3_50_1,,GO:0007158,GO:0030424; GO:0030425,
1576,66-Iwata-CellDynOSNMT,Fig1E_posterior3_50_2,,GO:0007158,GO:0030424; GO:0030425,
1577,66-Iwata-CellDynOSNMT,Fig1E_posterior3_50_3,,GO:0007158,GO:0030424; GO:0030425,
1578,66-Iwata-CellDynOSNMT,Fig1E_posterior3_50_4,,GO:0007158,GO:0030424; GO:0030425,
1579,66-Iwata-CellDynOSNMT,Fig1E_posterior3_100_1,,GO:0007158,GO:0030424; GO:0030425,
1580,66-Iwata-CellDynOSNMT,Fig1E_posterior3_100_2,,GO:0007158,GO:0030424; GO:0030425,
1581,66-Iwata-CellDynOSNMT,Fig1E_posterior3_100_3,,GO:0007158,GO:0030424; GO:0030425,
1582,66-Iwata-CellDynOSNMT,Fig1E_posterior3_100_4,,GO:0007158,GO:0030424; GO:0030425,
1583,66-Iwata-CellDynOSNMT,Fig1E_posterior3_200_1,,GO:0007158,GO:0030424; GO:0030425,
1584,66-Iwata-CellDynOSNMT,Fig1E_posterior3_200_2,,GO:0007158,GO:0030424; GO:0030425,
1585,66-Iwata-CellDynOSNMT,Fig1E_posterior3_200_3,,GO:0007158,GO:0030424; GO:0030425,
1586,66-Iwata-CellDynOSNMT,Fig1E_posterior3_200_4,,GO:0007158,GO:0030424; GO:0030425,
1587,66-Iwata-CellDynOSNMT,Fig1E_posterior3_300_1,,GO:0007158,GO:0030424; GO:0030425,
1588,66-Iwata-CellDynOSNMT,Fig1E_posterior3_300_2,,GO:0007158,GO:0030424; GO:0030425,
1589,66-Iwata-CellDynOSNMT,Fig1E_posterior3_300_3,,GO:0007158,GO:0030424; GO:0030425,
1590,66-Iwata-CellDynOSNMT,Fig1E_posterior3_300_4,,GO:0007158,GO:0030424; GO:0030425,
1591,66-Iwata-CellDynOSNMT,Fig1E_posterior4_50_1,,GO:0007158,GO:0030424; GO:0030425,
1592,66-Iwata-CellDynOSNMT,Fig1E_posterior4_50_2,,GO:0007158,GO:0030424; GO:0030425,
1593,66-Iwata-CellDynOSNMT,Fig1E_posterior4_50_3,,GO:0007158,GO:0030424; GO:0030425,
1594,66-Iwata-CellDynOSNMT,Fig1E_posterior4_50_4,,GO:0007158,GO:0030424; GO:0030425,
1595,66-Iwata-CellDynOSNMT,Fig1E_posterior4_100_1,,GO:0007158,GO:0030424; GO:0030425,
1596,66-Iwata-CellDynOSNMT,Fig1E_posterior4_100_2,,GO:0007158,GO:0030424; GO:0030425,
1597,66-Iwata-CellDynOSNMT,Fig1E_posterior4_100_3,,GO:0007158,GO:0030424; GO:0030425,
1598,66-Iwata-CellDynOSNMT,Fig1E_posterior4_100_4,,GO:0007158,GO:0030424; GO:0030425,
1599,66-Iwata-CellDynOSNMT,Fig1E_posterior4_200_1,,GO:0007158,GO:0030424; GO:0030425,
1600,66-Iwata-CellDynOSNMT,Fig1E_posterior4_200_2,,GO:0007158,GO:0030424; GO:0030425,
1601,66-Iwata-CellDynOSNMT,Fig1E_posterior4_200_3,,GO:0007158,GO:0030424; GO:0030425,
1602,66-Iwata-CellDynOSNMT,Fig1E_posterior4_200_4,,GO:0007158,GO:0030424; GO:0030425,
1603,66-Iwata-CellDynOSNMT,Fig1E_posterior4_300_1,,GO:0007158,GO:0030424; GO:0030425,
1604,66-Iwata-CellDynOSNMT,Fig1E_posterior4_300_2,,GO:0007158,GO:0030424; GO:0030425,
1605,66-Iwata-CellDynOSNMT,Fig1E_posterior4_300_3,,GO:0007158,GO:0030424; GO:0030425,
1606,66-Iwata-CellDynOSNMT,Fig1E_posterior4_300_4,,GO:0007158,GO:0030424; GO:0030425,
1607,66-Iwata-CellDynOSNMT,Fig2B_1,,GO:0007158,GO:0030424; GO:0030425,
1608,66-Iwata-CellDynOSNMT,Fig2B_2,,GO:0007158,GO:0030424; GO:0030425,
1609,66-Iwata-CellDynOSNMT,Fig2C,,GO:0007158,GO:0030424; GO:0030425,
1610,66-Iwata-CellDynOSNMT,Fig2D_timecontroller_1,,GO:0007158,GO:0030424; GO:0030425,
1611,66-Iwata-CellDynOSNMT,Fig2D_timecontroller_2,,GO:0007158,GO:0030424; GO:0030425,
1612,66-Iwata-CellDynOSNMT,Fig2D_timecontroller_3,,GO:0007158,GO:0030424; GO:0030425,
1613,66-Iwata-CellDynOSNMT,Fig2D_timecontroller_4,,GO:0007158,GO:0030424; GO:0030425,
1614,66-Iwata-CellDynOSNMT,Fig2D_timecontroller_5,,GO:0007158,GO:0030424; GO:0030425,
1615,66-Iwata-CellDynOSNMT,Fig2D_timecontroller_6,,GO:0007158,GO:0030424; GO:0030425,
1616,66-Iwata-CellDynOSNMT,Fig2D_timecontroller_7,,GO:0007158,GO:0030424; GO:0030425,
1617,66-Iwata-CellDynOSNMT,Fig2D_timecontroller_8,,GO:0007158,GO:0030424; GO:0030425,
1618,66-Iwata-CellDynOSNMT,Fig2D_timecontroller_9,,GO:0007158,GO:0030424; GO:0030425,
1619,66-Iwata-CellDynOSNMT,Fig2D_timecontroller_10,,GO:0007158,GO:0030424; GO:0030425,
1620,66-Iwata-CellDynOSNMT,Fig2D_timecontroller_11,,GO:0007158,GO:0030424; GO:0030425,
1621,66-Iwata-CellDynOSNMT,Fig2D_timecontroller_12,,GO:0007158,GO:0030424; GO:0030425,
1622,66-Iwata-CellDynOSNMT,Fig2D_timecontroller_13,,GO:0007158,GO:0030424; GO:0030425,
1623,66-Iwata-CellDynOSNMT,Fig2D_timecontroller_14,,GO:0007158,GO:0030424; GO:0030425,
1624,66-Iwata-CellDynOSNMT,Fig2D_timecontroller_15,,GO:0007158,GO:0030424; GO:0030425,
1625,66-Iwata-CellDynOSNMT,Fig2D_timecontroller_16,,GO:0007158,GO:0030424; GO:0030425,
1626,66-Iwata-CellDynOSNMT,Fig2D_timecontroller_17,,GO:0007158,GO:0030424; GO:0030425,
1627,66-Iwata-CellDynOSNMT,Fig2D_timecontroller_18,,GO:0007158,GO:0030424; GO:0030425,
1628,66-Iwata-CellDynOSNMT,Fig2D_timecontroller_19,,GO:0007158,GO:0030424; GO:0030425,
1629,66-Iwata-CellDynOSNMT,Fig2D_timecontroller_20,,GO:0007158,GO:0030424; GO:0030425,
1630,66-Iwata-CellDynOSNMT,Fig2D_timecontroller_21,,GO:0007158,GO:0030424; GO:0030425,
1631,66-Iwata-CellDynOSNMT,Fig2D_timecontroller_22,,GO:0007158,GO:0030424; GO:0030425,
1632,66-Iwata-CellDynOSNMT,Fig2D_timecontroller_23,,GO:0007158,GO:0030424; GO:0030425,
1633,66-Iwata-CellDynOSNMT,Fig2D_timecontroller_24,,GO:0007158,GO:0030424; GO:0030425,
1634,66-Iwata-CellDynOSNMT,Fig2D_timecontroller_25,,GO:0007158,GO:0030424; GO:0030425,
1635,66-Iwata-CellDynOSNMT,Fig2D_timecontroller_26,,GO:0007158,GO:0030424; GO:0030425,
1636,66-Iwata-CellDynOSNMT,Fig2D_timecontroller_27,,GO:0007158,GO:0030424; GO:0030425,
1637,66-Iwata-CellDynOSNMT,Fig2D_timecontroller_28,,GO:0007158,GO:0030424; GO:0030425,
1638,66-Iwata-CellDynOSNMT,Fig2D_timecontroller_29,,GO:0007158,GO:0030424; GO:0030425,
1639,66-Iwata-CellDynOSNMT,Fig2D_timecontroller_30,,GO:0007158,GO:0030424; GO:0030425,
1640,66-Iwata-CellDynOSNMT,Fig2D_timecontroller_31,,GO:0007158,GO:0030424; GO:0030425,
1641,66-Iwata-CellDynOSNMT,Fig2D_timecontroller_32,,GO:0007158,GO:0030424; GO:0030425,
1642,66-Iwata-CellDynOSNMT,Fig2D_timecontroller_33,,GO:0007158,GO:0030424; GO:0030425,
1643,66-Iwata-CellDynOSNMT,Fig2D_timecontroller_34,,GO:0007158,GO:0030424; GO:0030425,
1644,66-Iwata-CellDynOSNMT,Fig2D_timecontroller_35,,GO:0007158,GO:0030424; GO:0030425,
1645,66-Iwata-CellDynOSNMT,Fig2D_timecontroller_36,,GO:0007158,GO:0030424; GO:0030425,
1646,66-Iwata-CellDynOSNMT,Fig2D_timecontroller_37,,GO:0007158,GO:0030424; GO:0030425,
1647,66-Iwata-CellDynOSNMT,Fig2D_timecontroller_38,,GO:0007158,GO:0030424; GO:0030425,
1648,66-Iwata-CellDynOSNMT,Fig2D_timecontroller_39,,GO:0007158,GO:0030424; GO:0030425,
1649,66-Iwata-CellDynOSNMT,Fig2D_timecontroller_40,,GO:0007158,GO:0030424; GO:0030425,
1650,66-Iwata-CellDynOSNMT,Fig2D_timecontroller_41,,GO:0007158,GO:0030424; GO:0030425,
1651,66-Iwata-CellDynOSNMT,Fig2D_timecontroller_42,,GO:0007158,GO:0030424; GO:0030425,
1652,66-Iwata-CellDynOSNMT,Fig2D_timecontroller_43,,GO:0007158,GO:0030424; GO:0030425,
1653,66-Iwata-CellDynOSNMT,Fig2D_timecontroller_44,,GO:0007158,GO:0030424; GO:0030425,
1654,66-Iwata-CellDynOSNMT,Fig2D_timecontroller_45,,GO:0007158,GO:0030424; GO:0030425,
1655,66-Iwata-CellDynOSNMT,Fig2D_timecontroller_46,,GO:0007158,GO:0030424; GO:0030425,
1656,66-Iwata-CellDynOSNMT,Fig2D_timecontroller_47,,GO:0007158,GO:0030424; GO:0030425,
1657,66-Iwata-CellDynOSNMT,Fig2D_timecontroller_48,,GO:0007158,GO:0030424; GO:0030425,
1658,66-Iwata-CellDynOSNMT,Fig2D_timecontroller_49,,GO:0007158,GO:0030424; GO:0030425,
1659,66-Iwata-CellDynOSNMT,Fig2D_timecontroller_50,,GO:0007158,GO:0030424; GO:0030425,
1660,66-Iwata-CellDynOSNMT,Fig2D_timecontroller_51,,GO:0007158,GO:0030424; GO:0030425,
1661,66-Iwata-CellDynOSNMT,Fig2D_timecontroller_52,,GO:0007158,GO:0030424; GO:0030425,
1662,66-Iwata-CellDynOSNMT,Fig2D_timecontroller_53,,GO:0007158,GO:0030424; GO:0030425,
1663,66-Iwata-CellDynOSNMT,Fig2D_timecontroller_54,,GO:0007158,GO:0030424; GO:0030425,
1664,66-Iwata-CellDynOSNMT,Fig2D_timecontroller_55,,GO:0007158,GO:0030424; GO:0030425,
1665,66-Iwata-CellDynOSNMT,Fig2D_timecontroller_56,,GO:0007158,GO:0030424; GO:0030425,
1666,66-Iwata-CellDynOSNMT,Fig2D_timecontroller_57,,GO:0007158,GO:0030424; GO:0030425,
1667,66-Iwata-CellDynOSNMT,Fig2D_timecontroller_58,,GO:0007158,GO:0030424; GO:0030425,
1668,66-Iwata-CellDynOSNMT,Fig2D_timecontroller_59,,GO:0007158,GO:0030424; GO:0030425,
1669,66-Iwata-CellDynOSNMT,Fig2D_timecontroller_60,,GO:0007158,GO:0030424; GO:0030425,
1670,66-Iwata-CellDynOSNMT,Fig2D_timecontroller_61,,GO:0007158,GO:0030424; GO:0030425,
1671,66-Iwata-CellDynOSNMT,Fig2D_timecontroller_62,,GO:0007158,GO:0030424; GO:0030425,
1672,66-Iwata-CellDynOSNMT,Fig2D_timecontroller_63,,GO:0007158,GO:0030424; GO:0030425,
1673,66-Iwata-CellDynOSNMT,Fig2D_timecontroller_64,,GO:0007158,GO:0030424; GO:0030425,
1674,66-Iwata-CellDynOSNMT,Fig2D_timecontroller_65,,GO:0007158,GO:0030424; GO:0030425,
1675,66-Iwata-CellDynOSNMT,Fig2D_timecontroller_66,,GO:0007158,GO:0030424; GO:0030425,
1676,66-Iwata-CellDynOSNMT,Fig2D_timecontroller_67,,GO:0007158,GO:0030424; GO:0030425,
1677,66-Iwata-CellDynOSNMT,Fig2D_timecontroller_68,,GO:0007158,GO:0030424; GO:0030425,
1678,66-Iwata-CellDynOSNMT,Fig2D_timecontroller_69,,GO:0007158,GO:0030424; GO:0030425,
1679,66-Iwata-CellDynOSNMT,Fig2D_timecontroller_70,,GO:0007158,GO:0030424; GO:0030425,
1680,66-Iwata-CellDynOSNMT,Fig2D_timecontroller_71,,GO:0007158,GO:0030424; GO:0030425,
1681,66-Iwata-CellDynOSNMT,Fig2D_timecontroller_72,,GO:0007158,GO:0030424; GO:0030425,
1682,66-Iwata-CellDynOSNMT,Fig2D_timecontroller_73,,GO:0007158,GO:0030424; GO:0030425,
1683,66-Iwata-CellDynOSNMT,Fig2D_timecontroller_74,,GO:0007158,GO:0030424; GO:0030425,
1684,66-Iwata-CellDynOSNMT,Fig2D_timecontroller_75,,GO:0007158,GO:0030424; GO:0030425,
1685,66-Iwata-CellDynOSNMT,Fig2D_timecontroller_76,,GO:0007158,GO:0030424; GO:0030425,
1686,66-Iwata-CellDynOSNMT,Fig2D_timecontroller_77,,GO:0007158,GO:0030424; GO:0030425,
1687,66-Iwata-CellDynOSNMT,Fig2D_timecontroller_78,,GO:0007158,GO:0030424; GO:0030425,
1688,66-Iwata-CellDynOSNMT,Fig2D_timecontroller_79,,GO:0007158,GO:0030424; GO:0030425,
1689,66-Iwata-CellDynOSNMT,Fig2D_timecontroller_80,,GO:0007158,GO:0030424; GO:0030425,
1690,66-Iwata-CellDynOSNMT,Fig2D_timecontroller_81,,GO:0007158,GO:0030424; GO:0030425,
1691,66-Iwata-CellDynOSNMT,Fig2D_timecontroller_82,,GO:0007158,GO:0030424; GO:0030425,
1692,66-Iwata-CellDynOSNMT,Fig2D_timecontroller_83,,GO:0007158,GO:0030424; GO:0030425,
1693,66-Iwata-CellDynOSNMT,Fig2D_timecontroller_84,,GO:0007158,GO:0030424; GO:0030425,
1694,66-Iwata-CellDynOSNMT,Fig2D_timecontroller_85,,GO:0007158,GO:0030424; GO:0030425,
1695,66-Iwata-CellDynOSNMT,Fig2D_timecontroller_86,,GO:0007158,GO:0030424; GO:0030425,
1696,66-Iwata-CellDynOSNMT,Fig2D_timecontroller_87,,GO:0007158,GO:0030424; GO:0030425,
1697,66-Iwata-CellDynOSNMT,Fig2D_timecontroller_88,,GO:0007158,GO:0030424; GO:0030425,
1698,66-Iwata-CellDynOSNMT,Fig2D_timecontroller_89,,GO:0007158,GO:0030424; GO:0030425,
1699,66-Iwata-CellDynOSNMT,Fig2EF-S2E-S2H_1,,GO:0007158,GO:0030424; GO:0030425,
1700,66-Iwata-CellDynOSNMT,Fig2EF-S2E-S2H_2,,GO:0007158,GO:0030424; GO:0030425,
1701,66-Iwata-CellDynOSNMT,Fig2EF-S2E-S2H_3,,GO:0007158,GO:0030424; GO:0030425,
1702,66-Iwata-CellDynOSNMT,Fig2EF-S2E-S2H_4,,GO:0007158,GO:0030424; GO:0030425,
1703,66-Iwata-CellDynOSNMT,Fig2EF-S2E-S2H_5,,GO:0007158,GO:0030424; GO:0030425,
1704,66-Iwata-CellDynOSNMT,Fig2EF-S2E-S2H_6,,GO:0007158,GO:0030424; GO:0030425,
1705,66-Iwata-CellDynOSNMT,Fig2EF-S2E-S2H_7,,GO:0007158,GO:0030424; GO:0030425,
1706,66-Iwata-CellDynOSNMT,Fig2EF-S2E-S2H_8,,GO:0007158,GO:0030424; GO:0030425,
1707,66-Iwata-CellDynOSNMT,Fig2EF-S2E-S2H_9,,GO:0007158,GO:0030424; GO:0030425,
1708,66-Iwata-CellDynOSNMT,Fig2EF-S2E-S2H_10,,GO:0007158,GO:0030424; GO:0030425,
1709,66-Iwata-CellDynOSNMT,Fig2EF-S2E-S2H_11,,GO:0007158,GO:0030424; GO:0030425,
1710,66-Iwata-CellDynOSNMT,Fig2EF-S2E-S2H_12,,GO:0007158,GO:0030424; GO:0030425,
1711,66-Iwata-CellDynOSNMT,Fig2EF-S2E-S2H_13,,GO:0007158,GO:0030424; GO:0030425,
1712,66-Iwata-CellDynOSNMT,Fig2EF-S2E-S2H_14,,GO:0007158,GO:0030424; GO:0030425,
1713,66-Iwata-CellDynOSNMT,Fig2EF-S2E-S2H_15,,GO:0007158,GO:0030424; GO:0030425,
1714,66-Iwata-CellDynOSNMT,Fig2EF-S2E-S2H_16,,GO:0007158,GO:0030424; GO:0030425,
1715,66-Iwata-CellDynOSNMT,Fig2EF-S2E-S2H_17,,GO:0007158,GO:0030424; GO:0030425,
1716,66-Iwata-CellDynOSNMT,Fig2EF-S2E-S2H_18,,GO:0007158,GO:0030424; GO:0030425,
1717,66-Iwata-CellDynOSNMT,Fig2EF-S2E-S2H_19,,GO:0007158,GO:0030424; GO:0030425,
1718,66-Iwata-CellDynOSNMT,Fig2EF-S2E-S2H_20,,GO:0007158,GO:0030424; GO:0030425,
1719,66-Iwata-CellDynOSNMT,Fig2EF-S2E-S2H_21,,GO:0007158,GO:0030424; GO:0030425,
1720,66-Iwata-CellDynOSNMT,Fig2EF-S2E-S2H_22,,GO:0007158,GO:0030424; GO:0030425,
1721,66-Iwata-CellDynOSNMT,Fig2EF-S2E-S2H_23,,GO:0007158,GO:0030424; GO:0030425,
1722,66-Iwata-CellDynOSNMT,Fig2EF-S2E-S2H_24,,GO:0007158,GO:0030424; GO:0030425,
1723,66-Iwata-CellDynOSNMT,Fig2EF-S2E-S2H_25,,GO:0007158,GO:0030424; GO:0030425,
1724,66-Iwata-CellDynOSNMT,Fig2EF-S2E-S2H_26,,GO:0007158,GO:0030424; GO:0030425,
1725,66-Iwata-CellDynOSNMT,Fig2EF-S2E-S2H_27,,GO:0007158,GO:0030424; GO:0030425,
1726,66-Iwata-CellDynOSNMT,Fig2EF-S2E-S2H_28,,GO:0007158,GO:0030424; GO:0030425,
1727,66-Iwata-CellDynOSNMT,Fig2EF-S2E-S2H_29,,GO:0007158,GO:0030424; GO:0030425,
1728,66-Iwata-CellDynOSNMT,Fig2EF-S2E-S2H_30,,GO:0007158,GO:0030424; GO:0030425,
1729,66-Iwata-CellDynOSNMT,Fig2EF-S2E-S2H_31,,GO:0007158,GO:0030424; GO:0030425,
1730,66-Iwata-CellDynOSNMT,Fig2EF-S2E-S2H_32,,GO:0007158,GO:0030424; GO:0030425,
1731,66-Iwata-CellDynOSNMT,Fig2EF-S2E-S2H_33,,GO:0007158,GO:0030424; GO:0030425,
1732,66-Iwata-CellDynOSNMT,Fig2EF-S2E-S2H_34,,GO:0007158,GO:0030424; GO:0030425,
1733,66-Iwata-CellDynOSNMT,Fig2EF-S2E-S2H_35,,GO:0007158,GO:0030424; GO:0030425,
1734,66-Iwata-CellDynOSNMT,Fig2EF-S2E-S2H_36,,GO:0007158,GO:0030424; GO:0030425,
1735,66-Iwata-CellDynOSNMT,Fig2EF-S2E-S2H_37,,GO:0007158,GO:0030424; GO:0030425,
1736,66-Iwata-CellDynOSNMT,Fig2EF-S2E-S2H_38,,GO:0007158,GO:0030424; GO:0030425,
1737,66-Iwata-CellDynOSNMT,Fig2EF-S2E-S2H_39,,GO:0007158,GO:0030424; GO:0030425,
1738,66-Iwata-CellDynOSNMT,Fig2EF-S2E-S2H_40,,GO:0007158,GO:0030424; GO:0030425,
1739,66-Iwata-CellDynOSNMT,Fig2EF-S2E-S2H_41,,GO:0007158,GO:0030424; GO:0030425,
1740,66-Iwata-CellDynOSNMT,Fig2EF-S2E-S2H_42,,GO:0007158,GO:0030424; GO:0030425,
1741,66-Iwata-CellDynOSNMT,Fig2EF-S2E-S2H_43,,GO:0007158,GO:0030424; GO:0030425,
1742,66-Iwata-CellDynOSNMT,Fig2EF-S2E-S2H_44,,GO:0007158,GO:0030424; GO:0030425,
1743,66-Iwata-CellDynOSNMT,Fig2EF-S2E-S2H_45,,GO:0007158,GO:0030424; GO:0030425,
1744,66-Iwata-CellDynOSNMT,Fig2EF-S2E-S2H_46,,GO:0007158,GO:0030424; GO:0030425,
1745,66-Iwata-CellDynOSNMT,Fig2EF-S2E-S2H_47,,GO:0007158,GO:0030424; GO:0030425,
1746,66-Iwata-CellDynOSNMT,Fig2EF-S2E-S2H_48,,GO:0007158,GO:0030424; GO:0030425,
1747,66-Iwata-CellDynOSNMT,Fig2EF-S2E-S2H_49,,GO:0007158,GO:0030424; GO:0030425,
1748,66-Iwata-CellDynOSNMT,Fig2EF-S2E-S2H_50,,GO:0007158,GO:0030424; GO:0030425,
1749,66-Iwata-CellDynOSNMT,Fig2EF-S2E-S2H_51,,GO:0007158,GO:0030424; GO:0030425,
1750,66-Iwata-CellDynOSNMT,Fig2EF-S2E-S2H_52,,GO:0007158,GO:0030424; GO:0030425,
1751,66-Iwata-CellDynOSNMT,Fig2EF-S2E-S2H_53,,GO:0007158,GO:0030424; GO:0030425,
1752,66-Iwata-CellDynOSNMT,Fig2EF-S2E-S2H_54,,GO:0007158,GO:0030424; GO:0030425,
1753,66-Iwata-CellDynOSNMT,Fig2EF-S2E-S2H_55,,GO:0007158,GO:0030424; GO:0030425,
1754,66-Iwata-CellDynOSNMT,Fig2EF-S2E-S2H_56,,GO:0007158,GO:0030424; GO:0030425,
1755,66-Iwata-CellDynOSNMT,Fig2EF-S2E-S2H_57,,GO:0007158,GO:0030424; GO:0030425,
1756,66-Iwata-CellDynOSNMT,Fig2EF-S2E-S2H_58,,GO:0007158,GO:0030424; GO:0030425,
1757,66-Iwata-CellDynOSNMT,Fig2EF-S2E-S2H_59,,GO:0007158,GO:0030424; GO:0030425,
1758,66-Iwata-CellDynOSNMT,Fig2EF-S2E-S2H_60,,GO:0007158,GO:0030424; GO:0030425,
1759,66-Iwata-CellDynOSNMT,Fig2EF-S2E-S2H_61,,GO:0007158,GO:0030424; GO:0030425,
1760,66-Iwata-CellDynOSNMT,Fig2EF-S2E-S2H_62,,GO:0007158,GO:0030424; GO:0030425,
1761,66-Iwata-CellDynOSNMT,Fig2EF-S2E-S2H_63,,GO:0007158,GO:0030424; GO:0030425,
1762,66-Iwata-CellDynOSNMT,Fig2EF-S2E-S2H_64,,GO:0007158,GO:0030424; GO:0030425,
1763,66-Iwata-CellDynOSNMT,Fig2EF-S2E-S2H_65,,GO:0007158,GO:0030424; GO:0030425,
1764,66-Iwata-CellDynOSNMT,Fig2EF-S2E-S2H_66,,GO:0007158,GO:0030424; GO:0030425,
1765,66-Iwata-CellDynOSNMT,Fig2EF-S2E-S2H_67,,GO:0007158,GO:0030424; GO:0030425,
1766,66-Iwata-CellDynOSNMT,Fig2EF-S2E-S2H_68,,GO:0007158,GO:0030424; GO:0030425,
1767,66-Iwata-CellDynOSNMT,Fig3A-3C,,GO:0007158,GO:0030424; GO:0030425,
1768,66-Iwata-CellDynOSNMT,Fig3G-3I_1,,GO:0007158,GO:0030424; GO:0030425,
1769,66-Iwata-CellDynOSNMT,Fig3G-3I_2,,GO:0007158,GO:0030424; GO:0030425,
1770,66-Iwata-CellDynOSNMT,Fig3G-3I_3,,GO:0007158,GO:0030424; GO:0030425,
1771,66-Iwata-CellDynOSNMT,Fig3G-3I_4,,GO:0007158,GO:0030424; GO:0030425,
1772,66-Iwata-CellDynOSNMT,Fig3G-3I_5,,GO:0007158,GO:0030424; GO:0030425,
1773,66-Iwata-CellDynOSNMT,Fig3G-3I_6,,GO:0007158,GO:0030424; GO:0030425,
1774,66-Iwata-CellDynOSNMT,Fig3G-3I_7,,GO:0007158,GO:0030424; GO:0030425,
1775,66-Iwata-CellDynOSNMT,Fig3G-3I_8,,GO:0007158,GO:0030424; GO:0030425,
1776,66-Iwata-CellDynOSNMT,Fig3G-3I_9,,GO:0007158,GO:0030424; GO:0030425,
1777,66-Iwata-CellDynOSNMT,Fig3G-3I_10,,GO:0007158,GO:0030424; GO:0030425,
1778,66-Iwata-CellDynOSNMT,Fig3G-3I_11,,GO:0007158,GO:0030424; GO:0030425,
1779,66-Iwata-CellDynOSNMT,Fig3G-3I_12,,GO:0007158,GO:0030424; GO:0030425,
1780,66-Iwata-CellDynOSNMT,Fig4A,,GO:0007158,GO:0030424; GO:0030425,
1781,66-Iwata-CellDynOSNMT,Fig4B,,GO:0007158,GO:0030424; GO:0030425,
1782,66-Iwata-CellDynOSNMT,Fig4D_increasedairflow,,GO:0007158,GO:0030424; GO:0030425,
1783,66-Iwata-CellDynOSNMT,Fig4D_odor,,GO:0007158,GO:0030424; GO:0030425,
1784,66-Iwata-CellDynOSNMT,Fig4E-G-S3H_1,,GO:0007158,GO:0030424; GO:0030425,
1785,66-Iwata-CellDynOSNMT,Fig4E-G-S3H_1_,,GO:0007158,GO:0030424; GO:0030425,
1786,66-Iwata-CellDynOSNMT,Fig4E-G-S3H_2,,GO:0007158,GO:0030424; GO:0030425,
1787,66-Iwata-CellDynOSNMT,Fig4E-G-S3H_2_,,GO:0007158,GO:0030424; GO:0030425,
1788,66-Iwata-CellDynOSNMT,Fig4E-G-S3H_3,,GO:0007158,GO:0030424; GO:0030425,
1789,66-Iwata-CellDynOSNMT,Fig4E-G-S3H_3_,,GO:0007158,GO:0030424; GO:0030425,
1790,66-Iwata-CellDynOSNMT,Fig4E-G-S3H_4,,GO:0007158,GO:0030424; GO:0030425,
1791,66-Iwata-CellDynOSNMT,Fig4E-G-S3H_4_,,GO:0007158,GO:0030424; GO:0030425,
1792,66-Iwata-CellDynOSNMT,Fig4E-G-S3H_5,,GO:0007158,GO:0030424; GO:0030425,
1793,66-Iwata-CellDynOSNMT,Fig4E-G-S3H_5_,,GO:0007158,GO:0030424; GO:0030425,
1794,66-Iwata-CellDynOSNMT,Fig4E-G-S3H_6,,GO:0007158,GO:0030424; GO:0030425,
1795,66-Iwata-CellDynOSNMT,Fig4E-G-S3H_6_,,GO:0007158,GO:0030424; GO:0030425,
1796,66-Iwata-CellDynOSNMT,Fig4E-G-S3H_7,,GO:0007158,GO:0030424; GO:0030425,
1797,66-Iwata-CellDynOSNMT,Fig4E-G-S3H_7_,,GO:0007158,GO:0030424; GO:0030425,
1798,66-Iwata-CellDynOSNMT,Fig4E-G-S3H_8,,GO:0007158,GO:0030424; GO:0030425,
1799,66-Iwata-CellDynOSNMT,Fig4E-G-S3H_8_,,GO:0007158,GO:0030424; GO:0030425,
1800,66-Iwata-CellDynOSNMT,Fig4E-G-S3H_9,,GO:0007158,GO:0030424; GO:0030425,
1801,66-Iwata-CellDynOSNMT,Fig4E-G-S3H_9_,,GO:0007158,GO:0030424; GO:0030425,
1802,66-Iwata-CellDynOSNMT,Fig4E-G-S3H_10,,GO:0007158,GO:0030424; GO:0030425,
1803,66-Iwata-CellDynOSNMT,Fig4E-G-S3H_10_,,GO:0007158,GO:0030424; GO:0030425,
1804,66-Iwata-CellDynOSNMT,Fig4E-G-S3H_11,,GO:0007158,GO:0030424; GO:0030425,
1805,66-Iwata-CellDynOSNMT,Fig4E-G-S3H_11_,,GO:0007158,GO:0030424; GO:0030425,
1806,66-Iwata-CellDynOSNMT,Fig4E-G-S3H_12,,GO:0007158,GO:0030424; GO:0030425,
1807,66-Iwata-CellDynOSNMT,Fig4E-G-S3H_12_,,GO:0007158,GO:0030424; GO:0030425,
1808,66-Iwata-CellDynOSNMT,Fig4E-G-S3H_13,,GO:0007158,GO:0030424; GO:0030425,
1809,66-Iwata-CellDynOSNMT,Fig4E-G-S3H_13_,,GO:0007158,GO:0030424; GO:0030425,
1810,66-Iwata-CellDynOSNMT,Fig4E-G-S3H_14,,GO:0007158,GO:0030424; GO:0030425,
1811,66-Iwata-CellDynOSNMT,Fig4E-G-S3H_14_,,GO:0007158,GO:0030424; GO:0030425,
1812,66-Iwata-CellDynOSNMT,Fig4E-G-S3H_15,,GO:0007158,GO:0030424; GO:0030425,
1813,66-Iwata-CellDynOSNMT,Fig4E-G-S3H_15_,,GO:0007158,GO:0030424; GO:0030425,
1814,66-Iwata-CellDynOSNMT,Fig4E-G-S3H_16,,GO:0007158,GO:0030424; GO:0030425,
1815,66-Iwata-CellDynOSNMT,Fig4E-G-S3H_16_,,GO:0007158,GO:0030424; GO:0030425,
1816,66-Iwata-CellDynOSNMT,Fig4E-G-S3H_17,,GO:0007158,GO:0030424; GO:0030425,
1817,66-Iwata-CellDynOSNMT,Fig4E-G-S3H_17_,,GO:0007158,GO:0030424; GO:0030425,
1818,66-Iwata-CellDynOSNMT,Fig4E-G-S3H_18,,GO:0007158,GO:0030424; GO:0030425,
1819,66-Iwata-CellDynOSNMT,Fig4E-G-S3H_18_,,GO:0007158,GO:0030424; GO:0030425,
1820,66-Iwata-CellDynOSNMT,Fig4E-G-S3H_19,,GO:0007158,GO:0030424; GO:0030425,
1821,66-Iwata-CellDynOSNMT,Fig4E-G-S3H_19_,,GO:0007158,GO:0030424; GO:0030425,
1822,66-Iwata-CellDynOSNMT,Fig4E-G-S3H_20,,GO:0007158,GO:0030424; GO:0030425,
1823,66-Iwata-CellDynOSNMT,Fig4E-G-S3H_20_,,GO:0007158,GO:0030424; GO:0030425,
1824,66-Iwata-CellDynOSNMT,Fig4E-G-S3H_21,,GO:0007158,GO:0030424; GO:0030425,
1825,66-Iwata-CellDynOSNMT,Fig4E-G-S3H_21_,,GO:0007158,GO:0030424; GO:0030425,
1826,66-Iwata-CellDynOSNMT,Fig4E-G-S3H_22,,GO:0007158,GO:0030424; GO:0030425,
1827,66-Iwata-CellDynOSNMT,Fig4E-G-S3H_22_,,GO:0007158,GO:0030424; GO:0030425,
1828,66-Iwata-CellDynOSNMT,Fig4E-G-S3H_23,,GO:0007158,GO:0030424; GO:0030425,
1829,66-Iwata-CellDynOSNMT,Fig4E-G-S3H_23_,,GO:0007158,GO:0030424; GO:0030425,
1830,66-Iwata-CellDynOSNMT,Fig4E-G-S3H_24,,GO:0007158,GO:0030424; GO:0030425,
1831,66-Iwata-CellDynOSNMT,Fig4E-G-S3H_24_,,GO:0007158,GO:0030424; GO:0030425,
1832,66-Iwata-CellDynOSNMT,Fig4E-G-S3H_25,,GO:0007158,GO:0030424; GO:0030425,
1833,66-Iwata-CellDynOSNMT,Fig4E-G-S3H_25_,,GO:0007158,GO:0030424; GO:0030425,
1834,66-Iwata-CellDynOSNMT,Fig4E-G-S3H_26,,GO:0007158,GO:0030424; GO:0030425,
1835,66-Iwata-CellDynOSNMT,Fig4E-G-S3H_26_,,GO:0007158,GO:0030424; GO:0030425,
1836,66-Iwata-CellDynOSNMT,Fig4E-G-S3H_27,,GO:0007158,GO:0030424; GO:0030425,
1837,66-Iwata-CellDynOSNMT,Fig4E-G-S3H_27_,,GO:0007158,GO:0030424; GO:0030425,
1838,66-Iwata-CellDynOSNMT,Fig4E-G-S3H_28,,GO:0007158,GO:0030424; GO:0030425,
1839,66-Iwata-CellDynOSNMT,Fig4E-G-S3H_28_,,GO:0007158,GO:0030424; GO:0030425,
1840,66-Iwata-CellDynOSNMT,Fig4E-G-S3H_29,,GO:0007158,GO:0030424; GO:0030425,
1841,66-Iwata-CellDynOSNMT,Fig4E-G-S3H_29_,,GO:0007158,GO:0030424; GO:0030425,
1842,66-Iwata-CellDynOSNMT,Fig4E-G-S3H_30,,GO:0007158,GO:0030424; GO:0030425,
1843,66-Iwata-CellDynOSNMT,Fig4E-G-S3H_30_,,GO:0007158,GO:0030424; GO:0030425,
1844,66-Iwata-CellDynOSNMT,Fig4E-G-S3H_31,,GO:0007158,GO:0030424; GO:0030425,
1845,66-Iwata-CellDynOSNMT,Fig4E-G-S3H_31_,,GO:0007158,GO:0030424; GO:0030425,
1846,66-Iwata-CellDynOSNMT,Fig4E-G-S3H_32,,GO:0007158,GO:0030424; GO:0030425,
1847,66-Iwata-CellDynOSNMT,Fig4E-G-S3H_32_,,GO:0007158,GO:0030424; GO:0030425,
1848,66-Iwata-CellDynOSNMT,Fig4E-G-S3H_33,,GO:0007158,GO:0030424; GO:0030425,
1849,66-Iwata-CellDynOSNMT,Fig4E-G-S3H_33_,,GO:0007158,GO:0030424; GO:0030425,
1850,66-Iwata-CellDynOSNMT,Fig4E-G-S3H_34,,GO:0007158,GO:0030424; GO:0030425,
1851,66-Iwata-CellDynOSNMT,Fig4E-G-S3H_34_,,GO:0007158,GO:0030424; GO:0030425,
1852,66-Iwata-CellDynOSNMT,Fig4E-G-S3H_35,,GO:0007158,GO:0030424; GO:0030425,
1853,66-Iwata-CellDynOSNMT,Fig4E-G-S3H_35_,,GO:0007158,GO:0030424; GO:0030425,
1854,66-Iwata-CellDynOSNMT,Fig4E-G-S3H_36,,GO:0007158,GO:0030424; GO:0030425,
1855,66-Iwata-CellDynOSNMT,Fig4E-G-S3H_36_,,GO:0007158,GO:0030424; GO:0030425,
1856,66-Iwata-CellDynOSNMT,Fig4E-G-S3H_37,,GO:0007158,GO:0030424; GO:0030425,
1857,66-Iwata-CellDynOSNMT,Fig4E-G-S3H_37_,,GO:0007158,GO:0030424; GO:0030425,
1858,66-Iwata-CellDynOSNMT,Fig4E-G-S3H_38,,GO:0007158,GO:0030424; GO:0030425,
1859,66-Iwata-CellDynOSNMT,Fig4E-G-S3H_38_,,GO:0007158,GO:0030424; GO:0030425,
1860,66-Iwata-CellDynOSNMT,Fig4E-G-S3H_39,,GO:0007158,GO:0030424; GO:0030425,
1861,66-Iwata-CellDynOSNMT,Fig4E-G-S3H_39_,,GO:0007158,GO:0030424; GO:0030425,
1862,66-Iwata-CellDynOSNMT,Fig4E-G-S3H_40,,GO:0007158,GO:0030424; GO:0030425,
1863,66-Iwata-CellDynOSNMT,Fig4E-G-S3H_40_,,GO:0007158,GO:0030424; GO:0030425,
1864,66-Iwata-CellDynOSNMT,Fig4E-G-S3H_41,,GO:0007158,GO:0030424; GO:0030425,
1865,66-Iwata-CellDynOSNMT,Fig4E-G-S3H_41_,,GO:0007158,GO:0030424; GO:0030425,
1866,66-Iwata-CellDynOSNMT,Fig4E-G-S3H_42,,GO:0007158,GO:0030424; GO:0030425,
1867,66-Iwata-CellDynOSNMT,Fig4E-G-S3H_42_,,GO:0007158,GO:0030424; GO:0030425,
1868,66-Iwata-CellDynOSNMT,Fig4E-G-S3H_43,,GO:0007158,GO:0030424; GO:0030425,
1869,66-Iwata-CellDynOSNMT,Fig4E-G-S3H_43_,,GO:0007158,GO:0030424; GO:0030425,
1870,66-Iwata-CellDynOSNMT,Fig4E-G-S3H_44,,GO:0007158,GO:0030424; GO:0030425,
1871,66-Iwata-CellDynOSNMT,Fig4E-G-S3H_44_,,GO:0007158,GO:0030424; GO:0030425,
1872,66-Iwata-CellDynOSNMT,Fig4E-G-S3H_45,,GO:0007158,GO:0030424; GO:0030425,
1873,66-Iwata-CellDynOSNMT,Fig4E-G-S3H_45_,,GO:0007158,GO:0030424; GO:0030425,
1874,66-Iwata-CellDynOSNMT,Fig4E-G-S3H_46,,GO:0007158,GO:0030424; GO:0030425,
1875,66-Iwata-CellDynOSNMT,Fig4E-G-S3H_46_,,GO:0007158,GO:0030424; GO:0030425,
1876,66-Iwata-CellDynOSNMT,Fig4E-G-S3H_47,,GO:0007158,GO:0030424; GO:0030425,
1877,66-Iwata-CellDynOSNMT,Fig4E-G-S3H_47_,,GO:0007158,GO:0030424; GO:0030425,
1878,66-Iwata-CellDynOSNMT,Fig4E-G-S3H_48,,GO:0007158,GO:0030424; GO:0030425,
1879,66-Iwata-CellDynOSNMT,Fig4E-G-S3H_48_,,GO:0007158,GO:0030424; GO:0030425,
1880,66-Iwata-CellDynOSNMT,Fig4E-G-S3H_49,,GO:0007158,GO:0030424; GO:0030425,
1881,66-Iwata-CellDynOSNMT,Fig4E-G-S3H_49_,,GO:0007158,GO:0030424; GO:0030425,
1882,66-Iwata-CellDynOSNMT,Fig4E-G-S3H_50,,GO:0007158,GO:0030424; GO:0030425,
1883,66-Iwata-CellDynOSNMT,Fig4E-G-S3H_50_,,GO:0007158,GO:0030424; GO:0030425,
1884,66-Iwata-CellDynOSNMT,Fig4E-G-S3H_51,,GO:0007158,GO:0030424; GO:0030425,
1885,66-Iwata-CellDynOSNMT,Fig4E-G-S3H_51_,,GO:0007158,GO:0030424; GO:0030425,
1886,66-Iwata-CellDynOSNMT,Fig4E-G-S3H_52,,GO:0007158,GO:0030424; GO:0030425,
1887,66-Iwata-CellDynOSNMT,Fig4E-G-S3H_52_,,GO:0007158,GO:0030424; GO:0030425,
1888,66-Iwata-CellDynOSNMT,Fig4E-G-S3H_53,,GO:0007158,GO:0030424; GO:0030425,
1889,66-Iwata-CellDynOSNMT,Fig4E-G-S3H_53_,,GO:0007158,GO:0030424; GO:0030425,
1890,66-Iwata-CellDynOSNMT,Fig4E-G-S3H_54,,GO:0007158,GO:0030424; GO:0030425,
1891,66-Iwata-CellDynOSNMT,Fig4E-G-S3H_54_,,GO:0007158,GO:0030424; GO:0030425,
1892,66-Iwata-CellDynOSNMT,Fig4E-G-S3H_55,,GO:0007158,GO:0030424; GO:0030425,
1893,66-Iwata-CellDynOSNMT,Fig4E-G-S3H_55_,,GO:0007158,GO:0030424; GO:0030425,
1894,66-Iwata-CellDynOSNMT,Fig4E-G-S3H_56,,GO:0007158,GO:0030424; GO:0030425,
1895,66-Iwata-CellDynOSNMT,Fig4E-G-S3H_56_,,GO:0007158,GO:0030424; GO:0030425,
1896,66-Iwata-CellDynOSNMT,Fig4E-G-S3H_57,,GO:0007158,GO:0030424; GO:0030425,
1897,66-Iwata-CellDynOSNMT,Fig4E-G-S3H_57_,,GO:0007158,GO:0030424; GO:0030425,
1898,66-Iwata-CellDynOSNMT,Fig4E-G-S3H_58,,GO:0007158,GO:0030424; GO:0030425,
1899,66-Iwata-CellDynOSNMT,Fig4E-G-S3H_58_,,GO:0007158,GO:0030424; GO:0030425,
1900,66-Iwata-CellDynOSNMT,Fig4E-G-S3H_59,,GO:0007158,GO:0030424; GO:0030425,
1901,66-Iwata-CellDynOSNMT,Fig4E-G-S3H_59_,,GO:0007158,GO:0030424; GO:0030425,
1902,66-Iwata-CellDynOSNMT,Fig4E-G-S3H_60,,GO:0007158,GO:0030424; GO:0030425,
1903,66-Iwata-CellDynOSNMT,Fig4E-G-S3H_60_,,GO:0007158,GO:0030424; GO:0030425,
1904,66-Iwata-CellDynOSNMT,Fig4E-G-S3H_61,,GO:0007158,GO:0030424; GO:0030425,
1905,66-Iwata-CellDynOSNMT,Fig4E-G-S3H_61_,,GO:0007158,GO:0030424; GO:0030425,
1906,66-Iwata-CellDynOSNMT,Fig4E-G-S3H_62,,GO:0007158,GO:0030424; GO:0030425,
1907,66-Iwata-CellDynOSNMT,Fig4E-G-S3H_62_,,GO:0007158,GO:0030424; GO:0030425,
1908,66-Iwata-CellDynOSNMT,Fig4E-G-S3H_63,,GO:0007158,GO:0030424; GO:0030425,
1909,66-Iwata-CellDynOSNMT,Fig4E-G-S3H_63_,,GO:0007158,GO:0030424; GO:0030425,
1910,66-Iwata-CellDynOSNMT,Fig4E-G-S3H_64,,GO:0007158,GO:0030424; GO:0030425,
1911,66-Iwata-CellDynOSNMT,Fig4E-G-S3H_64_,,GO:0007158,GO:0030424; GO:0030425,
1912,66-Iwata-CellDynOSNMT,Fig4E-G-S3H_65,,GO:0007158,GO:0030424; GO:0030425,
1913,66-Iwata-CellDynOSNMT,Fig4E-G-S3H_65_,,GO:0007158,GO:0030424; GO:0030425,
1914,66-Iwata-CellDynOSNMT,Fig4E-G-S3H_66,,GO:0007158,GO:0030424; GO:0030425,
1915,66-Iwata-CellDynOSNMT,Fig4E-G-S3H_66_,,GO:0007158,GO:0030424; GO:0030425,
1916,66-Iwata-CellDynOSNMT,Fig4E-G-S3H_67,,GO:0007158,GO:0030424; GO:0030425,
1917,66-Iwata-CellDynOSNMT,Fig4E-G-S3H_67_,,GO:0007158,GO:0030424; GO:0030425,
1918,66-Iwata-CellDynOSNMT,Fig4E-G-S3H_68,,GO:0007158,GO:0030424; GO:0030425,
1919,66-Iwata-CellDynOSNMT,Fig4E-G-S3H_68_,,GO:0007158,GO:0030424; GO:0030425,
1920,66-Iwata-CellDynOSNMT,Fig4E-G-S3H_69,,GO:0007158,GO:0030424; GO:0030425,
1921,66-Iwata-CellDynOSNMT,Fig4E-G-S3H_69_,,GO:0007158,GO:0030424; GO:0030425,
1922,66-Iwata-CellDynOSNMT,Fig4E-G-S3H_70,,GO:0007158,GO:0030424; GO:0030425,
1923,66-Iwata-CellDynOSNMT,Fig4E-G-S3H_70_,,GO:0007158,GO:0030424; GO:0030425,
1924,66-Iwata-CellDynOSNMT,Fig4E-G-S3H_71,,GO:0007158,GO:0030424; GO:0030425,
1925,66-Iwata-CellDynOSNMT,Fig4E-G-S3H_71_,,GO:0007158,GO:0030424; GO:0030425,
1926,66-Iwata-CellDynOSNMT,Fig4E-G-S3H_72,,GO:0007158,GO:0030424; GO:0030425,
1927,66-Iwata-CellDynOSNMT,Fig4E-G-S3H_72_,,GO:0007158,GO:0030424; GO:0030425,
1928,66-Iwata-CellDynOSNMT,Fig4E-G-S3H_73,,GO:0007158,GO:0030424; GO:0030425,
1929,66-Iwata-CellDynOSNMT,Fig4E-G-S3H_73_,,GO:0007158,GO:0030424; GO:0030425,
1930,66-Iwata-CellDynOSNMT,Fig4E-G-S3H_74,,GO:0007158,GO:0030424; GO:0030425,
1931,66-Iwata-CellDynOSNMT,Fig4E-G-S3H_74_,,GO:0007158,GO:0030424; GO:0030425,
1932,66-Iwata-CellDynOSNMT,Fig4E-G-S3H_75,,GO:0007158,GO:0030424; GO:0030425,
1933,66-Iwata-CellDynOSNMT,Fig4E-G-S3H_75_,,GO:0007158,GO:0030424; GO:0030425,
1934,66-Iwata-CellDynOSNMT,Fig4E-G-S3H_76,,GO:0007158,GO:0030424; GO:0030425,
1935,66-Iwata-CellDynOSNMT,Fig4E-G-S3H_76_,,GO:0007158,GO:0030424; GO:0030425,
1936,66-Iwata-CellDynOSNMT,Fig4E-G-S3H_77,,GO:0007158,GO:0030424; GO:0030425,
1937,66-Iwata-CellDynOSNMT,Fig4E-G-S3H_77_,,GO:0007158,GO:0030424; GO:0030425,
1938,66-Iwata-CellDynOSNMT,Fig4E-G-S3H_78,,GO:0007158,GO:0030424; GO:0030425,
1939,66-Iwata-CellDynOSNMT,Fig4E-G-S3H_78_,,GO:0007158,GO:0030424; GO:0030425,
1940,66-Iwata-CellDynOSNMT,Fig4E-G-S3H_79,,GO:0007158,GO:0030424; GO:0030425,
1941,66-Iwata-CellDynOSNMT,Fig4E-G-S3H_79_,,GO:0007158,GO:0030424; GO:0030425,
1942,66-Iwata-CellDynOSNMT,Fig4E-G-S3H_80,,GO:0007158,GO:0030424; GO:0030425,
1943,66-Iwata-CellDynOSNMT,Fig4E-G-S3H_80_,,GO:0007158,GO:0030424; GO:0030425,
1944,66-Iwata-CellDynOSNMT,Fig4E-G-S3H_81,,GO:0007158,GO:0030424; GO:0030425,
1945,66-Iwata-CellDynOSNMT,Fig4E-G-S3H_81_,,GO:0007158,GO:0030424; GO:0030425,
1946,66-Iwata-CellDynOSNMT,Fig5-S5_Acp_FOV1_1,,GO:0007158,GO:0030424; GO:0030425,
1947,66-Iwata-CellDynOSNMT,Fig5-S5_Acp_FOV1_2,,GO:0007158,GO:0030424; GO:0030425,
1948,66-Iwata-CellDynOSNMT,Fig5-S5_Acp_FOV1_3,,GO:0007158,GO:0030424; GO:0030425,
1949,66-Iwata-CellDynOSNMT,Fig5-S5_Acp_FOV1_4,,GO:0007158,GO:0030424; GO:0030425,
1950,66-Iwata-CellDynOSNMT,Fig5-S5_Acp_FOV1_5,,GO:0007158,GO:0030424; GO:0030425,
1951,66-Iwata-CellDynOSNMT,Fig5-S5_Acp_FOV1_6,,GO:0007158,GO:0030424; GO:0030425,
1952,66-Iwata-CellDynOSNMT,Fig5-S5_Acp_FOV1_7,,GO:0007158,GO:0030424; GO:0030425,
1953,66-Iwata-CellDynOSNMT,Fig5-S5_Acp_FOV1_8,,GO:0007158,GO:0030424; GO:0030425,
1954,66-Iwata-CellDynOSNMT,Fig5-S5_Acp_FOV1_9,,GO:0007158,GO:0030424; GO:0030425,
1955,66-Iwata-CellDynOSNMT,Fig5-S5_Acp_FOV1_10,,GO:0007158,GO:0030424; GO:0030425,
1956,66-Iwata-CellDynOSNMT,Fig5-S5_Acp_FOV1_11,,GO:0007158,GO:0030424; GO:0030425,
1957,66-Iwata-CellDynOSNMT,Fig5-S5_Acp_FOV1_12,,GO:0007158,GO:0030424; GO:0030425,
1958,66-Iwata-CellDynOSNMT,Fig5-S5_Acp_FOV1_13,,GO:0007158,GO:0030424; GO:0030425,
1959,66-Iwata-CellDynOSNMT,Fig5-S5_Acp_FOV1_14,,GO:0007158,GO:0030424; GO:0030425,
1960,66-Iwata-CellDynOSNMT,Fig5-S5_Acp_FOV1_15,,GO:0007158,GO:0030424; GO:0030425,
1961,66-Iwata-CellDynOSNMT,Fig5-S5_Acp_FOV1_16,,GO:0007158,GO:0030424; GO:0030425,
1962,66-Iwata-CellDynOSNMT,Fig5-S5_Acp_FOV1_17,,GO:0007158,GO:0030424; GO:0030425,
1963,66-Iwata-CellDynOSNMT,Fig5-S5_Acp_FOV1_18,,GO:0007158,GO:0030424; GO:0030425,
1964,66-Iwata-CellDynOSNMT,Fig5-S5_Acp_FOV1_19,,GO:0007158,GO:0030424; GO:0030425,
1965,66-Iwata-CellDynOSNMT,Fig5-S5_Acp_FOV1_20,,GO:0007158,GO:0030424; GO:0030425,
1966,66-Iwata-CellDynOSNMT,Fig5-S5_Acp_FOV2_1,,GO:0007158,GO:0030424; GO:0030425,
1967,66-Iwata-CellDynOSNMT,Fig5-S5_Acp_FOV2_2,,GO:0007158,GO:0030424; GO:0030425,
1968,66-Iwata-CellDynOSNMT,Fig5-S5_Acp_FOV2_3,,GO:0007158,GO:0030424; GO:0030425,
1969,66-Iwata-CellDynOSNMT,Fig5-S5_Acp_FOV2_4,,GO:0007158,GO:0030424; GO:0030425,
1970,66-Iwata-CellDynOSNMT,Fig5-S5_Acp_FOV2_5,,GO:0007158,GO:0030424; GO:0030425,
1971,66-Iwata-CellDynOSNMT,Fig5-S5_Acp_FOV2_6,,GO:0007158,GO:0030424; GO:0030425,
1972,66-Iwata-CellDynOSNMT,Fig5-S5_Acp_FOV2_7,,GO:0007158,GO:0030424; GO:0030425,
1973,66-Iwata-CellDynOSNMT,Fig5-S5_Acp_FOV2_8,,GO:0007158,GO:0030424; GO:0030425,
1974,66-Iwata-CellDynOSNMT,Fig5-S5_Acp_FOV2_9,,GO:0007158,GO:0030424; GO:0030425,
1975,66-Iwata-CellDynOSNMT,Fig5-S5_Acp_FOV2_10,,GO:0007158,GO:0030424; GO:0030425,
1976,66-Iwata-CellDynOSNMT,Fig5-S5_Acp_FOV2_11,,GO:0007158,GO:0030424; GO:0030425,
1977,66-Iwata-CellDynOSNMT,Fig5-S5_Acp_FOV2_12,,GO:0007158,GO:0030424; GO:0030425,
1978,66-Iwata-CellDynOSNMT,Fig5-S5_Acp_FOV2_13,,GO:0007158,GO:0030424; GO:0030425,
1979,66-Iwata-CellDynOSNMT,Fig5-S5_Acp_FOV2_14,,GO:0007158,GO:0030424; GO:0030425,
1980,66-Iwata-CellDynOSNMT,Fig5-S5_Acp_FOV2_15,,GO:0007158,GO:0030424; GO:0030425,
1981,66-Iwata-CellDynOSNMT,Fig5-S5_Acp_FOV2_16,,GO:0007158,GO:0030424; GO:0030425,
1982,66-Iwata-CellDynOSNMT,Fig5-S5_Acp_FOV2_17,,GO:0007158,GO:0030424; GO:0030425,
1983,66-Iwata-CellDynOSNMT,Fig5-S5_Acp_FOV2_18,,GO:0007158,GO:0030424; GO:0030425,
1984,66-Iwata-CellDynOSNMT,Fig5-S5_Acp_FOV2_19,,GO:0007158,GO:0030424; GO:0030425,
1985,66-Iwata-CellDynOSNMT,Fig5-S5_Acp_FOV2_20,,GO:0007158,GO:0030424; GO:0030425,
1986,66-Iwata-CellDynOSNMT,Fig5-S5_Acp_FOV2_21,,GO:0007158,GO:0030424; GO:0030425,
1987,66-Iwata-CellDynOSNMT,Fig5-S5_Acp_FOV2_22,,GO:0007158,GO:0030424; GO:0030425,
1988,66-Iwata-CellDynOSNMT,Fig5-S5_Acp_FOV2_23,,GO:0007158,GO:0030424; GO:0030425,
1989,66-Iwata-CellDynOSNMT,Fig5-S5_Acp_FOV2_24,,GO:0007158,GO:0030424; GO:0030425,
1990,66-Iwata-CellDynOSNMT,Fig5-S5_Acp_FOV2_25,,GO:0007158,GO:0030424; GO:0030425,
1991,66-Iwata-CellDynOSNMT,Fig5-S5_Acp_FOV2_26,,GO:0007158,GO:0030424; GO:0030425,
1992,66-Iwata-CellDynOSNMT,Fig5-S5_Acp_FOV2_27,,GO:0007158,GO:0030424; GO:0030425,
1993,66-Iwata-CellDynOSNMT,Fig5-S5_Acp_FOV2_28,,GO:0007158,GO:0030424; GO:0030425,
1994,66-Iwata-CellDynOSNMT,Fig5-S5_Acp_FOV2_29,,GO:0007158,GO:0030424; GO:0030425,
1995,66-Iwata-CellDynOSNMT,Fig5-S5_Acp_FOV2_30,,GO:0007158,GO:0030424; GO:0030425,
1996,66-Iwata-CellDynOSNMT,Fig5-S5_Bu_FOV1_1,,GO:0007158,GO:0030424; GO:0030425,
1997,66-Iwata-CellDynOSNMT,Fig5-S5_Bu_FOV1_2,,GO:0007158,GO:0030424; GO:0030425,
1998,66-Iwata-CellDynOSNMT,Fig5-S5_Bu_FOV1_3,,GO:0007158,GO:0030424; GO:0030425,
1999,66-Iwata-CellDynOSNMT,Fig5-S5_Bu_FOV1_4,,GO:0007158,GO:0030424; GO:0030425,
2000,66-Iwata-CellDynOSNMT,Fig5-S5_Bu_FOV1_5,,GO:0007158,GO:0030424; GO:0030425,
2001,66-Iwata-CellDynOSNMT,Fig5-S5_Bu_FOV1_6,,GO:0007158,GO:0030424; GO:0030425,
2002,66-Iwata-CellDynOSNMT,Fig5-S5_Bu_FOV1_7,,GO:0007158,GO:0030424; GO:0030425,
2003,66-Iwata-CellDynOSNMT,Fig5-S5_Bu_FOV1_8,,GO:0007158,GO:0030424; GO:0030425,
2004,66-Iwata-CellDynOSNMT,Fig5-S5_Bu_FOV1_9,,GO:0007158,GO:0030424; GO:0030425,
2005,66-Iwata-CellDynOSNMT,Fig5-S5_Bu_FOV1_10,,GO:0007158,GO:0030424; GO:0030425,
2006,66-Iwata-CellDynOSNMT,Fig5-S5_Bu_FOV1_11,,GO:0007158,GO:0030424; GO:0030425,
2007,66-Iwata-CellDynOSNMT,Fig5-S5_Bu_FOV1_12,,GO:0007158,GO:0030424; GO:0030425,
2008,66-Iwata-CellDynOSNMT,Fig5-S5_Bu_FOV1_13,,GO:0007158,GO:0030424; GO:0030425,
2009,66-Iwata-CellDynOSNMT,Fig5-S5_Bu_FOV1_14,,GO:0007158,GO:0030424; GO:0030425,
2010,66-Iwata-CellDynOSNMT,Fig5-S5_Bu_FOV1_15,,GO:0007158,GO:0030424; GO:0030425,
2011,66-Iwata-CellDynOSNMT,Fig5-S5_Bu_FOV1_16,,GO:0007158,GO:0030424; GO:0030425,
2012,66-Iwata-CellDynOSNMT,Fig5-S5_Bu_FOV1_17,,GO:0007158,GO:0030424; GO:0030425,
2013,66-Iwata-CellDynOSNMT,Fig5-S5_Bu_FOV1_18,,GO:0007158,GO:0030424; GO:0030425,
2014,66-Iwata-CellDynOSNMT,Fig5-S5_Bu_FOV1_19,,GO:0007158,GO:0030424; GO:0030425,
2015,66-Iwata-CellDynOSNMT,Fig5-S5_Bu_FOV1_20,,GO:0007158,GO:0030424; GO:0030425,
2016,66-Iwata-CellDynOSNMT,Fig5-S5_Bu_FOV1_21,,GO:0007158,GO:0030424; GO:0030425,
2017,66-Iwata-CellDynOSNMT,Fig5-S5_Bu_FOV1_22,,GO:0007158,GO:0030424; GO:0030425,
2018,66-Iwata-CellDynOSNMT,Fig5-S5_Bu_FOV1_23,,GO:0007158,GO:0030424; GO:0030425,
2019,66-Iwata-CellDynOSNMT,Fig5-S5_Bu_FOV1_24,,GO:0007158,GO:0030424; GO:0030425,
2020,66-Iwata-CellDynOSNMT,Fig5-S5_Bu_FOV1_25,,GO:0007158,GO:0030424; GO:0030425,
2021,66-Iwata-CellDynOSNMT,Fig5-S5_Bu_FOV1_26,,GO:0007158,GO:0030424; GO:0030425,
2022,66-Iwata-CellDynOSNMT,Fig5-S5_Bu_FOV1_27,,GO:0007158,GO:0030424; GO:0030425,
2023,66-Iwata-CellDynOSNMT,Fig5-S5_Bu_FOV1_28,,GO:0007158,GO:0030424; GO:0030425,
2024,66-Iwata-CellDynOSNMT,Fig5-S5_Bu_FOV1_29,,GO:0007158,GO:0030424; GO:0030425,
2025,66-Iwata-CellDynOSNMT,Fig5-S5_Bu_FOV1_30,,GO:0007158,GO:0030424; GO:0030425,
2026,66-Iwata-CellDynOSNMT,Fig5-S5_Bu_FOV2_1,,GO:0007158,GO:0030424; GO:0030425,
2027,66-Iwata-CellDynOSNMT,Fig5-S5_Bu_FOV2_2,,GO:0007158,GO:0030424; GO:0030425,
2028,66-Iwata-CellDynOSNMT,Fig5-S5_Bu_FOV2_3,,GO:0007158,GO:0030424; GO:0030425,
2029,66-Iwata-CellDynOSNMT,Fig5-S5_Bu_FOV2_4,,GO:0007158,GO:0030424; GO:0030425,
2030,66-Iwata-CellDynOSNMT,Fig5-S5_Bu_FOV2_5,,GO:0007158,GO:0030424; GO:0030425,
2031,66-Iwata-CellDynOSNMT,Fig5-S5_Bu_FOV2_6,,GO:0007158,GO:0030424; GO:0030425,
2032,66-Iwata-CellDynOSNMT,Fig5-S5_Bu_FOV2_7,,GO:0007158,GO:0030424; GO:0030425,
2033,66-Iwata-CellDynOSNMT,Fig5-S5_Bu_FOV2_8,,GO:0007158,GO:0030424; GO:0030425,
2034,66-Iwata-CellDynOSNMT,Fig5-S5_Bu_FOV2_9,,GO:0007158,GO:0030424; GO:0030425,
2035,66-Iwata-CellDynOSNMT,Fig5-S5_Bu_FOV2_10,,GO:0007158,GO:0030424; GO:0030425,
2036,66-Iwata-CellDynOSNMT,Fig5-S5_Bu_FOV2_11,,GO:0007158,GO:0030424; GO:0030425,
2037,66-Iwata-CellDynOSNMT,Fig5-S5_Bu_FOV2_12,,GO:0007158,GO:0030424; GO:0030425,
2038,66-Iwata-CellDynOSNMT,Fig5-S5_Bu_FOV2_13,,GO:0007158,GO:0030424; GO:0030425,
2039,66-Iwata-CellDynOSNMT,Fig5-S5_Bu_FOV2_14,,GO:0007158,GO:0030424; GO:0030425,
2040,66-Iwata-CellDynOSNMT,Fig5-S5_Bu_FOV2_15,,GO:0007158,GO:0030424; GO:0030425,
2041,66-Iwata-CellDynOSNMT,Fig5-S5_Bu_FOV2_16,,GO:0007158,GO:0030424; GO:0030425,
2042,66-Iwata-CellDynOSNMT,Fig5-S5_Bu_FOV2_17,,GO:0007158,GO:0030424; GO:0030425,
2043,66-Iwata-CellDynOSNMT,Fig5-S5_Bu_FOV2_18,,GO:0007158,GO:0030424; GO:0030425,
2044,66-Iwata-CellDynOSNMT,Fig5-S5_Bu_FOV2_19,,GO:0007158,GO:0030424; GO:0030425,
2045,66-Iwata-CellDynOSNMT,Fig5-S5_Bu_FOV2_20,,GO:0007158,GO:0030424; GO:0030425,
2046,66-Iwata-CellDynOSNMT,Fig5-S5_Bz_FOV1_1,,GO:0007158,GO:0030424; GO:0030425,
2047,66-Iwata-CellDynOSNMT,Fig5-S5_Bz_FOV1_2,,GO:0007158,GO:0030424; GO:0030425,
2048,66-Iwata-CellDynOSNMT,Fig5-S5_Bz_FOV1_3,,GO:0007158,GO:0030424; GO:0030425,
2049,66-Iwata-CellDynOSNMT,Fig5-S5_Bz_FOV1_4,,GO:0007158,GO:0030424; GO:0030425,
2050,66-Iwata-CellDynOSNMT,Fig5-S5_Bz_FOV1_5,,GO:0007158,GO:0030424; GO:0030425,
2051,66-Iwata-CellDynOSNMT,Fig5-S5_Bz_FOV1_6,,GO:0007158,GO:0030424; GO:0030425,
2052,66-Iwata-CellDynOSNMT,Fig5-S5_Bz_FOV1_7,,GO:0007158,GO:0030424; GO:0030425,
2053,66-Iwata-CellDynOSNMT,Fig5-S5_Bz_FOV1_8,,GO:0007158,GO:0030424; GO:0030425,
2054,66-Iwata-CellDynOSNMT,Fig5-S5_Bz_FOV1_9,,GO:0007158,GO:0030424; GO:0030425,
2055,66-Iwata-CellDynOSNMT,Fig5-S5_Bz_FOV1_10,,GO:0007158,GO:0030424; GO:0030425,
2056,66-Iwata-CellDynOSNMT,Fig5-S5_Bz_FOV1_11,,GO:0007158,GO:0030424; GO:0030425,
2057,66-Iwata-CellDynOSNMT,Fig5-S5_Bz_FOV1_12,,GO:0007158,GO:0030424; GO:0030425,
2058,66-Iwata-CellDynOSNMT,Fig5-S5_Bz_FOV1_13,,GO:0007158,GO:0030424; GO:0030425,
2059,66-Iwata-CellDynOSNMT,Fig5-S5_Bz_FOV1_14,,GO:0007158,GO:0030424; GO:0030425,
2060,66-Iwata-CellDynOSNMT,Fig5-S5_Bz_FOV1_15,,GO:0007158,GO:0030424; GO:0030425,
2061,66-Iwata-CellDynOSNMT,Fig5-S5_Bz_FOV1_16,,GO:0007158,GO:0030424; GO:0030425,
2062,66-Iwata-CellDynOSNMT,Fig5-S5_Bz_FOV1_17,,GO:0007158,GO:0030424; GO:0030425,
2063,66-Iwata-CellDynOSNMT,Fig5-S5_Bz_FOV1_18,,GO:0007158,GO:0030424; GO:0030425,
2064,66-Iwata-CellDynOSNMT,Fig5-S5_Bz_FOV1_19,,GO:0007158,GO:0030424; GO:0030425,
2065,66-Iwata-CellDynOSNMT,Fig5-S5_Bz_FOV1_20,,GO:0007158,GO:0030424; GO:0030425,
2066,66-Iwata-CellDynOSNMT,Fig5-S5_Bz_FOV1_21,,GO:0007158,GO:0030424; GO:0030425,
2067,66-Iwata-CellDynOSNMT,Fig5-S5_Bz_FOV1_22,,GO:0007158,GO:0030424; GO:0030425,
2068,66-Iwata-CellDynOSNMT,Fig5-S5_Bz_FOV1_23,,GO:0007158,GO:0030424; GO:0030425,
2069,66-Iwata-CellDynOSNMT,Fig5-S5_Bz_FOV1_24,,GO:0007158,GO:0030424; GO:0030425,
2070,66-Iwata-CellDynOSNMT,Fig5-S5_Bz_FOV1_25,,GO:0007158,GO:0030424; GO:0030425,
2071,66-Iwata-CellDynOSNMT,Fig5-S5_Bz_FOV2_1,,GO:0007158,GO:0030424; GO:0030425,
2072,66-Iwata-CellDynOSNMT,Fig5-S5_Bz_FOV2_2,,GO:0007158,GO:0030424; GO:0030425,
2073,66-Iwata-CellDynOSNMT,Fig5-S5_Bz_FOV2_3,,GO:0007158,GO:0030424; GO:0030425,
2074,66-Iwata-CellDynOSNMT,Fig5-S5_Bz_FOV2_4,,GO:0007158,GO:0030424; GO:0030425,
2075,66-Iwata-CellDynOSNMT,Fig5-S5_Bz_FOV2_5,,GO:0007158,GO:0030424; GO:0030425,
2076,66-Iwata-CellDynOSNMT,Fig5-S5_Bz_FOV2_6,,GO:0007158,GO:0030424; GO:0030425,
2077,66-Iwata-CellDynOSNMT,Fig5-S5_Bz_FOV2_7,,GO:0007158,GO:0030424; GO:0030425,
2078,66-Iwata-CellDynOSNMT,Fig5-S5_Bz_FOV2_8,,GO:0007158,GO:0030424; GO:0030425,
2079,66-Iwata-CellDynOSNMT,Fig5-S5_Bz_FOV2_9,,GO:0007158,GO:0030424; GO:0030425,
2080,66-Iwata-CellDynOSNMT,Fig5-S5_Bz_FOV2_10,,GO:0007158,GO:0030424; GO:0030425,
2081,66-Iwata-CellDynOSNMT,Fig5-S5_Bz_FOV2_11,,GO:0007158,GO:0030424; GO:0030425,
2082,66-Iwata-CellDynOSNMT,Fig5-S5_Bz_FOV2_12,,GO:0007158,GO:0030424; GO:0030425,
2083,66-Iwata-CellDynOSNMT,Fig5-S5_Bz_FOV2_13,,GO:0007158,GO:0030424; GO:0030425,
2084,66-Iwata-CellDynOSNMT,Fig5-S5_Bz_FOV2_14,,GO:0007158,GO:0030424; GO:0030425,
2085,66-Iwata-CellDynOSNMT,Fig5-S5_Bz_FOV2_15,,GO:0007158,GO:0030424; GO:0030425,
2086,66-Iwata-CellDynOSNMT,Fig5-S5_Ehx_FOV1_1,,GO:0007158,GO:0030424; GO:0030425,
2087,66-Iwata-CellDynOSNMT,Fig5-S5_Ehx_FOV1_2,,GO:0007158,GO:0030424; GO:0030425,
2088,66-Iwata-CellDynOSNMT,Fig5-S5_Ehx_FOV1_3,,GO:0007158,GO:0030424; GO:0030425,
2089,66-Iwata-CellDynOSNMT,Fig5-S5_Ehx_FOV1_4,,GO:0007158,GO:0030424; GO:0030425,
2090,66-Iwata-CellDynOSNMT,Fig5-S5_Ehx_FOV1_5,,GO:0007158,GO:0030424; GO:0030425,
2091,66-Iwata-CellDynOSNMT,Fig5-S5_Ehx_FOV1_6,,GO:0007158,GO:0030424; GO:0030425,
2092,66-Iwata-CellDynOSNMT,Fig5-S5_Ehx_FOV1_7,,GO:0007158,GO:0030424; GO:0030425,
2093,66-Iwata-CellDynOSNMT,Fig5-S5_Ehx_FOV1_8,,GO:0007158,GO:0030424; GO:0030425,
2094,66-Iwata-CellDynOSNMT,Fig5-S5_Ehx_FOV1_9,,GO:0007158,GO:0030424; GO:0030425,
2095,66-Iwata-CellDynOSNMT,Fig5-S5_Ehx_FOV1_10,,GO:0007158,GO:0030424; GO:0030425,
2096,66-Iwata-CellDynOSNMT,Fig5-S5_Ehx_FOV1_11,,GO:0007158,GO:0030424; GO:0030425,
2097,66-Iwata-CellDynOSNMT,Fig5-S5_Ehx_FOV1_12,,GO:0007158,GO:0030424; GO:0030425,
2098,66-Iwata-CellDynOSNMT,Fig5-S5_Ehx_FOV1_13,,GO:0007158,GO:0030424; GO:0030425,
2099,66-Iwata-CellDynOSNMT,Fig5-S5_Ehx_FOV1_14,,GO:0007158,GO:0030424; GO:0030425,
2100,66-Iwata-CellDynOSNMT,Fig5-S5_Ehx_FOV1_15,,GO:0007158,GO:0030424; GO:0030425,
2101,66-Iwata-CellDynOSNMT,Fig5-S5_Ehx_FOV1_16,,GO:0007158,GO:0030424; GO:0030425,
2102,66-Iwata-CellDynOSNMT,Fig5-S5_Ehx_FOV1_17,,GO:0007158,GO:0030424; GO:0030425,
2103,66-Iwata-CellDynOSNMT,Fig5-S5_Ehx_FOV1_18,,GO:0007158,GO:0030424; GO:0030425,
2104,66-Iwata-CellDynOSNMT,Fig5-S5_Ehx_FOV1_19,,GO:0007158,GO:0030424; GO:0030425,
2105,66-Iwata-CellDynOSNMT,Fig5-S5_Ehx_FOV1_20,,GO:0007158,GO:0030424; GO:0030425,
2106,66-Iwata-CellDynOSNMT,Fig5-S5_Ehx_FOV1_21,,GO:0007158,GO:0030424; GO:0030425,
2107,66-Iwata-CellDynOSNMT,Fig5-S5_Ehx_FOV1_22,,GO:0007158,GO:0030424; GO:0030425,
2108,66-Iwata-CellDynOSNMT,Fig5-S5_Ehx_FOV1_23,,GO:0007158,GO:0030424; GO:0030425,
2109,66-Iwata-CellDynOSNMT,Fig5-S5_Ehx_FOV1_24,,GO:0007158,GO:0030424; GO:0030425,
2110,66-Iwata-CellDynOSNMT,Fig5-S5_Ehx_FOV1_25,,GO:0007158,GO:0030424; GO:0030425,
2111,66-Iwata-CellDynOSNMT,Fig5-S5_Ehx_FOV2_1,,GO:0007158,GO:0030424; GO:0030425,
2112,66-Iwata-CellDynOSNMT,Fig5-S5_Ehx_FOV2_2,,GO:0007158,GO:0030424; GO:0030425,
2113,66-Iwata-CellDynOSNMT,Fig5-S5_Ehx_FOV2_3,,GO:0007158,GO:0030424; GO:0030425,
2114,66-Iwata-CellDynOSNMT,Fig5-S5_Ehx_FOV2_4,,GO:0007158,GO:0030424; GO:0030425,
2115,66-Iwata-CellDynOSNMT,Fig5-S5_Ehx_FOV2_5,,GO:0007158,GO:0030424; GO:0030425,
2116,66-Iwata-CellDynOSNMT,Fig5-S5_Ehx_FOV2_6,,GO:0007158,GO:0030424; GO:0030425,
2117,66-Iwata-CellDynOSNMT,Fig5-S5_Ehx_FOV2_7,,GO:0007158,GO:0030424; GO:0030425,
2118,66-Iwata-CellDynOSNMT,Fig5-S5_Ehx_FOV2_8,,GO:0007158,GO:0030424; GO:0030425,
2119,66-Iwata-CellDynOSNMT,Fig5-S5_Ehx_FOV2_9,,GO:0007158,GO:0030424; GO:0030425,
2120,66-Iwata-CellDynOSNMT,Fig5-S5_Ehx_FOV2_10,,GO:0007158,GO:0030424; GO:0030425,
2121,66-Iwata-CellDynOSNMT,Fig5-S5_Ehx_FOV2_11,,GO:0007158,GO:0030424; GO:0030425,
2122,66-Iwata-CellDynOSNMT,Fig5-S5_Ehx_FOV2_12,,GO:0007158,GO:0030424; GO:0030425,
2123,66-Iwata-CellDynOSNMT,Fig5-S5_Ehx_FOV2_13,,GO:0007158,GO:0030424; GO:0030425,
2124,66-Iwata-CellDynOSNMT,Fig5-S5_Ehx_FOV2_14,,GO:0007158,GO:0030424; GO:0030425,
2125,66-Iwata-CellDynOSNMT,Fig5-S5_Ehx_FOV2_15,,GO:0007158,GO:0030424; GO:0030425,
2126,66-Iwata-CellDynOSNMT,Fig5-S5_Ehx_FOV2_16,,GO:0007158,GO:0030424; GO:0030425,
2127,66-Iwata-CellDynOSNMT,Fig5-S5_Ehx_FOV2_17,,GO:0007158,GO:0030424; GO:0030425,
2128,66-Iwata-CellDynOSNMT,Fig5-S5_Ehx_FOV2_18,,GO:0007158,GO:0030424; GO:0030425,
2129,66-Iwata-CellDynOSNMT,Fig5-S5_Ehx_FOV2_19,,GO:0007158,GO:0030424; GO:0030425,
2130,66-Iwata-CellDynOSNMT,Fig5-S5_Ehx_FOV2_20,,GO:0007158,GO:0030424; GO:0030425,
2131,66-Iwata-CellDynOSNMT,Fig5-S5_Gua_FOV1_1,,GO:0007158,GO:0030424; GO:0030425,
2132,66-Iwata-CellDynOSNMT,Fig5-S5_Gua_FOV1_2,,GO:0007158,GO:0030424; GO:0030425,
2133,66-Iwata-CellDynOSNMT,Fig5-S5_Gua_FOV1_3,,GO:0007158,GO:0030424; GO:0030425,
2134,66-Iwata-CellDynOSNMT,Fig5-S5_Gua_FOV1_4,,GO:0007158,GO:0030424; GO:0030425,
2135,66-Iwata-CellDynOSNMT,Fig5-S5_Gua_FOV1_5,,GO:0007158,GO:0030424; GO:0030425,
2136,66-Iwata-CellDynOSNMT,Fig5-S5_Gua_FOV1_6,,GO:0007158,GO:0030424; GO:0030425,
2137,66-Iwata-CellDynOSNMT,Fig5-S5_Gua_FOV1_7,,GO:0007158,GO:0030424; GO:0030425,
2138,66-Iwata-CellDynOSNMT,Fig5-S5_Gua_FOV1_8,,GO:0007158,GO:0030424; GO:0030425,
2139,66-Iwata-CellDynOSNMT,Fig5-S5_Gua_FOV1_9,,GO:0007158,GO:0030424; GO:0030425,
2140,66-Iwata-CellDynOSNMT,Fig5-S5_Gua_FOV1_10,,GO:0007158,GO:0030424; GO:0030425,
2141,66-Iwata-CellDynOSNMT,Fig5-S5_Gua_FOV1_11,,GO:0007158,GO:0030424; GO:0030425,
2142,66-Iwata-CellDynOSNMT,Fig5-S5_Gua_FOV1_12,,GO:0007158,GO:0030424; GO:0030425,
2143,66-Iwata-CellDynOSNMT,Fig5-S5_Gua_FOV1_13,,GO:0007158,GO:0030424; GO:0030425,
2144,66-Iwata-CellDynOSNMT,Fig5-S5_Gua_FOV1_14,,GO:0007158,GO:0030424; GO:0030425,
2145,66-Iwata-CellDynOSNMT,Fig5-S5_Gua_FOV1_15,,GO:0007158,GO:0030424; GO:0030425,
2146,66-Iwata-CellDynOSNMT,Fig5-S5_Gua_FOV1_16,,GO:0007158,GO:0030424; GO:0030425,
2147,66-Iwata-CellDynOSNMT,Fig5-S5_Gua_FOV1_17,,GO:0007158,GO:0030424; GO:0030425,
2148,66-Iwata-CellDynOSNMT,Fig5-S5_Gua_FOV1_18,,GO:0007158,GO:0030424; GO:0030425,
2149,66-Iwata-CellDynOSNMT,Fig5-S5_Gua_FOV1_19,,GO:0007158,GO:0030424; GO:0030425,
2150,66-Iwata-CellDynOSNMT,Fig5-S5_Gua_FOV1_20,,GO:0007158,GO:0030424; GO:0030425,
2151,66-Iwata-CellDynOSNMT,Fig5-S5_Gua_FOV2_1,,GO:0007158,GO:0030424; GO:0030425,
2152,66-Iwata-CellDynOSNMT,Fig5-S5_Gua_FOV2_2,,GO:0007158,GO:0030424; GO:0030425,
2153,66-Iwata-CellDynOSNMT,Fig5-S5_Gua_FOV2_3,,GO:0007158,GO:0030424; GO:0030425,
2154,66-Iwata-CellDynOSNMT,Fig5-S5_Gua_FOV2_4,,GO:0007158,GO:0030424; GO:0030425,
2155,66-Iwata-CellDynOSNMT,Fig5-S5_Gua_FOV2_5,,GO:0007158,GO:0030424; GO:0030425,
2156,66-Iwata-CellDynOSNMT,Fig5-S5_Gua_FOV2_6,,GO:0007158,GO:0030424; GO:0030425,
2157,66-Iwata-CellDynOSNMT,Fig5-S5_Gua_FOV2_7,,GO:0007158,GO:0030424; GO:0030425,
2158,66-Iwata-CellDynOSNMT,Fig5-S5_Gua_FOV2_8,,GO:0007158,GO:0030424; GO:0030425,
2159,66-Iwata-CellDynOSNMT,Fig5-S5_Gua_FOV2_9,,GO:0007158,GO:0030424; GO:0030425,
2160,66-Iwata-CellDynOSNMT,Fig5-S5_Gua_FOV2_10,,GO:0007158,GO:0030424; GO:0030425,
2161,66-Iwata-CellDynOSNMT,Fig5-S5_Gua_FOV2_11,,GO:0007158,GO:0030424; GO:0030425,
2162,66-Iwata-CellDynOSNMT,Fig5-S5_Gua_FOV2_12,,GO:0007158,GO:0030424; GO:0030425,
2163,66-Iwata-CellDynOSNMT,Fig5-S5_Gua_FOV2_13,,GO:0007158,GO:0030424; GO:0030425,
2164,66-Iwata-CellDynOSNMT,Fig5-S5_Gua_FOV2_14,,GO:0007158,GO:0030424; GO:0030425,
2165,66-Iwata-CellDynOSNMT,Fig5-S5_Gua_FOV2_15,,GO:0007158,GO:0030424; GO:0030425,
2166,66-Iwata-CellDynOSNMT,Fig5-S5_Gua_FOV2_16,,GO:0007158,GO:0030424; GO:0030425,
2167,66-Iwata-CellDynOSNMT,Fig5-S5_Gua_FOV2_17,,GO:0007158,GO:0030424; GO:0030425,
2168,66-Iwata-CellDynOSNMT,Fig5-S5_Gua_FOV2_18,,GO:0007158,GO:0030424; GO:0030425,
2169,66-Iwata-CellDynOSNMT,Fig5-S5_Gua_FOV2_19,,GO:0007158,GO:0030424; GO:0030425,
2170,66-Iwata-CellDynOSNMT,Fig5-S5_Gua_FOV2_20,,GO:0007158,GO:0030424; GO:0030425,
2171,66-Iwata-CellDynOSNMT,Fig5-S5_Gua_FOV2_21,,GO:0007158,GO:0030424; GO:0030425,
2172,66-Iwata-CellDynOSNMT,Fig5-S5_Gua_FOV2_22,,GO:0007158,GO:0030424; GO:0030425,
2173,66-Iwata-CellDynOSNMT,Fig5-S5_Gua_FOV2_23,,GO:0007158,GO:0030424; GO:0030425,
2174,66-Iwata-CellDynOSNMT,Fig5-S5_Gua_FOV2_24,,GO:0007158,GO:0030424; GO:0030425,
2175,66-Iwata-CellDynOSNMT,Fig5-S5_Gua_FOV2_25,,GO:0007158,GO:0030424; GO:0030425,
2176,66-Iwata-CellDynOSNMT,Fig5-S5_Gua_FOV2_26,,GO:0007158,GO:0030424; GO:0030425,
2177,66-Iwata-CellDynOSNMT,Fig5-S5_Gua_FOV2_27,,GO:0007158,GO:0030424; GO:0030425,
2178,66-Iwata-CellDynOSNMT,Fig5-S5_Gua_FOV2_28,,GO:0007158,GO:0030424; GO:0030425,
2179,66-Iwata-CellDynOSNMT,Fig5-S5_Gua_FOV2_29,,GO:0007158,GO:0030424; GO:0030425,
2180,66-Iwata-CellDynOSNMT,Fig5-S5_Gua_FOV2_30,,GO:0007158,GO:0030424; GO:0030425,
2181,66-Iwata-CellDynOSNMT,Fig5-S5_Hex_FOV1_1,,GO:0007158,GO:0030424; GO:0030425,
2182,66-Iwata-CellDynOSNMT,Fig5-S5_Hex_FOV1_2,,GO:0007158,GO:0030424; GO:0030425,
2183,66-Iwata-CellDynOSNMT,Fig5-S5_Hex_FOV1_3,,GO:0007158,GO:0030424; GO:0030425,
2184,66-Iwata-CellDynOSNMT,Fig5-S5_Hex_FOV1_4,,GO:0007158,GO:0030424; GO:0030425,
2185,66-Iwata-CellDynOSNMT,Fig5-S5_Hex_FOV1_5,,GO:0007158,GO:0030424; GO:0030425,
2186,66-Iwata-CellDynOSNMT,Fig5-S5_Hex_FOV1_6,,GO:0007158,GO:0030424; GO:0030425,
2187,66-Iwata-CellDynOSNMT,Fig5-S5_Hex_FOV1_7,,GO:0007158,GO:0030424; GO:0030425,
2188,66-Iwata-CellDynOSNMT,Fig5-S5_Hex_FOV1_8,,GO:0007158,GO:0030424; GO:0030425,
2189,66-Iwata-CellDynOSNMT,Fig5-S5_Hex_FOV1_9,,GO:0007158,GO:0030424; GO:0030425,
2190,66-Iwata-CellDynOSNMT,Fig5-S5_Hex_FOV1_10,,GO:0007158,GO:0030424; GO:0030425,
2191,66-Iwata-CellDynOSNMT,Fig5-S5_Hex_FOV1_11,,GO:0007158,GO:0030424; GO:0030425,
2192,66-Iwata-CellDynOSNMT,Fig5-S5_Hex_FOV1_12,,GO:0007158,GO:0030424; GO:0030425,
2193,66-Iwata-CellDynOSNMT,Fig5-S5_Hex_FOV1_13,,GO:0007158,GO:0030424; GO:0030425,
2194,66-Iwata-CellDynOSNMT,Fig5-S5_Hex_FOV1_14,,GO:0007158,GO:0030424; GO:0030425,
2195,66-Iwata-CellDynOSNMT,Fig5-S5_Hex_FOV1_15,,GO:0007158,GO:0030424; GO:0030425,
2196,66-Iwata-CellDynOSNMT,Fig5-S5_Hex_FOV1_16,,GO:0007158,GO:0030424; GO:0030425,
2197,66-Iwata-CellDynOSNMT,Fig5-S5_Hex_FOV1_17,,GO:0007158,GO:0030424; GO:0030425,
2198,66-Iwata-CellDynOSNMT,Fig5-S5_Hex_FOV1_18,,GO:0007158,GO:0030424; GO:0030425,
2199,66-Iwata-CellDynOSNMT,Fig5-S5_Hex_FOV1_19,,GO:0007158,GO:0030424; GO:0030425,
2200,66-Iwata-CellDynOSNMT,Fig5-S5_Hex_FOV1_20,,GO:0007158,GO:0030424; GO:0030425,
2201,66-Iwata-CellDynOSNMT,Fig5-S5_Hex_FOV2_1,,GO:0007158,GO:0030424; GO:0030425,
2202,66-Iwata-CellDynOSNMT,Fig5-S5_Hex_FOV2_2,,GO:0007158,GO:0030424; GO:0030425,
2203,66-Iwata-CellDynOSNMT,Fig5-S5_Hex_FOV2_3,,GO:0007158,GO:0030424; GO:0030425,
2204,66-Iwata-CellDynOSNMT,Fig5-S5_Hex_FOV2_4,,GO:0007158,GO:0030424; GO:0030425,
2205,66-Iwata-CellDynOSNMT,Fig5-S5_Hex_FOV2_5,,GO:0007158,GO:0030424; GO:0030425,
2206,66-Iwata-CellDynOSNMT,Fig5-S5_Hex_FOV2_6,,GO:0007158,GO:0030424; GO:0030425,
2207,66-Iwata-CellDynOSNMT,Fig5-S5_Hex_FOV2_7,,GO:0007158,GO:0030424; GO:0030425,
2208,66-Iwata-CellDynOSNMT,Fig5-S5_Hex_FOV2_8,,GO:0007158,GO:0030424; GO:0030425,
2209,66-Iwata-CellDynOSNMT,Fig5-S5_Hex_FOV2_9,,GO:0007158,GO:0030424; GO:0030425,
2210,66-Iwata-CellDynOSNMT,Fig5-S5_Hex_FOV2_10,,GO:0007158,GO:0030424; GO:0030425,
2211,66-Iwata-CellDynOSNMT,Fig5-S5_Hex_FOV2_11,,GO:0007158,GO:0030424; GO:0030425,
2212,66-Iwata-CellDynOSNMT,Fig5-S5_Hex_FOV2_12,,GO:0007158,GO:0030424; GO:0030425,
2213,66-Iwata-CellDynOSNMT,Fig5-S5_Hex_FOV2_13,,GO:0007158,GO:0030424; GO:0030425,
2214,66-Iwata-CellDynOSNMT,Fig5-S5_Hex_FOV2_14,,GO:0007158,GO:0030424; GO:0030425,
2215,66-Iwata-CellDynOSNMT,Fig5-S5_Hex_FOV2_15,,GO:0007158,GO:0030424; GO:0030425,
2216,66-Iwata-CellDynOSNMT,Fig5-S5_Hex_FOV2_16,,GO:0007158,GO:0030424; GO:0030425,
2217,66-Iwata-CellDynOSNMT,Fig5-S5_Hex_FOV2_17,,GO:0007158,GO:0030424; GO:0030425,
2218,66-Iwata-CellDynOSNMT,Fig5-S5_Hex_FOV2_18,,GO:0007158,GO:0030424; GO:0030425,
2219,66-Iwata-CellDynOSNMT,Fig5-S5_Hex_FOV2_19,,GO:0007158,GO:0030424; GO:0030425,
2220,66-Iwata-CellDynOSNMT,Fig5-S5_Hex_FOV2_20,,GO:0007158,GO:0030424; GO:0030425,
2221,66-Iwata-CellDynOSNMT,Fig5-S5_Oca_FOV1_1,,GO:0007158,GO:0030424; GO:0030425,
2222,66-Iwata-CellDynOSNMT,Fig5-S5_Oca_FOV1_2,,GO:0007158,GO:0030424; GO:0030425,
2223,66-Iwata-CellDynOSNMT,Fig5-S5_Oca_FOV1_3,,GO:0007158,GO:0030424; GO:0030425,
2224,66-Iwata-CellDynOSNMT,Fig5-S5_Oca_FOV1_4,,GO:0007158,GO:0030424; GO:0030425,
2225,66-Iwata-CellDynOSNMT,Fig5-S5_Oca_FOV1_5,,GO:0007158,GO:0030424; GO:0030425,
2226,66-Iwata-CellDynOSNMT,Fig5-S5_Oca_FOV1_6,,GO:0007158,GO:0030424; GO:0030425,
2227,66-Iwata-CellDynOSNMT,Fig5-S5_Oca_FOV1_7,,GO:0007158,GO:0030424; GO:0030425,
2228,66-Iwata-CellDynOSNMT,Fig5-S5_Oca_FOV1_8,,GO:0007158,GO:0030424; GO:0030425,
2229,66-Iwata-CellDynOSNMT,Fig5-S5_Oca_FOV1_9,,GO:0007158,GO:0030424; GO:0030425,
2230,66-Iwata-CellDynOSNMT,Fig5-S5_Oca_FOV1_10,,GO:0007158,GO:0030424; GO:0030425,
2231,66-Iwata-CellDynOSNMT,Fig5-S5_Oca_FOV1_11,,GO:0007158,GO:0030424; GO:0030425,
2232,66-Iwata-CellDynOSNMT,Fig5-S5_Oca_FOV1_12,,GO:0007158,GO:0030424; GO:0030425,
2233,66-Iwata-CellDynOSNMT,Fig5-S5_Oca_FOV1_13,,GO:0007158,GO:0030424; GO:0030425,
2234,66-Iwata-CellDynOSNMT,Fig5-S5_Oca_FOV1_14,,GO:0007158,GO:0030424; GO:0030425,
2235,66-Iwata-CellDynOSNMT,Fig5-S5_Oca_FOV1_15,,GO:0007158,GO:0030424; GO:0030425,
2236,66-Iwata-CellDynOSNMT,Fig5-S5_Oca_FOV1_16,,GO:0007158,GO:0030424; GO:0030425,
2237,66-Iwata-CellDynOSNMT,Fig5-S5_Oca_FOV1_17,,GO:0007158,GO:0030424; GO:0030425,
2238,66-Iwata-CellDynOSNMT,Fig5-S5_Oca_FOV1_18,,GO:0007158,GO:0030424; GO:0030425,
2239,66-Iwata-CellDynOSNMT,Fig5-S5_Oca_FOV1_19,,GO:0007158,GO:0030424; GO:0030425,
2240,66-Iwata-CellDynOSNMT,Fig5-S5_Oca_FOV1_20,,GO:0007158,GO:0030424; GO:0030425,
2241,66-Iwata-CellDynOSNMT,Fig5-S5_Oca_FOV2_1,,GO:0007158,GO:0030424; GO:0030425,
2242,66-Iwata-CellDynOSNMT,Fig5-S5_Oca_FOV2_2,,GO:0007158,GO:0030424; GO:0030425,
2243,66-Iwata-CellDynOSNMT,Fig5-S5_Oca_FOV2_3,,GO:0007158,GO:0030424; GO:0030425,
2244,66-Iwata-CellDynOSNMT,Fig5-S5_Oca_FOV2_4,,GO:0007158,GO:0030424; GO:0030425,
2245,66-Iwata-CellDynOSNMT,Fig5-S5_Oca_FOV2_5,,GO:0007158,GO:0030424; GO:0030425,
2246,66-Iwata-CellDynOSNMT,Fig5-S5_Oca_FOV2_6,,GO:0007158,GO:0030424; GO:0030425,
2247,66-Iwata-CellDynOSNMT,Fig5-S5_Oca_FOV2_7,,GO:0007158,GO:0030424; GO:0030425,
2248,66-Iwata-CellDynOSNMT,Fig5-S5_Oca_FOV2_8,,GO:0007158,GO:0030424; GO:0030425,
2249,66-Iwata-CellDynOSNMT,Fig5-S5_Oca_FOV2_9,,GO:0007158,GO:0030424; GO:0030425,
2250,66-Iwata-CellDynOSNMT,Fig5-S5_Oca_FOV2_10,,GO:0007158,GO:0030424; GO:0030425,
2251,66-Iwata-CellDynOSNMT,Fig5-S5_Oca_FOV2_11,,GO:0007158,GO:0030424; GO:0030425,
2252,66-Iwata-CellDynOSNMT,Fig5-S5_Oca_FOV2_12,,GO:0007158,GO:0030424; GO:0030425,
2253,66-Iwata-CellDynOSNMT,Fig5-S5_Oca_FOV2_13,,GO:0007158,GO:0030424; GO:0030425,
2254,66-Iwata-CellDynOSNMT,Fig5-S5_Oca_FOV2_14,,GO:0007158,GO:0030424; GO:0030425,
2255,66-Iwata-CellDynOSNMT,Fig5-S5_Oca_FOV2_15,,GO:0007158,GO:0030424; GO:0030425,
2256,66-Iwata-CellDynOSNMT,Fig5-S5_Oca_FOV3_1,,GO:0007158,GO:0030424; GO:0030425,
2257,66-Iwata-CellDynOSNMT,Fig5-S5_Oca_FOV3_2,,GO:0007158,GO:0030424; GO:0030425,
2258,66-Iwata-CellDynOSNMT,Fig5-S5_Oca_FOV3_3,,GO:0007158,GO:0030424; GO:0030425,
2259,66-Iwata-CellDynOSNMT,Fig5-S5_Oca_FOV3_4,,GO:0007158,GO:0030424; GO:0030425,
2260,66-Iwata-CellDynOSNMT,Fig5-S5_Oca_FOV3_5,,GO:0007158,GO:0030424; GO:0030425,
2261,66-Iwata-CellDynOSNMT,Fig5-S5_Oca_FOV3_6,,GO:0007158,GO:0030424; GO:0030425,
2262,66-Iwata-CellDynOSNMT,Fig5-S5_Oca_FOV3_7,,GO:0007158,GO:0030424; GO:0030425,
2263,66-Iwata-CellDynOSNMT,Fig5-S5_Oca_FOV3_8,,GO:0007158,GO:0030424; GO:0030425,
2264,66-Iwata-CellDynOSNMT,Fig5-S5_Oca_FOV3_9,,GO:0007158,GO:0030424; GO:0030425,
2265,66-Iwata-CellDynOSNMT,Fig5-S5_Oca_FOV3_10,,GO:0007158,GO:0030424; GO:0030425,
2266,66-Iwata-CellDynOSNMT,Fig5-S5_Oca_FOV3_11,,GO:0007158,GO:0030424; GO:0030425,
2267,66-Iwata-CellDynOSNMT,Fig5-S5_Oca_FOV3_12,,GO:0007158,GO:0030424; GO:0030425,
2268,66-Iwata-CellDynOSNMT,Fig5-S5_Oca_FOV3_13,,GO:0007158,GO:0030424; GO:0030425,
2269,66-Iwata-CellDynOSNMT,Fig5-S5_Oca_FOV3_14,,GO:0007158,GO:0030424; GO:0030425,
2270,66-Iwata-CellDynOSNMT,Fig5-S5_Oca_FOV3_15,,GO:0007158,GO:0030424; GO:0030425,
2271,66-Iwata-CellDynOSNMT,Fig5-S5_Oca_FOV3_16,,GO:0007158,GO:0030424; GO:0030425,
2272,66-Iwata-CellDynOSNMT,Fig5-S5_Oca_FOV3_17,,GO:0007158,GO:0030424; GO:0030425,
2273,66-Iwata-CellDynOSNMT,Fig5-S5_Oca_FOV3_18,,GO:0007158,GO:0030424; GO:0030425,
2274,66-Iwata-CellDynOSNMT,Fig5-S5_Oca_FOV3_19,,GO:0007158,GO:0030424; GO:0030425,
2275,66-Iwata-CellDynOSNMT,Fig5-S5_Oca_FOV3_20,,GO:0007158,GO:0030424; GO:0030425,
2276,66-Iwata-CellDynOSNMT,Fig5-S5_Oca_FOV3_21,,GO:0007158,GO:0030424; GO:0030425,
2277,66-Iwata-CellDynOSNMT,Fig5-S5_Oca_FOV3_22,,GO:0007158,GO:0030424; GO:0030425,
2278,66-Iwata-CellDynOSNMT,Fig5-S5_Oca_FOV3_23,,GO:0007158,GO:0030424; GO:0030425,
2279,66-Iwata-CellDynOSNMT,Fig5-S5_Oca_FOV3_24,,GO:0007158,GO:0030424; GO:0030425,
2280,66-Iwata-CellDynOSNMT,Fig5-S5_Oca_FOV3_25,,GO:0007158,GO:0030424; GO:0030425,
2281,66-Iwata-CellDynOSNMT,Fig5-S5_Oca_FOV3_26,,GO:0007158,GO:0030424; GO:0030425,
2282,66-Iwata-CellDynOSNMT,Fig5-S5_Oca_FOV3_27,,GO:0007158,GO:0030424; GO:0030425,
2283,66-Iwata-CellDynOSNMT,Fig5-S5_Oca_FOV3_28,,GO:0007158,GO:0030424; GO:0030425,
2284,66-Iwata-CellDynOSNMT,Fig5-S5_Oca_FOV3_29,,GO:0007158,GO:0030424; GO:0030425,
2285,66-Iwata-CellDynOSNMT,Fig5-S5_Oca_FOV3_30,,GO:0007158,GO:0030424; GO:0030425,
2286,66-Iwata-CellDynOSNMT,Fig5-S5_Val_FOV1_1,,GO:0007158,GO:0030424; GO:0030425,
2287,66-Iwata-CellDynOSNMT,Fig5-S5_Val_FOV1_2,,GO:0007158,GO:0030424; GO:0030425,
2288,66-Iwata-CellDynOSNMT,Fig5-S5_Val_FOV1_3,,GO:0007158,GO:0030424; GO:0030425,
2289,66-Iwata-CellDynOSNMT,Fig5-S5_Val_FOV1_4,,GO:0007158,GO:0030424; GO:0030425,
2290,66-Iwata-CellDynOSNMT,Fig5-S5_Val_FOV1_5,,GO:0007158,GO:0030424; GO:0030425,
2291,66-Iwata-CellDynOSNMT,Fig5-S5_Val_FOV1_6,,GO:0007158,GO:0030424; GO:0030425,
2292,66-Iwata-CellDynOSNMT,Fig5-S5_Val_FOV1_7,,GO:0007158,GO:0030424; GO:0030425,
2293,66-Iwata-CellDynOSNMT,Fig5-S5_Val_FOV1_8,,GO:0007158,GO:0030424; GO:0030425,
2294,66-Iwata-CellDynOSNMT,Fig5-S5_Val_FOV1_9,,GO:0007158,GO:0030424; GO:0030425,
2295,66-Iwata-CellDynOSNMT,Fig5-S5_Val_FOV1_10,,GO:0007158,GO:0030424; GO:0030425,
2296,66-Iwata-CellDynOSNMT,Fig5-S5_Val_FOV1_11,,GO:0007158,GO:0030424; GO:0030425,
2297,66-Iwata-CellDynOSNMT,Fig5-S5_Val_FOV1_12,,GO:0007158,GO:0030424; GO:0030425,
2298,66-Iwata-CellDynOSNMT,Fig5-S5_Val_FOV1_13,,GO:0007158,GO:0030424; GO:0030425,
2299,66-Iwata-CellDynOSNMT,Fig5-S5_Val_FOV1_14,,GO:0007158,GO:0030424; GO:0030425,
2300,66-Iwata-CellDynOSNMT,Fig5-S5_Val_FOV1_15,,GO:0007158,GO:0030424; GO:0030425,
2301,66-Iwata-CellDynOSNMT,Fig5-S5_Val_FOV1_16,,GO:0007158,GO:0030424; GO:0030425,
2302,66-Iwata-CellDynOSNMT,Fig5-S5_Val_FOV1_17,,GO:0007158,GO:0030424; GO:0030425,
2303,66-Iwata-CellDynOSNMT,Fig5-S5_Val_FOV1_18,,GO:0007158,GO:0030424; GO:0030425,
2304,66-Iwata-CellDynOSNMT,Fig5-S5_Val_FOV1_19,,GO:0007158,GO:0030424; GO:0030425,
2305,66-Iwata-CellDynOSNMT,Fig5-S5_Val_FOV1_20,,GO:0007158,GO:0030424; GO:0030425,
2306,66-Iwata-CellDynOSNMT,Fig5-S5_Val_FOV1_21,,GO:0007158,GO:0030424; GO:0030425,
2307,66-Iwata-CellDynOSNMT,Fig5-S5_Val_FOV1_22,,GO:0007158,GO:0030424; GO:0030425,
2308,66-Iwata-CellDynOSNMT,Fig5-S5_Val_FOV1_23,,GO:0007158,GO:0030424; GO:0030425,
2309,66-Iwata-CellDynOSNMT,Fig5-S5_Val_FOV1_24,,GO:0007158,GO:0030424; GO:0030425,
2310,66-Iwata-CellDynOSNMT,Fig5-S5_Val_FOV1_25,,GO:0007158,GO:0030424; GO:0030425,
2311,66-Iwata-CellDynOSNMT,Fig5-S5_Val_FOV1_26,,GO:0007158,GO:0030424; GO:0030425,
2312,66-Iwata-CellDynOSNMT,Fig5-S5_Val_FOV1_27,,GO:0007158,GO:0030424; GO:0030425,
2313,66-Iwata-CellDynOSNMT,Fig5-S5_Val_FOV1_28,,GO:0007158,GO:0030424; GO:0030425,
2314,66-Iwata-CellDynOSNMT,Fig5-S5_Val_FOV1_29,,GO:0007158,GO:0030424; GO:0030425,
2315,66-Iwata-CellDynOSNMT,Fig5-S5_Val_FOV1_30,,GO:0007158,GO:0030424; GO:0030425,
2316,66-Iwata-CellDynOSNMT,Fig5-S5_Val_FOV2_1,,GO:0007158,GO:0030424; GO:0030425,
2317,66-Iwata-CellDynOSNMT,Fig5-S5_Val_FOV2_2,,GO:0007158,GO:0030424; GO:0030425,
2318,66-Iwata-CellDynOSNMT,Fig5-S5_Val_FOV2_3,,GO:0007158,GO:0030424; GO:0030425,
2319,66-Iwata-CellDynOSNMT,Fig5-S5_Val_FOV2_4,,GO:0007158,GO:0030424; GO:0030425,
2320,66-Iwata-CellDynOSNMT,Fig5-S5_Val_FOV2_5,,GO:0007158,GO:0030424; GO:0030425,
2321,66-Iwata-CellDynOSNMT,Fig5-S5_Val_FOV2_6,,GO:0007158,GO:0030424; GO:0030425,
2322,66-Iwata-CellDynOSNMT,Fig5-S5_Val_FOV2_7,,GO:0007158,GO:0030424; GO:0030425,
2323,66-Iwata-CellDynOSNMT,Fig5-S5_Val_FOV2_8,,GO:0007158,GO:0030424; GO:0030425,
2324,66-Iwata-CellDynOSNMT,Fig5-S5_Val_FOV2_9,,GO:0007158,GO:0030424; GO:0030425,
2325,66-Iwata-CellDynOSNMT,Fig5-S5_Val_FOV2_10,,GO:0007158,GO:0030424; GO:0030425,
2326,66-Iwata-CellDynOSNMT,Fig5-S5_Val_FOV2_11,,GO:0007158,GO:0030424; GO:0030425,
2327,66-Iwata-CellDynOSNMT,Fig5-S5_Val_FOV2_12,,GO:0007158,GO:0030424; GO:0030425,
2328,66-Iwata-CellDynOSNMT,Fig5-S5_Val_FOV2_13,,GO:0007158,GO:0030424; GO:0030425,
2329,66-Iwata-CellDynOSNMT,Fig5-S5_Val_FOV2_14,,GO:0007158,GO:0030424; GO:0030425,
2330,66-Iwata-CellDynOSNMT,Fig5-S5_Val_FOV2_15,,GO:0007158,GO:0030424; GO:0030425,
2331,66-Iwata-CellDynOSNMT,Fig5-S5_Val_FOV2_16,,GO:0007158,GO:0030424; GO:0030425,
2332,66-Iwata-CellDynOSNMT,Fig5-S5_Val_FOV2_17,,GO:0007158,GO:0030424; GO:0030425,
2333,66-Iwata-CellDynOSNMT,Fig5-S5_Val_FOV2_18,,GO:0007158,GO:0030424; GO:0030425,
2334,66-Iwata-CellDynOSNMT,Fig5-S5_Val_FOV2_19,,GO:0007158,GO:0030424; GO:0030425,
2335,66-Iwata-CellDynOSNMT,Fig5-S5_Val_FOV2_20,,GO:0007158,GO:0030424; GO:0030425,
2336,66-Iwata-CellDynOSNMT,Fig5-S5_Val_FOV2_21,,GO:0007158,GO:0030424; GO:0030425,
2337,66-Iwata-CellDynOSNMT,Fig5-S5_Val_FOV2_22,,GO:0007158,GO:0030424; GO:0030425,
2338,66-Iwata-CellDynOSNMT,Fig5-S5_Val_FOV2_23,,GO:0007158,GO:0030424; GO:0030425,
2339,66-Iwata-CellDynOSNMT,Fig5-S5_Val_FOV2_24,,GO:0007158,GO:0030424; GO:0030425,
2340,66-Iwata-CellDynOSNMT,Fig5-S5_Val_FOV2_25,,GO:0007158,GO:0030424; GO:0030425,
2341,66-Iwata-CellDynOSNMT,Fig5-S5_Val_FOV3_1,,GO:0007158,GO:0030424; GO:0030425,
2342,66-Iwata-CellDynOSNMT,Fig5-S5_Val_FOV3_2,,GO:0007158,GO:0030424; GO:0030425,
2343,66-Iwata-CellDynOSNMT,Fig5-S5_Val_FOV3_3,,GO:0007158,GO:0030424; GO:0030425,
2344,66-Iwata-CellDynOSNMT,Fig5-S5_Val_FOV3_4,,GO:0007158,GO:0030424; GO:0030425,
2345,66-Iwata-CellDynOSNMT,Fig5-S5_Val_FOV3_5,,GO:0007158,GO:0030424; GO:0030425,
2346,66-Iwata-CellDynOSNMT,Fig5-S5_Val_FOV3_6,,GO:0007158,GO:0030424; GO:0030425,
2347,66-Iwata-CellDynOSNMT,Fig5-S5_Val_FOV3_7,,GO:0007158,GO:0030424; GO:0030425,
2348,66-Iwata-CellDynOSNMT,Fig5-S5_Val_FOV3_8,,GO:0007158,GO:0030424; GO:0030425,
2349,66-Iwata-CellDynOSNMT,Fig5-S5_Val_FOV3_9,,GO:0007158,GO:0030424; GO:0030425,
2350,66-Iwata-CellDynOSNMT,Fig5-S5_Val_FOV3_10,,GO:0007158,GO:0030424; GO:0030425,
2351,66-Iwata-CellDynOSNMT,Fig5-S5_Val_FOV3_11,,GO:0007158,GO:0030424; GO:0030425,
2352,66-Iwata-CellDynOSNMT,Fig5-S5_Val_FOV3_12,,GO:0007158,GO:0030424; GO:0030425,
2353,66-Iwata-CellDynOSNMT,Fig5-S5_Val_FOV3_13,,GO:0007158,GO:0030424; GO:0030425,
2354,66-Iwata-CellDynOSNMT,Fig5-S5_Val_FOV3_14,,GO:0007158,GO:0030424; GO:0030425,
2355,66-Iwata-CellDynOSNMT,Fig5-S5_Val_FOV3_15,,GO:0007158,GO:0030424; GO:0030425,
2356,66-Iwata-CellDynOSNMT,Fig5-S5_Val_FOV3_16,,GO:0007158,GO:0030424; GO:0030425,
2357,66-Iwata-CellDynOSNMT,Fig5-S5_Val_FOV3_17,,GO:0007158,GO:0030424; GO:0030425,
2358,66-Iwata-CellDynOSNMT,Fig5-S5_Val_FOV3_18,,GO:0007158,GO:0030424; GO:0030425,
2359,66-Iwata-CellDynOSNMT,Fig5-S5_Val_FOV3_19,,GO:0007158,GO:0030424; GO:0030425,
2360,66-Iwata-CellDynOSNMT,Fig5-S5_Val_FOV3_20,,GO:0007158,GO:0030424; GO:0030425,
2361,66-Iwata-CellDynOSNMT,Fig5-S5_Val_FOV3_21,,GO:0007158,GO:0030424; GO:0030425,
2362,66-Iwata-CellDynOSNMT,Fig5-S5_Val_FOV3_22,,GO:0007158,GO:0030424; GO:0030425,
2363,66-Iwata-CellDynOSNMT,Fig5-S5_Val_FOV3_23,,GO:0007158,GO:0030424; GO:0030425,
2364,66-Iwata-CellDynOSNMT,Fig5-S5_Val_FOV3_24,,GO:0007158,GO:0030424; GO:0030425,
2365,66-Iwata-CellDynOSNMT,Fig5-S5_Val_FOV3_25,,GO:0007158,GO:0030424; GO:0030425,
2366,66-Iwata-CellDynOSNMT,Fig5-S5_Val_FOV3_26,,GO:0007158,GO:0030424; GO:0030425,
2367,66-Iwata-CellDynOSNMT,Fig5-S5_Val_FOV3_27,,GO:0007158,GO:0030424; GO:0030425,
2368,66-Iwata-CellDynOSNMT,Fig5-S5_Val_FOV3_28,,GO:0007158,GO:0030424; GO:0030425,
2369,66-Iwata-CellDynOSNMT,Fig5-S5_Val_FOV3_29,,GO:0007158,GO:0030424; GO:0030425,
2370,66-Iwata-CellDynOSNMT,Fig5-S5_Val_FOV3_30,,GO:0007158,GO:0030424; GO:0030425,
2371,66-Iwata-CellDynOSNMT,Fig6-S6_Aa-Ehx_Mouse1_1,,GO:0007158,GO:0030424; GO:0030425,
2372,66-Iwata-CellDynOSNMT,Fig6-S6_Aa-Ehx_Mouse1_2,,GO:0007158,GO:0030424; GO:0030425,
2373,66-Iwata-CellDynOSNMT,Fig6-S6_Aa-Ehx_Mouse1_3,,GO:0007158,GO:0030424; GO:0030425,
2374,66-Iwata-CellDynOSNMT,Fig6-S6_Aa-Ehx_Mouse1_4,,GO:0007158,GO:0030424; GO:0030425,
2375,66-Iwata-CellDynOSNMT,Fig6-S6_Aa-Ehx_Mouse1_5,,GO:0007158,GO:0030424; GO:0030425,
2376,66-Iwata-CellDynOSNMT,Fig6-S6_Aa-Ehx_Mouse1_6,,GO:0007158,GO:0030424; GO:0030425,
2377,66-Iwata-CellDynOSNMT,Fig6-S6_Aa-Ehx_Mouse1_7,,GO:0007158,GO:0030424; GO:0030425,
2378,66-Iwata-CellDynOSNMT,Fig6-S6_Aa-Ehx_Mouse1_8,,GO:0007158,GO:0030424; GO:0030425,
2379,66-Iwata-CellDynOSNMT,Fig6-S6_Aa-Ehx_Mouse1_9,,GO:0007158,GO:0030424; GO:0030425,
2380,66-Iwata-CellDynOSNMT,Fig6-S6_Aa-Ehx_Mouse1_10,,GO:0007158,GO:0030424; GO:0030425,
2381,66-Iwata-CellDynOSNMT,Fig6-S6_Aa-Ehx_Mouse1_11,,GO:0007158,GO:0030424; GO:0030425,
2382,66-Iwata-CellDynOSNMT,Fig6-S6_Aa-Ehx_Mouse1_12,,GO:0007158,GO:0030424; GO:0030425,
2383,66-Iwata-CellDynOSNMT,Fig6-S6_Aa-Ehx_Mouse1_13,,GO:0007158,GO:0030424; GO:0030425,
2384,66-Iwata-CellDynOSNMT,Fig6-S6_Aa-Ehx_Mouse1_14,,GO:0007158,GO:0030424; GO:0030425,
2385,66-Iwata-CellDynOSNMT,Fig6-S6_Aa-Ehx_Mouse1_15,,GO:0007158,GO:0030424; GO:0030425,
2386,66-Iwata-CellDynOSNMT,Fig6-S6_Aa-Ehx_Mouse1_16,,GO:0007158,GO:0030424; GO:0030425,
2387,66-Iwata-CellDynOSNMT,Fig6-S6_Aa-Ehx_Mouse1_17,,GO:0007158,GO:0030424; GO:0030425,
2388,66-Iwata-CellDynOSNMT,Fig6-S6_Aa-Ehx_Mouse1_18,,GO:0007158,GO:0030424; GO:0030425,
2389,66-Iwata-CellDynOSNMT,Fig6-S6_Aa-Ehx_Mouse1_19,,GO:0007158,GO:0030424; GO:0030425,
2390,66-Iwata-CellDynOSNMT,Fig6-S6_Aa-Ehx_Mouse1_20,,GO:0007158,GO:0030424; GO:0030425,
2391,66-Iwata-CellDynOSNMT,Fig6-S6_Aa-Ehx_Mouse1_21,,GO:0007158,GO:0030424; GO:0030425,
2392,66-Iwata-CellDynOSNMT,Fig6-S6_Aa-Ehx_Mouse1_22,,GO:0007158,GO:0030424; GO:0030425,
2393,66-Iwata-CellDynOSNMT,Fig6-S6_Aa-Ehx_Mouse1_23,,GO:0007158,GO:0030424; GO:0030425,
2394,66-Iwata-CellDynOSNMT,Fig6-S6_Aa-Ehx_Mouse1_24,,GO:0007158,GO:0030424; GO:0030425,
2395,66-Iwata-CellDynOSNMT,Fig6-S6_Aa-Ehx_Mouse1_25,,GO:0007158,GO:0030424; GO:0030425,
2396,66-Iwata-CellDynOSNMT,Fig6-S6_Aa-Ehx_Mouse1_26,,GO:0007158,GO:0030424; GO:0030425,
2397,66-Iwata-CellDynOSNMT,Fig6-S6_Aa-Ehx_Mouse1_27,,GO:0007158,GO:0030424; GO:0030425,
2398,66-Iwata-CellDynOSNMT,Fig6-S6_Aa-Ehx_Mouse1_28,,GO:0007158,GO:0030424; GO:0030425,
2399,66-Iwata-CellDynOSNMT,Fig6-S6_Aa-Ehx_Mouse1_29,,GO:0007158,GO:0030424; GO:0030425,
2400,66-Iwata-CellDynOSNMT,Fig6-S6_Aa-Ehx_Mouse1_30,,GO:0007158,GO:0030424; GO:0030425,
2401,66-Iwata-CellDynOSNMT,Fig6-S6_Aa-Ehx_Mouse1_31,,GO:0007158,GO:0030424; GO:0030425,
2402,66-Iwata-CellDynOSNMT,Fig6-S6_Aa-Ehx_Mouse1_32,,GO:0007158,GO:0030424; GO:0030425,
2403,66-Iwata-CellDynOSNMT,Fig6-S6_Aa-Ehx_Mouse1_33,,GO:0007158,GO:0030424; GO:0030425,
2404,66-Iwata-CellDynOSNMT,Fig6-S6_Aa-Ehx_Mouse2_1,,GO:0007158,GO:0030424; GO:0030425,
2405,66-Iwata-CellDynOSNMT,Fig6-S6_Aa-Ehx_Mouse2_2,,GO:0007158,GO:0030424; GO:0030425,
2406,66-Iwata-CellDynOSNMT,Fig6-S6_Aa-Ehx_Mouse2_3,,GO:0007158,GO:0030424; GO:0030425,
2407,66-Iwata-CellDynOSNMT,Fig6-S6_Aa-Ehx_Mouse2_4,,GO:0007158,GO:0030424; GO:0030425,
2408,66-Iwata-CellDynOSNMT,Fig6-S6_Aa-Ehx_Mouse2_5,,GO:0007158,GO:0030424; GO:0030425,
2409,66-Iwata-CellDynOSNMT,Fig6-S6_Aa-Ehx_Mouse2_6,,GO:0007158,GO:0030424; GO:0030425,
2410,66-Iwata-CellDynOSNMT,Fig6-S6_Aa-Ehx_Mouse2_7,,GO:0007158,GO:0030424; GO:0030425,
2411,66-Iwata-CellDynOSNMT,Fig6-S6_Aa-Ehx_Mouse2_8,,GO:0007158,GO:0030424; GO:0030425,
2412,66-Iwata-CellDynOSNMT,Fig6-S6_Aa-Ehx_Mouse2_9,,GO:0007158,GO:0030424; GO:0030425,
2413,66-Iwata-CellDynOSNMT,Fig6-S6_Aa-Ehx_Mouse2_10,,GO:0007158,GO:0030424; GO:0030425,
2414,66-Iwata-CellDynOSNMT,Fig6-S6_Aa-Ehx_Mouse2_11,,GO:0007158,GO:0030424; GO:0030425,
2415,66-Iwata-CellDynOSNMT,Fig6-S6_Aa-Ehx_Mouse2_12,,GO:0007158,GO:0030424; GO:0030425,
2416,66-Iwata-CellDynOSNMT,Fig6-S6_Aa-Ehx_Mouse2_13,,GO:0007158,GO:0030424; GO:0030425,
2417,66-Iwata-CellDynOSNMT,Fig6-S6_Aa-Ehx_Mouse2_14,,GO:0007158,GO:0030424; GO:0030425,
2418,66-Iwata-CellDynOSNMT,Fig6-S6_Aa-Ehx_Mouse2_15,,GO:0007158,GO:0030424; GO:0030425,
2419,66-Iwata-CellDynOSNMT,Fig6-S6_Aa-Ehx_Mouse2_16,,GO:0007158,GO:0030424; GO:0030425,
2420,66-Iwata-CellDynOSNMT,Fig6-S6_Aa-Ehx_Mouse2_17,,GO:0007158,GO:0030424; GO:0030425,
2421,66-Iwata-CellDynOSNMT,Fig6-S6_Aa-Ehx_Mouse2_18,,GO:0007158,GO:0030424; GO:0030425,
2422,66-Iwata-CellDynOSNMT,Fig6-S6_Aa-Ehx_Mouse2_19,,GO:0007158,GO:0030424; GO:0030425,
2423,66-Iwata-CellDynOSNMT,Fig6-S6_Aa-Ehx_Mouse2_20,,GO:0007158,GO:0030424; GO:0030425,
2424,66-Iwata-CellDynOSNMT,Fig6-S6_Aa-Ehx_Mouse2_21,,GO:0007158,GO:0030424; GO:0030425,
2425,66-Iwata-CellDynOSNMT,Fig6-S6_Aa-Ehx_Mouse2_22,,GO:0007158,GO:0030424; GO:0030425,
2426,66-Iwata-CellDynOSNMT,Fig6-S6_Aa-Ehx_Mouse3_1,,GO:0007158,GO:0030424; GO:0030425,
2427,66-Iwata-CellDynOSNMT,Fig6-S6_Aa-Ehx_Mouse3_2,,GO:0007158,GO:0030424; GO:0030425,
2428,66-Iwata-CellDynOSNMT,Fig6-S6_Aa-Ehx_Mouse3_3,,GO:0007158,GO:0030424; GO:0030425,
2429,66-Iwata-CellDynOSNMT,Fig6-S6_Aa-Ehx_Mouse3_4,,GO:0007158,GO:0030424; GO:0030425,
2430,66-Iwata-CellDynOSNMT,Fig6-S6_Aa-Ehx_Mouse3_5,,GO:0007158,GO:0030424; GO:0030425,
2431,66-Iwata-CellDynOSNMT,Fig6-S6_Aa-Ehx_Mouse3_6,,GO:0007158,GO:0030424; GO:0030425,
2432,66-Iwata-CellDynOSNMT,Fig6-S6_Aa-Ehx_Mouse3_7,,GO:0007158,GO:0030424; GO:0030425,
2433,66-Iwata-CellDynOSNMT,Fig6-S6_Aa-Ehx_Mouse3_8,,GO:0007158,GO:0030424; GO:0030425,
2434,66-Iwata-CellDynOSNMT,Fig6-S6_Aa-Ehx_Mouse3_9,,GO:0007158,GO:0030424; GO:0030425,
2435,66-Iwata-CellDynOSNMT,Fig6-S6_Aa-Ehx_Mouse3_10,,GO:0007158,GO:0030424; GO:0030425,
2436,66-Iwata-CellDynOSNMT,Fig6-S6_Aa-Ehx_Mouse3_11,,GO:0007158,GO:0030424; GO:0030425,
2437,66-Iwata-CellDynOSNMT,Fig6-S6_Aa-Ehx_Mouse3_12,,GO:0007158,GO:0030424; GO:0030425,
2438,66-Iwata-CellDynOSNMT,Fig6-S6_Aa-Ehx_Mouse3_13,,GO:0007158,GO:0030424; GO:0030425,
2439,66-Iwata-CellDynOSNMT,Fig6-S6_Aa-Ehx_Mouse3_14,,GO:0007158,GO:0030424; GO:0030425,
2440,66-Iwata-CellDynOSNMT,Fig6-S6_Aa-Ehx_Mouse3_15,,GO:0007158,GO:0030424; GO:0030425,
2441,66-Iwata-CellDynOSNMT,Fig6-S6_Aa-Ehx_Mouse3_16,,GO:0007158,GO:0030424; GO:0030425,
2442,66-Iwata-CellDynOSNMT,Fig6-S6_Aa-Ehx_Mouse3_17,,GO:0007158,GO:0030424; GO:0030425,
2443,66-Iwata-CellDynOSNMT,Fig6-S6_Aa-Ehx_Mouse3_18,,GO:0007158,GO:0030424; GO:0030425,
2444,66-Iwata-CellDynOSNMT,Fig6-S6_Aa-Ehx_Mouse3_19,,GO:0007158,GO:0030424; GO:0030425,
2445,66-Iwata-CellDynOSNMT,Fig6-S6_Aa-Ehx_Mouse3_20,,GO:0007158,GO:0030424; GO:0030425,
2446,66-Iwata-CellDynOSNMT,Fig6-S6_Aa-Ehx_Mouse3_21,,GO:0007158,GO:0030424; GO:0030425,
2447,66-Iwata-CellDynOSNMT,Fig6-S6_Aa-Ehx_Mouse3_22,,GO:0007158,GO:0030424; GO:0030425,
2448,66-Iwata-CellDynOSNMT,Fig6-S6_Acp-Gua_Mouse1_1,,GO:0007158,GO:0030424; GO:0030425,
2449,66-Iwata-CellDynOSNMT,Fig6-S6_Acp-Gua_Mouse1_2,,GO:0007158,GO:0030424; GO:0030425,
2450,66-Iwata-CellDynOSNMT,Fig6-S6_Acp-Gua_Mouse1_3,,GO:0007158,GO:0030424; GO:0030425,
2451,66-Iwata-CellDynOSNMT,Fig6-S6_Acp-Gua_Mouse1_4,,GO:0007158,GO:0030424; GO:0030425,
2452,66-Iwata-CellDynOSNMT,Fig6-S6_Acp-Gua_Mouse1_5,,GO:0007158,GO:0030424; GO:0030425,
2453,66-Iwata-CellDynOSNMT,Fig6-S6_Acp-Gua_Mouse1_6,,GO:0007158,GO:0030424; GO:0030425,
2454,66-Iwata-CellDynOSNMT,Fig6-S6_Acp-Gua_Mouse1_7,,GO:0007158,GO:0030424; GO:0030425,
2455,66-Iwata-CellDynOSNMT,Fig6-S6_Acp-Gua_Mouse1_8,,GO:0007158,GO:0030424; GO:0030425,
2456,66-Iwata-CellDynOSNMT,Fig6-S6_Acp-Gua_Mouse1_9,,GO:0007158,GO:0030424; GO:0030425,
2457,66-Iwata-CellDynOSNMT,Fig6-S6_Acp-Gua_Mouse1_10,,GO:0007158,GO:0030424; GO:0030425,
2458,66-Iwata-CellDynOSNMT,Fig6-S6_Acp-Gua_Mouse1_11,,GO:0007158,GO:0030424; GO:0030425,
2459,66-Iwata-CellDynOSNMT,Fig6-S6_Acp-Gua_Mouse2_1,,GO:0007158,GO:0030424; GO:0030425,
2460,66-Iwata-CellDynOSNMT,Fig6-S6_Acp-Gua_Mouse2_2,,GO:0007158,GO:0030424; GO:0030425,
2461,66-Iwata-CellDynOSNMT,Fig6-S6_Acp-Gua_Mouse2_3,,GO:0007158,GO:0030424; GO:0030425,
2462,66-Iwata-CellDynOSNMT,Fig6-S6_Acp-Gua_Mouse2_4,,GO:0007158,GO:0030424; GO:0030425,
2463,66-Iwata-CellDynOSNMT,Fig6-S6_Acp-Gua_Mouse2_5,,GO:0007158,GO:0030424; GO:0030425,
2464,66-Iwata-CellDynOSNMT,Fig6-S6_Acp-Gua_Mouse2_6,,GO:0007158,GO:0030424; GO:0030425,
2465,66-Iwata-CellDynOSNMT,Fig6-S6_Acp-Gua_Mouse2_7,,GO:0007158,GO:0030424; GO:0030425,
2466,66-Iwata-CellDynOSNMT,Fig6-S6_Acp-Gua_Mouse2_8,,GO:0007158,GO:0030424; GO:0030425,
2467,66-Iwata-CellDynOSNMT,Fig6-S6_Acp-Gua_Mouse2_9,,GO:0007158,GO:0030424; GO:0030425,
2468,66-Iwata-CellDynOSNMT,Fig6-S6_Acp-Gua_Mouse2_10,,GO:0007158,GO:0030424; GO:0030425,
2469,66-Iwata-CellDynOSNMT,Fig6-S6_Acp-Gua_Mouse2_11,,GO:0007158,GO:0030424; GO:0030425,
2470,66-Iwata-CellDynOSNMT,Fig6-S6_Acp-Gua_Mouse3_1,,GO:0007158,GO:0030424; GO:0030425,
2471,66-Iwata-CellDynOSNMT,Fig6-S6_Acp-Gua_Mouse3_2,,GO:0007158,GO:0030424; GO:0030425,
2472,66-Iwata-CellDynOSNMT,Fig6-S6_Acp-Gua_Mouse3_3,,GO:0007158,GO:0030424; GO:0030425,
2473,66-Iwata-CellDynOSNMT,Fig6-S6_Acp-Gua_Mouse3_4,,GO:0007158,GO:0030424; GO:0030425,
2474,66-Iwata-CellDynOSNMT,Fig6-S6_Acp-Gua_Mouse3_5,,GO:0007158,GO:0030424; GO:0030425,
2475,66-Iwata-CellDynOSNMT,Fig6-S6_Acp-Gua_Mouse3_6,,GO:0007158,GO:0030424; GO:0030425,
2476,66-Iwata-CellDynOSNMT,Fig6-S6_Acp-Gua_Mouse3_7,,GO:0007158,GO:0030424; GO:0030425,
2477,66-Iwata-CellDynOSNMT,Fig6-S6_Acp-Gua_Mouse3_8,,GO:0007158,GO:0030424; GO:0030425,
2478,66-Iwata-CellDynOSNMT,Fig6-S6_Acp-Gua_Mouse3_9,,GO:0007158,GO:0030424; GO:0030425,
2479,66-Iwata-CellDynOSNMT,Fig6-S6_Acp-Gua_Mouse3_10,,GO:0007158,GO:0030424; GO:0030425,
2480,66-Iwata-CellDynOSNMT,Fig6-S6_Acp-Gua_Mouse3_11,,GO:0007158,GO:0030424; GO:0030425,
2481,66-Iwata-CellDynOSNMT,Fig6-S6_Acp-Gua_Mouse3_12,,GO:0007158,GO:0030424; GO:0030425,
2482,66-Iwata-CellDynOSNMT,Fig6-S6_Acp-Gua_Mouse3_13,,GO:0007158,GO:0030424; GO:0030425,
2483,66-Iwata-CellDynOSNMT,Fig6-S6_Acp-Gua_Mouse3_14,,GO:0007158,GO:0030424; GO:0030425,
2484,66-Iwata-CellDynOSNMT,Fig6-S6_Acp-Gua_Mouse3_15,,GO:0007158,GO:0030424; GO:0030425,
2485,66-Iwata-CellDynOSNMT,Fig6-S6_Acp-Gua_Mouse3_16,,GO:0007158,GO:0030424; GO:0030425,
2486,66-Iwata-CellDynOSNMT,Fig6-S6_Acp-Gua_Mouse3_17,,GO:0007158,GO:0030424; GO:0030425,
2487,66-Iwata-CellDynOSNMT,Fig6-S6_Acp-Gua_Mouse3_18,,GO:0007158,GO:0030424; GO:0030425,
2488,66-Iwata-CellDynOSNMT,Fig6-S6_Acp-Gua_Mouse3_19,,GO:0007158,GO:0030424; GO:0030425,
2489,66-Iwata-CellDynOSNMT,Fig6-S6_Acp-Gua_Mouse3_20,,GO:0007158,GO:0030424; GO:0030425,
2490,66-Iwata-CellDynOSNMT,Fig6-S6_Acp-Gua_Mouse3_21,,GO:0007158,GO:0030424; GO:0030425,
2491,66-Iwata-CellDynOSNMT,Fig6-S6_Acp-Gua_Mouse3_22,,GO:0007158,GO:0030424; GO:0030425,
2492,66-Iwata-CellDynOSNMT,Fig6-S6_Acp-Gua_Mouse3_23,,GO:0007158,GO:0030424; GO:0030425,
2493,66-Iwata-CellDynOSNMT,Fig6-S6_Acp-Gua_Mouse3_24,,GO:0007158,GO:0030424; GO:0030425,
2494,66-Iwata-CellDynOSNMT,Fig6-S6_Acp-Gua_Mouse3_25,,GO:0007158,GO:0030424; GO:0030425,
2495,66-Iwata-CellDynOSNMT,Fig6-S6_Acp-Gua_Mouse3_26,,GO:0007158,GO:0030424; GO:0030425,
2496,66-Iwata-CellDynOSNMT,Fig6-S6_Acp-Gua_Mouse3_27,,GO:0007158,GO:0030424; GO:0030425,
2497,66-Iwata-CellDynOSNMT,Fig6-S6_Acp-Gua_Mouse3_28,,GO:0007158,GO:0030424; GO:0030425,
2498,66-Iwata-CellDynOSNMT,Fig6-S6_Acp-Gua_Mouse3_29,,GO:0007158,GO:0030424; GO:0030425,
2499,66-Iwata-CellDynOSNMT,Fig6-S6_Acp-Gua_Mouse3_30,,GO:0007158,GO:0030424; GO:0030425,
2500,66-Iwata-CellDynOSNMT,Fig6-S6_Acp-Gua_Mouse3_31,,GO:0007158,GO:0030424; GO:0030425,
2501,66-Iwata-CellDynOSNMT,Fig6-S6_Acp-Gua_Mouse3_32,,GO:0007158,GO:0030424; GO:0030425,
2502,66-Iwata-CellDynOSNMT,Fig6-S6_Acp-Gua_Mouse3_33,,GO:0007158,GO:0030424; GO:0030425,
2503,66-Iwata-CellDynOSNMT,Fig6-S6_Acp-Gua_Mouse4_1,,GO:0007158,GO:0030424; GO:0030425,
2504,66-Iwata-CellDynOSNMT,Fig6-S6_Acp-Gua_Mouse4_2,,GO:0007158,GO:0030424; GO:0030425,
2505,66-Iwata-CellDynOSNMT,Fig6-S6_Acp-Gua_Mouse4_3,,GO:0007158,GO:0030424; GO:0030425,
2506,66-Iwata-CellDynOSNMT,Fig6-S6_Acp-Gua_Mouse4_4,,GO:0007158,GO:0030424; GO:0030425,
2507,66-Iwata-CellDynOSNMT,Fig6-S6_Acp-Gua_Mouse4_5,,GO:0007158,GO:0030424; GO:0030425,
2508,66-Iwata-CellDynOSNMT,Fig6-S6_Acp-Gua_Mouse4_6,,GO:0007158,GO:0030424; GO:0030425,
2509,66-Iwata-CellDynOSNMT,Fig6-S6_Acp-Gua_Mouse4_7,,GO:0007158,GO:0030424; GO:0030425,
2510,66-Iwata-CellDynOSNMT,Fig6-S6_Acp-Gua_Mouse4_8,,GO:0007158,GO:0030424; GO:0030425,
2511,66-Iwata-CellDynOSNMT,Fig6-S6_Acp-Gua_Mouse4_9,,GO:0007158,GO:0030424; GO:0030425,
2512,66-Iwata-CellDynOSNMT,Fig6-S6_Acp-Gua_Mouse4_10,,GO:0007158,GO:0030424; GO:0030425,
2513,66-Iwata-CellDynOSNMT,Fig6-S6_Acp-Gua_Mouse4_11,,GO:0007158,GO:0030424; GO:0030425,
2514,66-Iwata-CellDynOSNMT,Fig6-S6_Acp-Gua_Mouse4_12,,GO:0007158,GO:0030424; GO:0030425,
2515,66-Iwata-CellDynOSNMT,Fig6-S6_Acp-Gua_Mouse4_13,,GO:0007158,GO:0030424; GO:0030425,
2516,66-Iwata-CellDynOSNMT,Fig6-S6_Acp-Gua_Mouse4_14,,GO:0007158,GO:0030424; GO:0030425,
2517,66-Iwata-CellDynOSNMT,Fig6-S6_Acp-Gua_Mouse4_15,,GO:0007158,GO:0030424; GO:0030425,
2518,66-Iwata-CellDynOSNMT,Fig6-S6_Acp-Gua_Mouse4_16,,GO:0007158,GO:0030424; GO:0030425,
2519,66-Iwata-CellDynOSNMT,Fig6-S6_Acp-Gua_Mouse4_17,,GO:0007158,GO:0030424; GO:0030425,
2520,66-Iwata-CellDynOSNMT,Fig6-S6_Acp-Gua_Mouse4_18,,GO:0007158,GO:0030424; GO:0030425,
2521,66-Iwata-CellDynOSNMT,Fig6-S6_Acp-Gua_Mouse4_19,,GO:0007158,GO:0030424; GO:0030425,
2522,66-Iwata-CellDynOSNMT,Fig6-S6_Acp-Gua_Mouse4_20,,GO:0007158,GO:0030424; GO:0030425,
2523,66-Iwata-CellDynOSNMT,Fig6-S6_Acp-Gua_Mouse4_21,,GO:0007158,GO:0030424; GO:0030425,
2524,66-Iwata-CellDynOSNMT,Fig6-S6_Acp-Gua_Mouse4_22,,GO:0007158,GO:0030424; GO:0030425,
2525,66-Iwata-CellDynOSNMT,Fig6-S6_Acp-Gua-mixture_Mouse1_1,,GO:0007158,GO:0030424; GO:0030425,
2526,66-Iwata-CellDynOSNMT,Fig6-S6_Acp-Gua-mixture_Mouse1_2,,GO:0007158,GO:0030424; GO:0030425,
2527,66-Iwata-CellDynOSNMT,Fig6-S6_Acp-Gua-mixture_Mouse1_3,,GO:0007158,GO:0030424; GO:0030425,
2528,66-Iwata-CellDynOSNMT,Fig6-S6_Acp-Gua-mixture_Mouse1_4,,GO:0007158,GO:0030424; GO:0030425,
2529,66-Iwata-CellDynOSNMT,Fig6-S6_Acp-Gua-mixture_Mouse1_5,,GO:0007158,GO:0030424; GO:0030425,
2530,66-Iwata-CellDynOSNMT,Fig6-S6_Acp-Gua-mixture_Mouse1_6,,GO:0007158,GO:0030424; GO:0030425,
2531,66-Iwata-CellDynOSNMT,Fig6-S6_Acp-Gua-mixture_Mouse1_7,,GO:0007158,GO:0030424; GO:0030425,
2532,66-Iwata-CellDynOSNMT,Fig6-S6_Acp-Gua-mixture_Mouse1_8,,GO:0007158,GO:0030424; GO:0030425,
2533,66-Iwata-CellDynOSNMT,Fig6-S6_Acp-Gua-mixture_Mouse1_9,,GO:0007158,GO:0030424; GO:0030425,
2534,66-Iwata-CellDynOSNMT,Fig6-S6_Acp-Gua-mixture_Mouse1_10,,GO:0007158,GO:0030424; GO:0030425,
2535,66-Iwata-CellDynOSNMT,Fig6-S6_Acp-Gua-mixture_Mouse1_11,,GO:0007158,GO:0030424; GO:0030425,
2536,66-Iwata-CellDynOSNMT,Fig6-S6_Acp-Gua-mixture_Mouse2_1,,GO:0007158,GO:0030424; GO:0030425,
2537,66-Iwata-CellDynOSNMT,Fig6-S6_Acp-Gua-mixture_Mouse2_2,,GO:0007158,GO:0030424; GO:0030425,
2538,66-Iwata-CellDynOSNMT,Fig6-S6_Acp-Gua-mixture_Mouse2_3,,GO:0007158,GO:0030424; GO:0030425,
2539,66-Iwata-CellDynOSNMT,Fig6-S6_Acp-Gua-mixture_Mouse2_4,,GO:0007158,GO:0030424; GO:0030425,
2540,66-Iwata-CellDynOSNMT,Fig6-S6_Acp-Gua-mixture_Mouse2_5,,GO:0007158,GO:0030424; GO:0030425,
2541,66-Iwata-CellDynOSNMT,Fig6-S6_Acp-Gua-mixture_Mouse2_6,,GO:0007158,GO:0030424; GO:0030425,
2542,66-Iwata-CellDynOSNMT,Fig6-S6_Acp-Gua-mixture_Mouse2_7,,GO:0007158,GO:0030424; GO:0030425,
2543,66-Iwata-CellDynOSNMT,Fig6-S6_Acp-Gua-mixture_Mouse2_8,,GO:0007158,GO:0030424; GO:0030425,
2544,66-Iwata-CellDynOSNMT,Fig6-S6_Acp-Gua-mixture_Mouse2_9,,GO:0007158,GO:0030424; GO:0030425,
2545,66-Iwata-CellDynOSNMT,Fig6-S6_Acp-Gua-mixture_Mouse2_10,,GO:0007158,GO:0030424; GO:0030425,
2546,66-Iwata-CellDynOSNMT,Fig6-S6_Acp-Gua-mixture_Mouse2_11,,GO:0007158,GO:0030424; GO:0030425,
2547,66-Iwata-CellDynOSNMT,Fig6-S6_Acp-Gua-mixture_Mouse2_12,,GO:0007158,GO:0030424; GO:0030425,
2548,66-Iwata-CellDynOSNMT,Fig6-S6_Acp-Gua-mixture_Mouse2_13,,GO:0007158,GO:0030424; GO:0030425,
2549,66-Iwata-CellDynOSNMT,Fig6-S6_Acp-Gua-mixture_Mouse2_14,,GO:0007158,GO:0030424; GO:0030425,
2550,66-Iwata-CellDynOSNMT,Fig6-S6_Acp-Gua-mixture_Mouse2_15,,GO:0007158,GO:0030424; GO:0030425,
2551,66-Iwata-CellDynOSNMT,Fig6-S6_Acp-Gua-mixture_Mouse2_16,,GO:0007158,GO:0030424; GO:0030425,
2552,66-Iwata-CellDynOSNMT,Fig6-S6_Acp-Gua-mixture_Mouse2_17,,GO:0007158,GO:0030424; GO:0030425,
2553,66-Iwata-CellDynOSNMT,Fig6-S6_Acp-Gua-mixture_Mouse2_18,,GO:0007158,GO:0030424; GO:0030425,
2554,66-Iwata-CellDynOSNMT,Fig6-S6_Acp-Gua-mixture_Mouse2_19,,GO:0007158,GO:0030424; GO:0030425,
2555,66-Iwata-CellDynOSNMT,Fig6-S6_Acp-Gua-mixture_Mouse2_20,,GO:0007158,GO:0030424; GO:0030425,
2556,66-Iwata-CellDynOSNMT,Fig6-S6_Acp-Gua-mixture_Mouse2_21,,GO:0007158,GO:0030424; GO:0030425,
2557,66-Iwata-CellDynOSNMT,Fig6-S6_Acp-Gua-mixture_Mouse2_22,,GO:0007158,GO:0030424; GO:0030425,
2558,66-Iwata-CellDynOSNMT,Fig6-S6_Acp-Gua-mixture_Mouse2_23,,GO:0007158,GO:0030424; GO:0030425,
2559,66-Iwata-CellDynOSNMT,Fig6-S6_Acp-Gua-mixture_Mouse2_24,,GO:0007158,GO:0030424; GO:0030425,
2560,66-Iwata-CellDynOSNMT,Fig6-S6_Acp-Gua-mixture_Mouse2_25,,GO:0007158,GO:0030424; GO:0030425,
2561,66-Iwata-CellDynOSNMT,Fig6-S6_Acp-Gua-mixture_Mouse2_26,,GO:0007158,GO:0030424; GO:0030425,
2562,66-Iwata-CellDynOSNMT,Fig6-S6_Acp-Gua-mixture_Mouse2_27,,GO:0007158,GO:0030424; GO:0030425,
2563,66-Iwata-CellDynOSNMT,Fig6-S6_Acp-Gua-mixture_Mouse2_28,,GO:0007158,GO:0030424; GO:0030425,
2564,66-Iwata-CellDynOSNMT,Fig6-S6_Acp-Gua-mixture_Mouse2_29,,GO:0007158,GO:0030424; GO:0030425,
2565,66-Iwata-CellDynOSNMT,Fig6-S6_Acp-Gua-mixture_Mouse2_30,,GO:0007158,GO:0030424; GO:0030425,
2566,66-Iwata-CellDynOSNMT,Fig6-S6_Acp-Gua-mixture_Mouse2_31,,GO:0007158,GO:0030424; GO:0030425,
2567,66-Iwata-CellDynOSNMT,Fig6-S6_Acp-Gua-mixture_Mouse2_32,,GO:0007158,GO:0030424; GO:0030425,
2568,66-Iwata-CellDynOSNMT,Fig6-S6_Acp-Gua-mixture_Mouse2_33,,GO:0007158,GO:0030424; GO:0030425,
2569,66-Iwata-CellDynOSNMT,Fig6-S6_Acp-Gua-mixture_Mouse2_34,,GO:0007158,GO:0030424; GO:0030425,
2570,66-Iwata-CellDynOSNMT,Fig6-S6_Acp-Gua-mixture_Mouse2_35,,GO:0007158,GO:0030424; GO:0030425,
2571,66-Iwata-CellDynOSNMT,Fig6-S6_Acp-Gua-mixture_Mouse2_36,,GO:0007158,GO:0030424; GO:0030425,
2572,66-Iwata-CellDynOSNMT,Fig6-S6_Acp-Gua-mixture_Mouse2_37,,GO:0007158,GO:0030424; GO:0030425,
2573,66-Iwata-CellDynOSNMT,Fig6-S6_Acp-Gua-mixture_Mouse2_38,,GO:0007158,GO:0030424; GO:0030425,
2574,66-Iwata-CellDynOSNMT,Fig6-S6_Acp-Gua-mixture_Mouse2_39,,GO:0007158,GO:0030424; GO:0030425,
2575,66-Iwata-CellDynOSNMT,Fig6-S6_Acp-Gua-mixture_Mouse2_40,,GO:0007158,GO:0030424; GO:0030425,
2576,66-Iwata-CellDynOSNMT,Fig6-S6_Acp-Gua-mixture_Mouse2_41,,GO:0007158,GO:0030424; GO:0030425,
2577,66-Iwata-CellDynOSNMT,Fig6-S6_Acp-Gua-mixture_Mouse2_42,,GO:0007158,GO:0030424; GO:0030425,
2578,66-Iwata-CellDynOSNMT,Fig6-S6_Acp-Gua-mixture_Mouse2_43,,GO:0007158,GO:0030424; GO:0030425,
2579,66-Iwata-CellDynOSNMT,Fig6-S6_Acp-Gua-mixture_Mouse2_44,,GO:0007158,GO:0030424; GO:0030425,
2580,66-Iwata-CellDynOSNMT,Fig6-S6_Bua-Hex_Mouse1_1,,GO:0007158,GO:0030424; GO:0030425,
2581,66-Iwata-CellDynOSNMT,Fig6-S6_Bua-Hex_Mouse1_2,,GO:0007158,GO:0030424; GO:0030425,
2582,66-Iwata-CellDynOSNMT,Fig6-S6_Bua-Hex_Mouse1_3,,GO:0007158,GO:0030424; GO:0030425,
2583,66-Iwata-CellDynOSNMT,Fig6-S6_Bua-Hex_Mouse1_4,,GO:0007158,GO:0030424; GO:0030425,
2584,66-Iwata-CellDynOSNMT,Fig6-S6_Bua-Hex_Mouse1_5,,GO:0007158,GO:0030424; GO:0030425,
2585,66-Iwata-CellDynOSNMT,Fig6-S6_Bua-Hex_Mouse1_6,,GO:0007158,GO:0030424; GO:0030425,
2586,66-Iwata-CellDynOSNMT,Fig6-S6_Bua-Hex_Mouse1_7,,GO:0007158,GO:0030424; GO:0030425,
2587,66-Iwata-CellDynOSNMT,Fig6-S6_Bua-Hex_Mouse1_8,,GO:0007158,GO:0030424; GO:0030425,
2588,66-Iwata-CellDynOSNMT,Fig6-S6_Bua-Hex_Mouse1_9,,GO:0007158,GO:0030424; GO:0030425,
2589,66-Iwata-CellDynOSNMT,Fig6-S6_Bua-Hex_Mouse1_10,,GO:0007158,GO:0030424; GO:0030425,
2590,66-Iwata-CellDynOSNMT,Fig6-S6_Bua-Hex_Mouse1_11,,GO:0007158,GO:0030424; GO:0030425,
2591,66-Iwata-CellDynOSNMT,Fig6-S6_Bua-Hex_Mouse1_12,,GO:0007158,GO:0030424; GO:0030425,
2592,66-Iwata-CellDynOSNMT,Fig6-S6_Bua-Hex_Mouse1_13,,GO:0007158,GO:0030424; GO:0030425,
2593,66-Iwata-CellDynOSNMT,Fig6-S6_Bua-Hex_Mouse1_14,,GO:0007158,GO:0030424; GO:0030425,
2594,66-Iwata-CellDynOSNMT,Fig6-S6_Bua-Hex_Mouse1_15,,GO:0007158,GO:0030424; GO:0030425,
2595,66-Iwata-CellDynOSNMT,Fig6-S6_Bua-Hex_Mouse1_16,,GO:0007158,GO:0030424; GO:0030425,
2596,66-Iwata-CellDynOSNMT,Fig6-S6_Bua-Hex_Mouse1_17,,GO:0007158,GO:0030424; GO:0030425,
2597,66-Iwata-CellDynOSNMT,Fig6-S6_Bua-Hex_Mouse1_18,,GO:0007158,GO:0030424; GO:0030425,
2598,66-Iwata-CellDynOSNMT,Fig6-S6_Bua-Hex_Mouse1_19,,GO:0007158,GO:0030424; GO:0030425,
2599,66-Iwata-CellDynOSNMT,Fig6-S6_Bua-Hex_Mouse1_20,,GO:0007158,GO:0030424; GO:0030425,
2600,66-Iwata-CellDynOSNMT,Fig6-S6_Bua-Hex_Mouse1_21,,GO:0007158,GO:0030424; GO:0030425,
2601,66-Iwata-CellDynOSNMT,Fig6-S6_Bua-Hex_Mouse1_22,,GO:0007158,GO:0030424; GO:0030425,
2602,66-Iwata-CellDynOSNMT,Fig6-S6_Bua-Hex_Mouse1_23,,GO:0007158,GO:0030424; GO:0030425,
2603,66-Iwata-CellDynOSNMT,Fig6-S6_Bua-Hex_Mouse1_24,,GO:0007158,GO:0030424; GO:0030425,
2604,66-Iwata-CellDynOSNMT,Fig6-S6_Bua-Hex_Mouse1_25,,GO:0007158,GO:0030424; GO:0030425,
2605,66-Iwata-CellDynOSNMT,Fig6-S6_Bua-Hex_Mouse1_26,,GO:0007158,GO:0030424; GO:0030425,
2606,66-Iwata-CellDynOSNMT,Fig6-S6_Bua-Hex_Mouse1_27,,GO:0007158,GO:0030424; GO:0030425,
2607,66-Iwata-CellDynOSNMT,Fig6-S6_Bua-Hex_Mouse1_28,,GO:0007158,GO:0030424; GO:0030425,
2608,66-Iwata-CellDynOSNMT,Fig6-S6_Bua-Hex_Mouse1_29,,GO:0007158,GO:0030424; GO:0030425,
2609,66-Iwata-CellDynOSNMT,Fig6-S6_Bua-Hex_Mouse1_30,,GO:0007158,GO:0030424; GO:0030425,
2610,66-Iwata-CellDynOSNMT,Fig6-S6_Bua-Hex_Mouse1_31,,GO:0007158,GO:0030424; GO:0030425,
2611,66-Iwata-CellDynOSNMT,Fig6-S6_Bua-Hex_Mouse1_32,,GO:0007158,GO:0030424; GO:0030425,
2612,66-Iwata-CellDynOSNMT,Fig6-S6_Bua-Hex_Mouse1_33,,GO:0007158,GO:0030424; GO:0030425,
2613,66-Iwata-CellDynOSNMT,Fig6-S6_Bua-Hex_Mouse1_34,,GO:0007158,GO:0030424; GO:0030425,
2614,66-Iwata-CellDynOSNMT,Fig6-S6_Bua-Hex_Mouse1_35,,GO:0007158,GO:0030424; GO:0030425,
2615,66-Iwata-CellDynOSNMT,Fig6-S6_Bua-Hex_Mouse1_36,,GO:0007158,GO:0030424; GO:0030425,
2616,66-Iwata-CellDynOSNMT,Fig6-S6_Bua-Hex_Mouse1_37,,GO:0007158,GO:0030424; GO:0030425,
2617,66-Iwata-CellDynOSNMT,Fig6-S6_Bua-Hex_Mouse1_38,,GO:0007158,GO:0030424; GO:0030425,
2618,66-Iwata-CellDynOSNMT,Fig6-S6_Bua-Hex_Mouse1_39,,GO:0007158,GO:0030424; GO:0030425,
2619,66-Iwata-CellDynOSNMT,Fig6-S6_Bua-Hex_Mouse1_40,,GO:0007158,GO:0030424; GO:0030425,
2620,66-Iwata-CellDynOSNMT,Fig6-S6_Bua-Hex_Mouse1_41,,GO:0007158,GO:0030424; GO:0030425,
2621,66-Iwata-CellDynOSNMT,Fig6-S6_Bua-Hex_Mouse1_42,,GO:0007158,GO:0030424; GO:0030425,
2622,66-Iwata-CellDynOSNMT,Fig6-S6_Bua-Hex_Mouse1_43,,GO:0007158,GO:0030424; GO:0030425,
2623,66-Iwata-CellDynOSNMT,Fig6-S6_Bua-Hex_Mouse1_44,,GO:0007158,GO:0030424; GO:0030425,
2624,66-Iwata-CellDynOSNMT,Fig6-S6_Bua-Hex_Mouse2_1,,GO:0007158,GO:0030424; GO:0030425,
2625,66-Iwata-CellDynOSNMT,Fig6-S6_Bua-Hex_Mouse2_2,,GO:0007158,GO:0030424; GO:0030425,
2626,66-Iwata-CellDynOSNMT,Fig6-S6_Bua-Hex_Mouse2_3,,GO:0007158,GO:0030424; GO:0030425,
2627,66-Iwata-CellDynOSNMT,Fig6-S6_Bua-Hex_Mouse2_4,,GO:0007158,GO:0030424; GO:0030425,
2628,66-Iwata-CellDynOSNMT,Fig6-S6_Bua-Hex_Mouse2_5,,GO:0007158,GO:0030424; GO:0030425,
2629,66-Iwata-CellDynOSNMT,Fig6-S6_Bua-Hex_Mouse2_6,,GO:0007158,GO:0030424; GO:0030425,
2630,66-Iwata-CellDynOSNMT,Fig6-S6_Bua-Hex_Mouse2_7,,GO:0007158,GO:0030424; GO:0030425,
2631,66-Iwata-CellDynOSNMT,Fig6-S6_Bua-Hex_Mouse2_8,,GO:0007158,GO:0030424; GO:0030425,
2632,66-Iwata-CellDynOSNMT,Fig6-S6_Bua-Hex_Mouse2_9,,GO:0007158,GO:0030424; GO:0030425,
2633,66-Iwata-CellDynOSNMT,Fig6-S6_Bua-Hex_Mouse2_10,,GO:0007158,GO:0030424; GO:0030425,
2634,66-Iwata-CellDynOSNMT,Fig6-S6_Bua-Hex_Mouse2_11,,GO:0007158,GO:0030424; GO:0030425,
2635,66-Iwata-CellDynOSNMT,Fig6-S6_Bua-Hex_Mouse2_12,,GO:0007158,GO:0030424; GO:0030425,
2636,66-Iwata-CellDynOSNMT,Fig6-S6_Bua-Hex_Mouse2_13,,GO:0007158,GO:0030424; GO:0030425,
2637,66-Iwata-CellDynOSNMT,Fig6-S6_Bua-Hex_Mouse2_14,,GO:0007158,GO:0030424; GO:0030425,
2638,66-Iwata-CellDynOSNMT,Fig6-S6_Bua-Hex_Mouse2_15,,GO:0007158,GO:0030424; GO:0030425,
2639,66-Iwata-CellDynOSNMT,Fig6-S6_Bua-Hex_Mouse2_16,,GO:0007158,GO:0030424; GO:0030425,
2640,66-Iwata-CellDynOSNMT,Fig6-S6_Bua-Hex_Mouse2_17,,GO:0007158,GO:0030424; GO:0030425,
2641,66-Iwata-CellDynOSNMT,Fig6-S6_Bua-Hex_Mouse2_18,,GO:0007158,GO:0030424; GO:0030425,
2642,66-Iwata-CellDynOSNMT,Fig6-S6_Bua-Hex_Mouse2_19,,GO:0007158,GO:0030424; GO:0030425,
2643,66-Iwata-CellDynOSNMT,Fig6-S6_Bua-Hex_Mouse2_20,,GO:0007158,GO:0030424; GO:0030425,
2644,66-Iwata-CellDynOSNMT,Fig6-S6_Bua-Hex_Mouse2_21,,GO:0007158,GO:0030424; GO:0030425,
2645,66-Iwata-CellDynOSNMT,Fig6-S6_Bua-Hex_Mouse2_22,,GO:0007158,GO:0030424; GO:0030425,
2646,66-Iwata-CellDynOSNMT,Fig6-S6_Bua-Hex_Mouse2_23,,GO:0007158,GO:0030424; GO:0030425,
2647,66-Iwata-CellDynOSNMT,Fig6-S6_Bua-Hex_Mouse2_24,,GO:0007158,GO:0030424; GO:0030425,
2648,66-Iwata-CellDynOSNMT,Fig6-S6_Bua-Hex_Mouse2_25,,GO:0007158,GO:0030424; GO:0030425,
2649,66-Iwata-CellDynOSNMT,Fig6-S6_Bua-Hex_Mouse2_26,,GO:0007158,GO:0030424; GO:0030425,
2650,66-Iwata-CellDynOSNMT,Fig6-S6_Bua-Hex_Mouse2_27,,GO:0007158,GO:0030424; GO:0030425,
2651,66-Iwata-CellDynOSNMT,Fig6-S6_Bua-Hex_Mouse2_28,,GO:0007158,GO:0030424; GO:0030425,
2652,66-Iwata-CellDynOSNMT,Fig6-S6_Bua-Hex_Mouse2_29,,GO:0007158,GO:0030424; GO:0030425,
2653,66-Iwata-CellDynOSNMT,Fig6-S6_Bua-Hex_Mouse2_30,,GO:0007158,GO:0030424; GO:0030425,
2654,66-Iwata-CellDynOSNMT,Fig6-S6_Bua-Hex_Mouse2_31,,GO:0007158,GO:0030424; GO:0030425,
2655,66-Iwata-CellDynOSNMT,Fig6-S6_Bua-Hex_Mouse2_32,,GO:0007158,GO:0030424; GO:0030425,
2656,66-Iwata-CellDynOSNMT,Fig6-S6_Bua-Hex_Mouse2_33,,GO:0007158,GO:0030424; GO:0030425,
2657,66-Iwata-CellDynOSNMT,Fig6-S6_Bz-Val-mixture_Mouse1_1,,GO:0007158,GO:0030424; GO:0030425,
2658,66-Iwata-CellDynOSNMT,Fig6-S6_Bz-Val-mixture_Mouse1_2,,GO:0007158,GO:0030424; GO:0030425,
2659,66-Iwata-CellDynOSNMT,Fig6-S6_Bz-Val-mixture_Mouse1_3,,GO:0007158,GO:0030424; GO:0030425,
2660,66-Iwata-CellDynOSNMT,Fig6-S6_Bz-Val-mixture_Mouse1_4,,GO:0007158,GO:0030424; GO:0030425,
2661,66-Iwata-CellDynOSNMT,Fig6-S6_Bz-Val-mixture_Mouse1_5,,GO:0007158,GO:0030424; GO:0030425,
2662,66-Iwata-CellDynOSNMT,Fig6-S6_Bz-Val-mixture_Mouse1_6,,GO:0007158,GO:0030424; GO:0030425,
2663,66-Iwata-CellDynOSNMT,Fig6-S6_Bz-Val-mixture_Mouse1_7,,GO:0007158,GO:0030424; GO:0030425,
2664,66-Iwata-CellDynOSNMT,Fig6-S6_Bz-Val-mixture_Mouse1_8,,GO:0007158,GO:0030424; GO:0030425,
2665,66-Iwata-CellDynOSNMT,Fig6-S6_Bz-Val-mixture_Mouse1_9,,GO:0007158,GO:0030424; GO:0030425,
2666,66-Iwata-CellDynOSNMT,Fig6-S6_Bz-Val-mixture_Mouse1_10,,GO:0007158,GO:0030424; GO:0030425,
2667,66-Iwata-CellDynOSNMT,Fig6-S6_Bz-Val-mixture_Mouse1_11,,GO:0007158,GO:0030424; GO:0030425,
2668,66-Iwata-CellDynOSNMT,Fig6-S6_Bz-Val-mixture_Mouse1_12,,GO:0007158,GO:0030424; GO:0030425,
2669,66-Iwata-CellDynOSNMT,Fig6-S6_Bz-Val-mixture_Mouse1_13,,GO:0007158,GO:0030424; GO:0030425,
2670,66-Iwata-CellDynOSNMT,Fig6-S6_Bz-Val-mixture_Mouse1_14,,GO:0007158,GO:0030424; GO:0030425,
2671,66-Iwata-CellDynOSNMT,Fig6-S6_Bz-Val-mixture_Mouse1_15,,GO:0007158,GO:0030424; GO:0030425,
2672,66-Iwata-CellDynOSNMT,Fig6-S6_Bz-Val-mixture_Mouse1_16,,GO:0007158,GO:0030424; GO:0030425,
2673,66-Iwata-CellDynOSNMT,Fig6-S6_Bz-Val-mixture_Mouse1_17,,GO:0007158,GO:0030424; GO:0030425,
2674,66-Iwata-CellDynOSNMT,Fig6-S6_Bz-Val-mixture_Mouse1_18,,GO:0007158,GO:0030424; GO:0030425,
2675,66-Iwata-CellDynOSNMT,Fig6-S6_Bz-Val-mixture_Mouse1_19,,GO:0007158,GO:0030424; GO:0030425,
2676,66-Iwata-CellDynOSNMT,Fig6-S6_Bz-Val-mixture_Mouse1_20,,GO:0007158,GO:0030424; GO:0030425,
2677,66-Iwata-CellDynOSNMT,Fig6-S6_Bz-Val-mixture_Mouse1_21,,GO:0007158,GO:0030424; GO:0030425,
2678,66-Iwata-CellDynOSNMT,Fig6-S6_Bz-Val-mixture_Mouse1_22,,GO:0007158,GO:0030424; GO:0030425,
2679,66-Iwata-CellDynOSNMT,Fig6-S6_Bz-Val-mixture_Mouse2_1,,GO:0007158,GO:0030424; GO:0030425,
2680,66-Iwata-CellDynOSNMT,Fig6-S6_Bz-Val-mixture_Mouse2_2,,GO:0007158,GO:0030424; GO:0030425,
2681,66-Iwata-CellDynOSNMT,Fig6-S6_Bz-Val-mixture_Mouse2_3,,GO:0007158,GO:0030424; GO:0030425,
2682,66-Iwata-CellDynOSNMT,Fig6-S6_Bz-Val-mixture_Mouse2_4,,GO:0007158,GO:0030424; GO:0030425,
2683,66-Iwata-CellDynOSNMT,Fig6-S6_Bz-Val-mixture_Mouse2_5,,GO:0007158,GO:0030424; GO:0030425,
2684,66-Iwata-CellDynOSNMT,Fig6-S6_Bz-Val-mixture_Mouse2_6,,GO:0007158,GO:0030424; GO:0030425,
2685,66-Iwata-CellDynOSNMT,Fig6-S6_Bz-Val-mixture_Mouse2_7,,GO:0007158,GO:0030424; GO:0030425,
2686,66-Iwata-CellDynOSNMT,Fig6-S6_Bz-Val-mixture_Mouse2_8,,GO:0007158,GO:0030424; GO:0030425,
2687,66-Iwata-CellDynOSNMT,Fig6-S6_Bz-Val-mixture_Mouse2_9,,GO:0007158,GO:0030424; GO:0030425,
2688,66-Iwata-CellDynOSNMT,Fig6-S6_Bz-Val-mixture_Mouse2_10,,GO:0007158,GO:0030424; GO:0030425,
2689,66-Iwata-CellDynOSNMT,Fig6-S6_Bz-Val-mixture_Mouse2_11,,GO:0007158,GO:0030424; GO:0030425,
2690,66-Iwata-CellDynOSNMT,Fig6-S6_Bz-Val-mixture_Mouse2_12,,GO:0007158,GO:0030424; GO:0030425,
2691,66-Iwata-CellDynOSNMT,Fig6-S6_Bz-Val-mixture_Mouse2_13,,GO:0007158,GO:0030424; GO:0030425,
2692,66-Iwata-CellDynOSNMT,Fig6-S6_Bz-Val-mixture_Mouse2_14,,GO:0007158,GO:0030424; GO:0030425,
2693,66-Iwata-CellDynOSNMT,Fig6-S6_Bz-Val-mixture_Mouse2_15,,GO:0007158,GO:0030424; GO:0030425,
2694,66-Iwata-CellDynOSNMT,Fig6-S6_Bz-Val-mixture_Mouse2_16,,GO:0007158,GO:0030424; GO:0030425,
2695,66-Iwata-CellDynOSNMT,Fig6-S6_Bz-Val-mixture_Mouse2_17,,GO:0007158,GO:0030424; GO:0030425,
2696,66-Iwata-CellDynOSNMT,Fig6-S6_Bz-Val-mixture_Mouse2_18,,GO:0007158,GO:0030424; GO:0030425,
2697,66-Iwata-CellDynOSNMT,Fig6-S6_Bz-Val-mixture_Mouse2_19,,GO:0007158,GO:0030424; GO:0030425,
2698,66-Iwata-CellDynOSNMT,Fig6-S6_Bz-Val-mixture_Mouse2_20,,GO:0007158,GO:0030424; GO:0030425,
2699,66-Iwata-CellDynOSNMT,Fig6-S6_Bz-Val-mixture_Mouse2_21,,GO:0007158,GO:0030424; GO:0030425,
2700,66-Iwata-CellDynOSNMT,Fig6-S6_Bz-Val-mixture_Mouse2_22,,GO:0007158,GO:0030424; GO:0030425,
2701,66-Iwata-CellDynOSNMT,Fig6-S6_Bz-Val-mixture_Mouse2_23,,GO:0007158,GO:0030424; GO:0030425,
2702,66-Iwata-CellDynOSNMT,Fig6-S6_Bz-Val-mixture_Mouse2_24,,GO:0007158,GO:0030424; GO:0030425,
2703,66-Iwata-CellDynOSNMT,Fig6-S6_Bz-Val-mixture_Mouse2_25,,GO:0007158,GO:0030424; GO:0030425,
2704,66-Iwata-CellDynOSNMT,Fig6-S6_Bz-Val-mixture_Mouse2_26,,GO:0007158,GO:0030424; GO:0030425,
2705,66-Iwata-CellDynOSNMT,Fig6-S6_Bz-Val-mixture_Mouse2_27,,GO:0007158,GO:0030424; GO:0030425,
2706,66-Iwata-CellDynOSNMT,Fig6-S6_Bz-Val-mixture_Mouse2_28,,GO:0007158,GO:0030424; GO:0030425,
2707,66-Iwata-CellDynOSNMT,Fig6-S6_Bz-Val-mixture_Mouse2_29,,GO:0007158,GO:0030424; GO:0030425,
2708,66-Iwata-CellDynOSNMT,Fig6-S6_Bz-Val-mixture_Mouse2_30,,GO:0007158,GO:0030424; GO:0030425,
2709,66-Iwata-CellDynOSNMT,Fig6-S6_Bz-Val-mixture_Mouse2_31,,GO:0007158,GO:0030424; GO:0030425,
2710,66-Iwata-CellDynOSNMT,Fig6-S6_Bz-Val-mixture_Mouse2_32,,GO:0007158,GO:0030424; GO:0030425,
2711,66-Iwata-CellDynOSNMT,Fig6-S6_Bz-Val-mixture_Mouse2_33,,GO:0007158,GO:0030424; GO:0030425,
2712,66-Iwata-CellDynOSNMT,Fig6-S6_Bz-Val-mixture_Mouse2_34,,GO:0007158,GO:0030424; GO:0030425,
2713,66-Iwata-CellDynOSNMT,Fig6-S6_Bz-Val-mixture_Mouse2_35,,GO:0007158,GO:0030424; GO:0030425,
2714,66-Iwata-CellDynOSNMT,Fig6-S6_Bz-Val-mixture_Mouse2_36,,GO:0007158,GO:0030424; GO:0030425,
2715,66-Iwata-CellDynOSNMT,Fig6-S6_Bz-Val-mixture_Mouse2_37,,GO:0007158,GO:0030424; GO:0030425,
2716,66-Iwata-CellDynOSNMT,Fig6-S6_Bz-Val-mixture_Mouse2_38,,GO:0007158,GO:0030424; GO:0030425,
2717,66-Iwata-CellDynOSNMT,Fig6-S6_Bz-Val-mixture_Mouse2_39,,GO:0007158,GO:0030424; GO:0030425,
2718,66-Iwata-CellDynOSNMT,Fig6-S6_Bz-Val-mixture_Mouse2_40,,GO:0007158,GO:0030424; GO:0030425,
2719,66-Iwata-CellDynOSNMT,Fig6-S6_Bz-Val-mixture_Mouse2_41,,GO:0007158,GO:0030424; GO:0030425,
2720,66-Iwata-CellDynOSNMT,Fig6-S6_Bz-Val-mixture_Mouse2_42,,GO:0007158,GO:0030424; GO:0030425,
2721,66-Iwata-CellDynOSNMT,Fig6-S6_Bz-Val-mixture_Mouse2_43,,GO:0007158,GO:0030424; GO:0030425,
2722,66-Iwata-CellDynOSNMT,Fig6-S6_Bz-Val-mixture_Mouse2_44,,GO:0007158,GO:0030424; GO:0030425,
2723,66-Iwata-CellDynOSNMT,Fig6-S6_Oca-Pna_Mouse1_1,,GO:0007158,GO:0030424; GO:0030425,
2724,66-Iwata-CellDynOSNMT,Fig6-S6_Oca-Pna_Mouse1_2,,GO:0007158,GO:0030424; GO:0030425,
2725,66-Iwata-CellDynOSNMT,Fig6-S6_Oca-Pna_Mouse1_3,,GO:0007158,GO:0030424; GO:0030425,
2726,66-Iwata-CellDynOSNMT,Fig6-S6_Oca-Pna_Mouse1_4,,GO:0007158,GO:0030424; GO:0030425,
2727,66-Iwata-CellDynOSNMT,Fig6-S6_Oca-Pna_Mouse1_5,,GO:0007158,GO:0030424; GO:0030425,
2728,66-Iwata-CellDynOSNMT,Fig6-S6_Oca-Pna_Mouse1_6,,GO:0007158,GO:0030424; GO:0030425,
2729,66-Iwata-CellDynOSNMT,Fig6-S6_Oca-Pna_Mouse1_7,,GO:0007158,GO:0030424; GO:0030425,
2730,66-Iwata-CellDynOSNMT,Fig6-S6_Oca-Pna_Mouse1_8,,GO:0007158,GO:0030424; GO:0030425,
2731,66-Iwata-CellDynOSNMT,Fig6-S6_Oca-Pna_Mouse1_9,,GO:0007158,GO:0030424; GO:0030425,
2732,66-Iwata-CellDynOSNMT,Fig6-S6_Oca-Pna_Mouse1_10,,GO:0007158,GO:0030424; GO:0030425,
2733,66-Iwata-CellDynOSNMT,Fig6-S6_Oca-Pna_Mouse1_11,,GO:0007158,GO:0030424; GO:0030425,
2734,66-Iwata-CellDynOSNMT,Fig6-S6_Oca-Pna_Mouse2_1,,GO:0007158,GO:0030424; GO:0030425,
2735,66-Iwata-CellDynOSNMT,Fig6-S6_Oca-Pna_Mouse2_2,,GO:0007158,GO:0030424; GO:0030425,
2736,66-Iwata-CellDynOSNMT,Fig6-S6_Oca-Pna_Mouse2_3,,GO:0007158,GO:0030424; GO:0030425,
2737,66-Iwata-CellDynOSNMT,Fig6-S6_Oca-Pna_Mouse2_4,,GO:0007158,GO:0030424; GO:0030425,
2738,66-Iwata-CellDynOSNMT,Fig6-S6_Oca-Pna_Mouse2_5,,GO:0007158,GO:0030424; GO:0030425,
2739,66-Iwata-CellDynOSNMT,Fig6-S6_Oca-Pna_Mouse2_6,,GO:0007158,GO:0030424; GO:0030425,
2740,66-Iwata-CellDynOSNMT,Fig6-S6_Oca-Pna_Mouse2_7,,GO:0007158,GO:0030424; GO:0030425,
2741,66-Iwata-CellDynOSNMT,Fig6-S6_Oca-Pna_Mouse2_8,,GO:0007158,GO:0030424; GO:0030425,
2742,66-Iwata-CellDynOSNMT,Fig6-S6_Oca-Pna_Mouse2_9,,GO:0007158,GO:0030424; GO:0030425,
2743,66-Iwata-CellDynOSNMT,Fig6-S6_Oca-Pna_Mouse2_10,,GO:0007158,GO:0030424; GO:0030425,
2744,66-Iwata-CellDynOSNMT,Fig6-S6_Oca-Pna_Mouse2_11,,GO:0007158,GO:0030424; GO:0030425,
2745,66-Iwata-CellDynOSNMT,Fig6-S6_Oca-Pna_Mouse3_1,,GO:0007158,GO:0030424; GO:0030425,
2746,66-Iwata-CellDynOSNMT,Fig6-S6_Oca-Pna_Mouse3_2,,GO:0007158,GO:0030424; GO:0030425,
2747,66-Iwata-CellDynOSNMT,Fig6-S6_Oca-Pna_Mouse3_3,,GO:0007158,GO:0030424; GO:0030425,
2748,66-Iwata-CellDynOSNMT,Fig6-S6_Oca-Pna_Mouse3_4,,GO:0007158,GO:0030424; GO:0030425,
2749,66-Iwata-CellDynOSNMT,Fig6-S6_Oca-Pna_Mouse3_5,,GO:0007158,GO:0030424; GO:0030425,
2750,66-Iwata-CellDynOSNMT,Fig6-S6_Oca-Pna_Mouse3_6,,GO:0007158,GO:0030424; GO:0030425,
2751,66-Iwata-CellDynOSNMT,Fig6-S6_Oca-Pna_Mouse3_7,,GO:0007158,GO:0030424; GO:0030425,
2752,66-Iwata-CellDynOSNMT,Fig6-S6_Oca-Pna_Mouse3_8,,GO:0007158,GO:0030424; GO:0030425,
2753,66-Iwata-CellDynOSNMT,Fig6-S6_Oca-Pna_Mouse3_9,,GO:0007158,GO:0030424; GO:0030425,
2754,66-Iwata-CellDynOSNMT,Fig6-S6_Oca-Pna_Mouse3_10,,GO:0007158,GO:0030424; GO:0030425,
2755,66-Iwata-CellDynOSNMT,Fig6-S6_Oca-Pna_Mouse3_11,,GO:0007158,GO:0030424; GO:0030425,
2756,66-Iwata-CellDynOSNMT,Fig6-S6_Oca-Pna_Mouse3_12,,GO:0007158,GO:0030424; GO:0030425,
2757,66-Iwata-CellDynOSNMT,Fig6-S6_Oca-Pna_Mouse3_13,,GO:0007158,GO:0030424; GO:0030425,
2758,66-Iwata-CellDynOSNMT,Fig6-S6_Oca-Pna_Mouse3_14,,GO:0007158,GO:0030424; GO:0030425,
2759,66-Iwata-CellDynOSNMT,Fig6-S6_Oca-Pna_Mouse3_15,,GO:0007158,GO:0030424; GO:0030425,
2760,66-Iwata-CellDynOSNMT,Fig6-S6_Oca-Pna_Mouse3_16,,GO:0007158,GO:0030424; GO:0030425,
2761,66-Iwata-CellDynOSNMT,Fig6-S6_Oca-Pna_Mouse3_17,,GO:0007158,GO:0030424; GO:0030425,
2762,66-Iwata-CellDynOSNMT,Fig6-S6_Oca-Pna_Mouse3_18,,GO:0007158,GO:0030424; GO:0030425,
2763,66-Iwata-CellDynOSNMT,Fig6-S6_Oca-Pna_Mouse3_19,,GO:0007158,GO:0030424; GO:0030425,
2764,66-Iwata-CellDynOSNMT,Fig6-S6_Oca-Pna_Mouse3_20,,GO:0007158,GO:0030424; GO:0030425,
2765,66-Iwata-CellDynOSNMT,Fig6-S6_Oca-Pna_Mouse3_21,,GO:0007158,GO:0030424; GO:0030425,
2766,66-Iwata-CellDynOSNMT,Fig6-S6_Oca-Pna_Mouse3_22,,GO:0007158,GO:0030424; GO:0030425,
2767,66-Iwata-CellDynOSNMT,Fig6-S6_Oca-Pna_Mouse4_1,,GO:0007158,GO:0030424; GO:0030425,
2768,66-Iwata-CellDynOSNMT,Fig6-S6_Oca-Pna_Mouse4_2,,GO:0007158,GO:0030424; GO:0030425,
2769,66-Iwata-CellDynOSNMT,Fig6-S6_Oca-Pna_Mouse4_3,,GO:0007158,GO:0030424; GO:0030425,
2770,66-Iwata-CellDynOSNMT,Fig6-S6_Oca-Pna_Mouse4_4,,GO:0007158,GO:0030424; GO:0030425,
2771,66-Iwata-CellDynOSNMT,Fig6-S6_Oca-Pna_Mouse4_5,,GO:0007158,GO:0030424; GO:0030425,
2772,66-Iwata-CellDynOSNMT,Fig6-S6_Oca-Pna_Mouse4_6,,GO:0007158,GO:0030424; GO:0030425,
2773,66-Iwata-CellDynOSNMT,Fig6-S6_Oca-Pna_Mouse4_7,,GO:0007158,GO:0030424; GO:0030425,
2774,66-Iwata-CellDynOSNMT,Fig6-S6_Oca-Pna_Mouse4_8,,GO:0007158,GO:0030424; GO:0030425,
2775,66-Iwata-CellDynOSNMT,Fig6-S6_Oca-Pna_Mouse4_9,,GO:0007158,GO:0030424; GO:0030425,
2776,66-Iwata-CellDynOSNMT,Fig6-S6_Oca-Pna_Mouse4_10,,GO:0007158,GO:0030424; GO:0030425,
2777,66-Iwata-CellDynOSNMT,Fig6-S6_Oca-Pna_Mouse4_11,,GO:0007158,GO:0030424; GO:0030425,
2778,66-Iwata-CellDynOSNMT,Fig6-S6_Oca-Pna_Mouse4_12,,GO:0007158,GO:0030424; GO:0030425,
2779,66-Iwata-CellDynOSNMT,Fig6-S6_Oca-Pna_Mouse4_13,,GO:0007158,GO:0030424; GO:0030425,
2780,66-Iwata-CellDynOSNMT,Fig6-S6_Oca-Pna_Mouse4_14,,GO:0007158,GO:0030424; GO:0030425,
2781,66-Iwata-CellDynOSNMT,Fig6-S6_Oca-Pna_Mouse4_15,,GO:0007158,GO:0030424; GO:0030425,
2782,66-Iwata-CellDynOSNMT,Fig6-S6_Oca-Pna_Mouse4_16,,GO:0007158,GO:0030424; GO:0030425,
2783,66-Iwata-CellDynOSNMT,Fig6-S6_Oca-Pna_Mouse4_17,,GO:0007158,GO:0030424; GO:0030425,
2784,66-Iwata-CellDynOSNMT,Fig6-S6_Oca-Pna_Mouse4_18,,GO:0007158,GO:0030424; GO:0030425,
2785,66-Iwata-CellDynOSNMT,Fig6-S6_Oca-Pna_Mouse4_19,,GO:0007158,GO:0030424; GO:0030425,
2786,66-Iwata-CellDynOSNMT,Fig6-S6_Oca-Pna_Mouse4_20,,GO:0007158,GO:0030424; GO:0030425,
2787,66-Iwata-CellDynOSNMT,Fig6-S6_Oca-Pna_Mouse4_21,,GO:0007158,GO:0030424; GO:0030425,
2788,66-Iwata-CellDynOSNMT,Fig6-S6_Oca-Pna_Mouse4_22,,GO:0007158,GO:0030424; GO:0030425,
2789,66-Iwata-CellDynOSNMT,Fig6-S6_Oca-Pna_Mouse4_23,,GO:0007158,GO:0030424; GO:0030425,
2790,66-Iwata-CellDynOSNMT,Fig6-S6_Oca-Pna_Mouse4_24,,GO:0007158,GO:0030424; GO:0030425,
2791,66-Iwata-CellDynOSNMT,Fig6-S6_Oca-Pna_Mouse4_25,,GO:0007158,GO:0030424; GO:0030425,
2792,66-Iwata-CellDynOSNMT,Fig6-S6_Oca-Pna_Mouse4_26,,GO:0007158,GO:0030424; GO:0030425,
2793,66-Iwata-CellDynOSNMT,Fig6-S6_Oca-Pna_Mouse4_27,,GO:0007158,GO:0030424; GO:0030425,
2794,66-Iwata-CellDynOSNMT,Fig6-S6_Oca-Pna_Mouse4_28,,GO:0007158,GO:0030424; GO:0030425,
2795,66-Iwata-CellDynOSNMT,Fig6-S6_Oca-Pna_Mouse4_29,,GO:0007158,GO:0030424; GO:0030425,
2796,66-Iwata-CellDynOSNMT,Fig6-S6_Oca-Pna_Mouse4_30,,GO:0007158,GO:0030424; GO:0030425,
2797,66-Iwata-CellDynOSNMT,Fig6-S6_Oca-Pna_Mouse4_31,,GO:0007158,GO:0030424; GO:0030425,
2798,66-Iwata-CellDynOSNMT,Fig6-S6_Oca-Pna_Mouse4_32,,GO:0007158,GO:0030424; GO:0030425,
2799,66-Iwata-CellDynOSNMT,Fig6-S6_Oca-Pna_Mouse4_33,,GO:0007158,GO:0030424; GO:0030425,
2800,66-Iwata-CellDynOSNMT,Fig6-S6_Oca-Pna_Mouse5_1,,GO:0007158,GO:0030424; GO:0030425,
2801,66-Iwata-CellDynOSNMT,Fig6-S6_Oca-Pna_Mouse5_2,,GO:0007158,GO:0030424; GO:0030425,
2802,66-Iwata-CellDynOSNMT,Fig6-S6_Oca-Pna_Mouse5_3,,GO:0007158,GO:0030424; GO:0030425,
2803,66-Iwata-CellDynOSNMT,Fig6-S6_Oca-Pna_Mouse5_4,,GO:0007158,GO:0030424; GO:0030425,
2804,66-Iwata-CellDynOSNMT,Fig6-S6_Oca-Pna_Mouse5_5,,GO:0007158,GO:0030424; GO:0030425,
2805,66-Iwata-CellDynOSNMT,Fig6-S6_Oca-Pna_Mouse5_6,,GO:0007158,GO:0030424; GO:0030425,
2806,66-Iwata-CellDynOSNMT,Fig6-S6_Oca-Pna_Mouse5_7,,GO:0007158,GO:0030424; GO:0030425,
2807,66-Iwata-CellDynOSNMT,Fig6-S6_Oca-Pna_Mouse5_8,,GO:0007158,GO:0030424; GO:0030425,
2808,66-Iwata-CellDynOSNMT,Fig6-S6_Oca-Pna_Mouse5_9,,GO:0007158,GO:0030424; GO:0030425,
2809,66-Iwata-CellDynOSNMT,Fig6-S6_Oca-Pna_Mouse5_10,,GO:0007158,GO:0030424; GO:0030425,
2810,66-Iwata-CellDynOSNMT,Fig6-S6_Oca-Pna_Mouse5_11,,GO:0007158,GO:0030424; GO:0030425,
2811,66-Iwata-CellDynOSNMT,Fig6-S6_Oca-Pna_Mouse5_12,,GO:0007158,GO:0030424; GO:0030425,
2812,66-Iwata-CellDynOSNMT,Fig6-S6_Oca-Pna_Mouse5_13,,GO:0007158,GO:0030424; GO:0030425,
2813,66-Iwata-CellDynOSNMT,Fig6-S6_Oca-Pna_Mouse5_14,,GO:0007158,GO:0030424; GO:0030425,
2814,66-Iwata-CellDynOSNMT,Fig6-S6_Oca-Pna_Mouse5_15,,GO:0007158,GO:0030424; GO:0030425,
2815,66-Iwata-CellDynOSNMT,Fig6-S6_Oca-Pna_Mouse5_16,,GO:0007158,GO:0030424; GO:0030425,
2816,66-Iwata-CellDynOSNMT,Fig6-S6_Oca-Pna_Mouse5_17,,GO:0007158,GO:0030424; GO:0030425,
2817,66-Iwata-CellDynOSNMT,Fig6-S6_Oca-Pna_Mouse5_18,,GO:0007158,GO:0030424; GO:0030425,
2818,66-Iwata-CellDynOSNMT,Fig6-S6_Oca-Pna_Mouse5_19,,GO:0007158,GO:0030424; GO:0030425,
2819,66-Iwata-CellDynOSNMT,Fig6-S6_Oca-Pna_Mouse5_20,,GO:0007158,GO:0030424; GO:0030425,
2820,66-Iwata-CellDynOSNMT,Fig6-S6_Oca-Pna_Mouse5_21,,GO:0007158,GO:0030424; GO:0030425,
2821,66-Iwata-CellDynOSNMT,Fig6-S6_Oca-Pna_Mouse5_22,,GO:0007158,GO:0030424; GO:0030425,
2822,66-Iwata-CellDynOSNMT,Fig6-S6_Val-Bz_Mouse1_1,,GO:0007158,GO:0030424; GO:0030425,
2823,66-Iwata-CellDynOSNMT,Fig6-S6_Val-Bz_Mouse1_2,,GO:0007158,GO:0030424; GO:0030425,
2824,66-Iwata-CellDynOSNMT,Fig6-S6_Val-Bz_Mouse1_3,,GO:0007158,GO:0030424; GO:0030425,
2825,66-Iwata-CellDynOSNMT,Fig6-S6_Val-Bz_Mouse1_4,,GO:0007158,GO:0030424; GO:0030425,
2826,66-Iwata-CellDynOSNMT,Fig6-S6_Val-Bz_Mouse1_5,,GO:0007158,GO:0030424; GO:0030425,
2827,66-Iwata-CellDynOSNMT,Fig6-S6_Val-Bz_Mouse1_6,,GO:0007158,GO:0030424; GO:0030425,
2828,66-Iwata-CellDynOSNMT,Fig6-S6_Val-Bz_Mouse1_7,,GO:0007158,GO:0030424; GO:0030425,
2829,66-Iwata-CellDynOSNMT,Fig6-S6_Val-Bz_Mouse1_8,,GO:0007158,GO:0030424; GO:0030425,
2830,66-Iwata-CellDynOSNMT,Fig6-S6_Val-Bz_Mouse1_9,,GO:0007158,GO:0030424; GO:0030425,
2831,66-Iwata-CellDynOSNMT,Fig6-S6_Val-Bz_Mouse1_10,,GO:0007158,GO:0030424; GO:0030425,
2832,66-Iwata-CellDynOSNMT,Fig6-S6_Val-Bz_Mouse1_11,,GO:0007158,GO:0030424; GO:0030425,
2833,66-Iwata-CellDynOSNMT,Fig6-S6_Val-Bz_Mouse1_12,,GO:0007158,GO:0030424; GO:0030425,
2834,66-Iwata-CellDynOSNMT,Fig6-S6_Val-Bz_Mouse1_13,,GO:0007158,GO:0030424; GO:0030425,
2835,66-Iwata-CellDynOSNMT,Fig6-S6_Val-Bz_Mouse1_14,,GO:0007158,GO:0030424; GO:0030425,
2836,66-Iwata-CellDynOSNMT,Fig6-S6_Val-Bz_Mouse1_15,,GO:0007158,GO:0030424; GO:0030425,
2837,66-Iwata-CellDynOSNMT,Fig6-S6_Val-Bz_Mouse1_16,,GO:0007158,GO:0030424; GO:0030425,
2838,66-Iwata-CellDynOSNMT,Fig6-S6_Val-Bz_Mouse1_17,,GO:0007158,GO:0030424; GO:0030425,
2839,66-Iwata-CellDynOSNMT,Fig6-S6_Val-Bz_Mouse1_18,,GO:0007158,GO:0030424; GO:0030425,
2840,66-Iwata-CellDynOSNMT,Fig6-S6_Val-Bz_Mouse1_19,,GO:0007158,GO:0030424; GO:0030425,
2841,66-Iwata-CellDynOSNMT,Fig6-S6_Val-Bz_Mouse1_20,,GO:0007158,GO:0030424; GO:0030425,
2842,66-Iwata-CellDynOSNMT,Fig6-S6_Val-Bz_Mouse1_21,,GO:0007158,GO:0030424; GO:0030425,
2843,66-Iwata-CellDynOSNMT,Fig6-S6_Val-Bz_Mouse1_22,,GO:0007158,GO:0030424; GO:0030425,
2844,66-Iwata-CellDynOSNMT,Fig6-S6_Val-Bz_Mouse1_23,,GO:0007158,GO:0030424; GO:0030425,
2845,66-Iwata-CellDynOSNMT,Fig6-S6_Val-Bz_Mouse1_24,,GO:0007158,GO:0030424; GO:0030425,
2846,66-Iwata-CellDynOSNMT,Fig6-S6_Val-Bz_Mouse1_25,,GO:0007158,GO:0030424; GO:0030425,
2847,66-Iwata-CellDynOSNMT,Fig6-S6_Val-Bz_Mouse1_26,,GO:0007158,GO:0030424; GO:0030425,
2848,66-Iwata-CellDynOSNMT,Fig6-S6_Val-Bz_Mouse1_27,,GO:0007158,GO:0030424; GO:0030425,
2849,66-Iwata-CellDynOSNMT,Fig6-S6_Val-Bz_Mouse1_28,,GO:0007158,GO:0030424; GO:0030425,
2850,66-Iwata-CellDynOSNMT,Fig6-S6_Val-Bz_Mouse1_29,,GO:0007158,GO:0030424; GO:0030425,
2851,66-Iwata-CellDynOSNMT,Fig6-S6_Val-Bz_Mouse1_30,,GO:0007158,GO:0030424; GO:0030425,
2852,66-Iwata-CellDynOSNMT,Fig6-S6_Val-Bz_Mouse1_31,,GO:0007158,GO:0030424; GO:0030425,
2853,66-Iwata-CellDynOSNMT,Fig6-S6_Val-Bz_Mouse1_32,,GO:0007158,GO:0030424; GO:0030425,
2854,66-Iwata-CellDynOSNMT,Fig6-S6_Val-Bz_Mouse1_33,,GO:0007158,GO:0030424; GO:0030425,
2855,66-Iwata-CellDynOSNMT,Fig6-S6_Val-Bz_Mouse2_1,,GO:0007158,GO:0030424; GO:0030425,
2856,66-Iwata-CellDynOSNMT,Fig6-S6_Val-Bz_Mouse2_2,,GO:0007158,GO:0030424; GO:0030425,
2857,66-Iwata-CellDynOSNMT,Fig6-S6_Val-Bz_Mouse2_3,,GO:0007158,GO:0030424; GO:0030425,
2858,66-Iwata-CellDynOSNMT,Fig6-S6_Val-Bz_Mouse2_4,,GO:0007158,GO:0030424; GO:0030425,
2859,66-Iwata-CellDynOSNMT,Fig6-S6_Val-Bz_Mouse2_5,,GO:0007158,GO:0030424; GO:0030425,
2860,66-Iwata-CellDynOSNMT,Fig6-S6_Val-Bz_Mouse2_6,,GO:0007158,GO:0030424; GO:0030425,
2861,66-Iwata-CellDynOSNMT,Fig6-S6_Val-Bz_Mouse2_7,,GO:0007158,GO:0030424; GO:0030425,
2862,66-Iwata-CellDynOSNMT,Fig6-S6_Val-Bz_Mouse2_8,,GO:0007158,GO:0030424; GO:0030425,
2863,66-Iwata-CellDynOSNMT,Fig6-S6_Val-Bz_Mouse2_9,,GO:0007158,GO:0030424; GO:0030425,
2864,66-Iwata-CellDynOSNMT,Fig6-S6_Val-Bz_Mouse2_10,,GO:0007158,GO:0030424; GO:0030425,
2865,66-Iwata-CellDynOSNMT,Fig6-S6_Val-Bz_Mouse2_11,,GO:0007158,GO:0030424; GO:0030425,
2866,66-Iwata-CellDynOSNMT,Fig6-S6_Val-Bz_Mouse2_12,,GO:0007158,GO:0030424; GO:0030425,
2867,66-Iwata-CellDynOSNMT,Fig6-S6_Val-Bz_Mouse2_13,,GO:0007158,GO:0030424; GO:0030425,
2868,66-Iwata-CellDynOSNMT,Fig6-S6_Val-Bz_Mouse2_14,,GO:0007158,GO:0030424; GO:0030425,
2869,66-Iwata-CellDynOSNMT,Fig6-S6_Val-Bz_Mouse2_15,,GO:0007158,GO:0030424; GO:0030425,
2870,66-Iwata-CellDynOSNMT,Fig6-S6_Val-Bz_Mouse2_16,,GO:0007158,GO:0030424; GO:0030425,
2871,66-Iwata-CellDynOSNMT,Fig6-S6_Val-Bz_Mouse2_17,,GO:0007158,GO:0030424; GO:0030425,
2872,66-Iwata-CellDynOSNMT,Fig6-S6_Val-Bz_Mouse2_18,,GO:0007158,GO:0030424; GO:0030425,
2873,66-Iwata-CellDynOSNMT,Fig6-S6_Val-Bz_Mouse2_19,,GO:0007158,GO:0030424; GO:0030425,
2874,66-Iwata-CellDynOSNMT,Fig6-S6_Val-Bz_Mouse2_20,,GO:0007158,GO:0030424; GO:0030425,
2875,66-Iwata-CellDynOSNMT,Fig6-S6_Val-Bz_Mouse2_21,,GO:0007158,GO:0030424; GO:0030425,
2876,66-Iwata-CellDynOSNMT,Fig6-S6_Val-Bz_Mouse2_22,,GO:0007158,GO:0030424; GO:0030425,
2877,66-Iwata-CellDynOSNMT,Fig6-S6_Val-Bz_Mouse2_23,,GO:0007158,GO:0030424; GO:0030425,
2878,66-Iwata-CellDynOSNMT,Fig6-S6_Val-Bz_Mouse2_24,,GO:0007158,GO:0030424; GO:0030425,
2879,66-Iwata-CellDynOSNMT,Fig6-S6_Val-Bz_Mouse2_25,,GO:0007158,GO:0030424; GO:0030425,
2880,66-Iwata-CellDynOSNMT,Fig6-S6_Val-Bz_Mouse2_26,,GO:0007158,GO:0030424; GO:0030425,
2881,66-Iwata-CellDynOSNMT,Fig6-S6_Val-Bz_Mouse2_27,,GO:0007158,GO:0030424; GO:0030425,
2882,66-Iwata-CellDynOSNMT,Fig6-S6_Val-Bz_Mouse2_28,,GO:0007158,GO:0030424; GO:0030425,
2883,66-Iwata-CellDynOSNMT,Fig6-S6_Val-Bz_Mouse2_29,,GO:0007158,GO:0030424; GO:0030425,
2884,66-Iwata-CellDynOSNMT,Fig6-S6_Val-Bz_Mouse2_30,,GO:0007158,GO:0030424; GO:0030425,
2885,66-Iwata-CellDynOSNMT,Fig6-S6_Val-Bz_Mouse2_31,,GO:0007158,GO:0030424; GO:0030425,
2886,66-Iwata-CellDynOSNMT,Fig6-S6_Val-Bz_Mouse2_32,,GO:0007158,GO:0030424; GO:0030425,
2887,66-Iwata-CellDynOSNMT,Fig6-S6_Val-Bz_Mouse2_33,,GO:0007158,GO:0030424; GO:0030425,
2888,66-Iwata-CellDynOSNMT,Fig7-S7_Aa-ValMixtureConc_1,,GO:0007158,GO:0030424; GO:0030425,
2889,66-Iwata-CellDynOSNMT,Fig7-S7_Aa-ValMixtureConc_2,,GO:0007158,GO:0030424; GO:0030425,
2890,66-Iwata-CellDynOSNMT,Fig7-S7_Aa-ValMixtureConc_3,,GO:0007158,GO:0030424; GO:0030425,
2891,66-Iwata-CellDynOSNMT,Fig7-S7_Aa-ValMixtureConc_4,,GO:0007158,GO:0030424; GO:0030425,
2892,66-Iwata-CellDynOSNMT,Fig7-S7_Aa-ValMixtureConc_5,,GO:0007158,GO:0030424; GO:0030425,
2893,66-Iwata-CellDynOSNMT,Fig7-S7_Aa-ValMixtureConc_6,,GO:0007158,GO:0030424; GO:0030425,
2894,66-Iwata-CellDynOSNMT,Fig7-S7_Aa-ValMixtureConc_7,,GO:0007158,GO:0030424; GO:0030425,
2895,66-Iwata-CellDynOSNMT,Fig7-S7_Aa-ValMixtureConc_8,,GO:0007158,GO:0030424; GO:0030425,
2896,66-Iwata-CellDynOSNMT,Fig7-S7_Aa-ValMixtureConc_9,,GO:0007158,GO:0030424; GO:0030425,
2897,66-Iwata-CellDynOSNMT,Fig7-S7_Aa-ValMixtureConc_10,,GO:0007158,GO:0030424; GO:0030425,
2898,66-Iwata-CellDynOSNMT,Fig7-S7_Aa-ValMixtureConc_11,,GO:0007158,GO:0030424; GO:0030425,
2899,66-Iwata-CellDynOSNMT,Fig7-S7_Aa-ValMixtureConc_12,,GO:0007158,GO:0030424; GO:0030425,
2900,66-Iwata-CellDynOSNMT,Fig7-S7_Aa-ValMixtureConc_13,,GO:0007158,GO:0030424; GO:0030425,
2901,66-Iwata-CellDynOSNMT,Fig7-S7_Aa-ValMixtureConc_14,,GO:0007158,GO:0030424; GO:0030425,
2902,66-Iwata-CellDynOSNMT,Fig7-S7_Aa-ValMixtureConc_15,,GO:0007158,GO:0030424; GO:0030425,
2903,66-Iwata-CellDynOSNMT,Fig7-S7_Aa-ValMixtureConc_16,,GO:0007158,GO:0030424; GO:0030425,
2904,66-Iwata-CellDynOSNMT,Fig7-S7_Aa-ValMixtureConc_17,,GO:0007158,GO:0030424; GO:0030425,
2905,66-Iwata-CellDynOSNMT,Fig7-S7_Aa-ValMixtureConc_18,,GO:0007158,GO:0030424; GO:0030425,
2906,66-Iwata-CellDynOSNMT,Fig7-S7_Aa-ValMixtureConc_19,,GO:0007158,GO:0030424; GO:0030425,
2907,66-Iwata-CellDynOSNMT,Fig7-S7_Aa-ValMixtureConc_20,,GO:0007158,GO:0030424; GO:0030425,
2908,66-Iwata-CellDynOSNMT,Fig7-S7_Aa-ValMixtureConc_21,,GO:0007158,GO:0030424; GO:0030425,
2909,66-Iwata-CellDynOSNMT,Fig7-S7_Aa-ValMixtureConc_22,,GO:0007158,GO:0030424; GO:0030425,
2910,66-Iwata-CellDynOSNMT,Fig7-S7_Aa-ValMixtureConc_23,,GO:0007158,GO:0030424; GO:0030425,
2911,66-Iwata-CellDynOSNMT,Fig7-S7_Aa-ValMixtureConc_24,,GO:0007158,GO:0030424; GO:0030425,
2912,66-Iwata-CellDynOSNMT,Fig7-S7_Aa-ValMixtureConc_25,,GO:0007158,GO:0030424; GO:0030425,
2913,66-Iwata-CellDynOSNMT,Fig7-S7_Aa-ValMixtureConc_26,,GO:0007158,GO:0030424; GO:0030425,
2914,66-Iwata-CellDynOSNMT,Fig7-S7_Aa-ValMixtureConc_27,,GO:0007158,GO:0030424; GO:0030425,
2915,66-Iwata-CellDynOSNMT,Fig7-S7_Aa-ValMixtureConc_28,,GO:0007158,GO:0030424; GO:0030425,
2916,66-Iwata-CellDynOSNMT,Fig7-S7_Aa-ValMixtureConc_29,,GO:0007158,GO:0030424; GO:0030425,
2917,66-Iwata-CellDynOSNMT,Fig7-S7_Aa-ValMixtureConc_30,,GO:0007158,GO:0030424; GO:0030425,
2918,66-Iwata-CellDynOSNMT,Fig7-S7_Aa-ValMixtureConc_31,,GO:0007158,GO:0030424; GO:0030425,
2919,66-Iwata-CellDynOSNMT,Fig7-S7_Aa-ValMixtureConc_32,,GO:0007158,GO:0030424; GO:0030425,
2920,66-Iwata-CellDynOSNMT,Fig7-S7_Aa-ValMixtureConc_33,,GO:0007158,GO:0030424; GO:0030425,
2921,66-Iwata-CellDynOSNMT,Fig7-S7_Aa-ValMixtureConc_34,,GO:0007158,GO:0030424; GO:0030425,
2922,66-Iwata-CellDynOSNMT,Fig7-S7_Aa-ValMixtureConc_35,,GO:0007158,GO:0030424; GO:0030425,
2923,66-Iwata-CellDynOSNMT,Fig7-S7_Aa-ValMixtureConc_36,,GO:0007158,GO:0030424; GO:0030425,
2924,66-Iwata-CellDynOSNMT,Fig7-S7_Aa-ValMixtureConc_37,,GO:0007158,GO:0030424; GO:0030425,
2925,66-Iwata-CellDynOSNMT,Fig7-S7_Aa-ValMixtureConc_38,,GO:0007158,GO:0030424; GO:0030425,
2926,66-Iwata-CellDynOSNMT,Fig7-S7_Aa-ValMixtureConc_39,,GO:0007158,GO:0030424; GO:0030425,
2927,66-Iwata-CellDynOSNMT,Fig7-S7_Aa-ValMixtureConc_40,,GO:0007158,GO:0030424; GO:0030425,
2928,66-Iwata-CellDynOSNMT,Fig7-S7_Aa-ValMixtureConc_41,,GO:0007158,GO:0030424; GO:0030425,
2929,66-Iwata-CellDynOSNMT,Fig7-S7_Aa-ValMixtureConc_42,,GO:0007158,GO:0030424; GO:0030425,
2930,66-Iwata-CellDynOSNMT,Fig7-S7_Aa-ValMixtureConc_43,,GO:0007158,GO:0030424; GO:0030425,
2931,66-Iwata-CellDynOSNMT,Fig7-S7_Aa-ValMixtureConc_44,,GO:0007158,GO:0030424; GO:0030425,
2932,66-Iwata-CellDynOSNMT,Fig7-S7_Aa-ValMixtureConc_45,,GO:0007158,GO:0030424; GO:0030425,
2933,66-Iwata-CellDynOSNMT,Fig7-S7_Aa-ValMixtureConc_46,,GO:0007158,GO:0030424; GO:0030425,
2934,66-Iwata-CellDynOSNMT,Fig7-S7_Aa-ValMixtureConc_47,,GO:0007158,GO:0030424; GO:0030425,
2935,66-Iwata-CellDynOSNMT,Fig7-S7_Aa-ValMixtureConc_48,,GO:0007158,GO:0030424; GO:0030425,
2936,66-Iwata-CellDynOSNMT,Fig7-S7_Bz-EhxMixtureConc_1,,GO:0007158,GO:0030424; GO:0030425,
2937,66-Iwata-CellDynOSNMT,Fig7-S7_Bz-EhxMixtureConc_2,,GO:0007158,GO:0030424; GO:0030425,
2938,66-Iwata-CellDynOSNMT,Fig7-S7_Bz-EhxMixtureConc_3,,GO:0007158,GO:0030424; GO:0030425,
2939,66-Iwata-CellDynOSNMT,Fig7-S7_Bz-EhxMixtureConc_4,,GO:0007158,GO:0030424; GO:0030425,
2940,66-Iwata-CellDynOSNMT,Fig7-S7_Bz-EhxMixtureConc_5,,GO:0007158,GO:0030424; GO:0030425,
2941,66-Iwata-CellDynOSNMT,Fig7-S7_Bz-EhxMixtureConc_6,,GO:0007158,GO:0030424; GO:0030425,
2942,66-Iwata-CellDynOSNMT,Fig7-S7_Bz-EhxMixtureConc_7,,GO:0007158,GO:0030424; GO:0030425,
2943,66-Iwata-CellDynOSNMT,Fig7-S7_Bz-EhxMixtureConc_8,,GO:0007158,GO:0030424; GO:0030425,
2944,66-Iwata-CellDynOSNMT,Fig7-S7_Bz-EhxMixtureConc_9,,GO:0007158,GO:0030424; GO:0030425,
2945,66-Iwata-CellDynOSNMT,Fig7-S7_Bz-EhxMixtureConc_10,,GO:0007158,GO:0030424; GO:0030425,
2946,66-Iwata-CellDynOSNMT,Fig7-S7_Bz-EhxMixtureConc_11,,GO:0007158,GO:0030424; GO:0030425,
2947,66-Iwata-CellDynOSNMT,Fig7-S7_Bz-EhxMixtureConc_12,,GO:0007158,GO:0030424; GO:0030425,
2948,66-Iwata-CellDynOSNMT,Fig7-S7_Bz-EhxMixtureConc_13,,GO:0007158,GO:0030424; GO:0030425,
2949,66-Iwata-CellDynOSNMT,Fig7-S7_Bz-EhxMixtureConc_14,,GO:0007158,GO:0030424; GO:0030425,
2950,66-Iwata-CellDynOSNMT,Fig7-S7_Bz-EhxMixtureConc_15,,GO:0007158,GO:0030424; GO:0030425,
2951,66-Iwata-CellDynOSNMT,Fig7-S7_Bz-EhxMixtureConc_16,,GO:0007158,GO:0030424; GO:0030425,
2952,66-Iwata-CellDynOSNMT,Fig7-S7_Bz-EhxMixtureConc_17,,GO:0007158,GO:0030424; GO:0030425,
2953,66-Iwata-CellDynOSNMT,Fig7-S7_Bz-EhxMixtureConc_18,,GO:0007158,GO:0030424; GO:0030425,
2954,66-Iwata-CellDynOSNMT,Fig7-S7_Bz-EhxMixtureConc_19,,GO:0007158,GO:0030424; GO:0030425,
2955,66-Iwata-CellDynOSNMT,Fig7-S7_Bz-EhxMixtureConc_20,,GO:0007158,GO:0030424; GO:0030425,
2956,66-Iwata-CellDynOSNMT,Fig7-S7_Bz-EhxMixtureConc_21,,GO:0007158,GO:0030424; GO:0030425,
2957,66-Iwata-CellDynOSNMT,Fig7-S7_Bz-EhxMixtureConc_22,,GO:0007158,GO:0030424; GO:0030425,
2958,66-Iwata-CellDynOSNMT,Fig7-S7_Bz-EhxMixtureConc_23,,GO:0007158,GO:0030424; GO:0030425,
2959,66-Iwata-CellDynOSNMT,Fig7-S7_Bz-EhxMixtureConc_24,,GO:0007158,GO:0030424; GO:0030425,
2960,66-Iwata-CellDynOSNMT,Fig7-S7_Bz-EhxMixtureConc_25,,GO:0007158,GO:0030424; GO:0030425,
2961,66-Iwata-CellDynOSNMT,Fig7-S7_Bz-EhxMixtureConc_26,,GO:0007158,GO:0030424; GO:0030425,
2962,66-Iwata-CellDynOSNMT,Fig7-S7_Bz-EhxMixtureConc_27,,GO:0007158,GO:0030424; GO:0030425,
2963,66-Iwata-CellDynOSNMT,Fig7-S7_Bz-EhxMixtureConc_28,,GO:0007158,GO:0030424; GO:0030425,
2964,66-Iwata-CellDynOSNMT,Fig7-S7_Bz-EhxMixtureConc_29,,GO:0007158,GO:0030424; GO:0030425,
2965,66-Iwata-CellDynOSNMT,Fig7-S7_Bz-EhxMixtureConc_30,,GO:0007158,GO:0030424; GO:0030425,
2966,66-Iwata-CellDynOSNMT,Fig7-S7_Bz-EhxMixtureConc_31,,GO:0007158,GO:0030424; GO:0030425,
2967,66-Iwata-CellDynOSNMT,Fig7-S7_Bz-EhxMixtureConc_32,,GO:0007158,GO:0030424; GO:0030425,
2968,66-Iwata-CellDynOSNMT,Fig7-S7_Conc1000_1,,GO:0007158,GO:0030424; GO:0030425,
2969,66-Iwata-CellDynOSNMT,Fig7-S7_Conc1000_2,,GO:0007158,GO:0030424; GO:0030425,
2970,66-Iwata-CellDynOSNMT,Fig7-S7_Conc1000_3,,GO:0007158,GO:0030424; GO:0030425,
2971,66-Iwata-CellDynOSNMT,Fig7-S7_Conc1000_4,,GO:0007158,GO:0030424; GO:0030425,
2972,66-Iwata-CellDynOSNMT,Fig7-S7_Conc1000_5,,GO:0007158,GO:0030424; GO:0030425,
2973,66-Iwata-CellDynOSNMT,Fig7-S7_Conc1000_6,,GO:0007158,GO:0030424; GO:0030425,
2974,66-Iwata-CellDynOSNMT,Fig7-S7_Conc1000_7,,GO:0007158,GO:0030424; GO:0030425,
2975,66-Iwata-CellDynOSNMT,Fig7-S7_Conc1000_8,,GO:0007158,GO:0030424; GO:0030425,
2976,66-Iwata-CellDynOSNMT,Fig7-S7_Conc1000_9,,GO:0007158,GO:0030424; GO:0030425,
2977,66-Iwata-CellDynOSNMT,Fig7-S7_Conc1000_10,,GO:0007158,GO:0030424; GO:0030425,
2978,66-Iwata-CellDynOSNMT,Fig7-S7_Conc1000_11,,GO:0007158,GO:0030424; GO:0030425,
2979,66-Iwata-CellDynOSNMT,Fig7-S7_Conc1000_12,,GO:0007158,GO:0030424; GO:0030425,
2980,66-Iwata-CellDynOSNMT,Fig7-S7_Conc1000_13,,GO:0007158,GO:0030424; GO:0030425,
2981,66-Iwata-CellDynOSNMT,Fig7-S7_Conc1000_14,,GO:0007158,GO:0030424; GO:0030425,
2982,66-Iwata-CellDynOSNMT,Fig7-S7_Conc1000_15,,GO:0007158,GO:0030424; GO:0030425,
2983,66-Iwata-CellDynOSNMT,Fig7-S7_Conc1000_16,,GO:0007158,GO:0030424; GO:0030425,
2984,66-Iwata-CellDynOSNMT,Fig7-S7_Conc1000_17,,GO:0007158,GO:0030424; GO:0030425,
2985,66-Iwata-CellDynOSNMT,Fig7-S7_Conc1000_18,,GO:0007158,GO:0030424; GO:0030425,
2986,66-Iwata-CellDynOSNMT,Fig7-S7_Conc1000_19,,GO:0007158,GO:0030424; GO:0030425,
2987,66-Iwata-CellDynOSNMT,Fig7-S7_Conc1000_20,,GO:0007158,GO:0030424; GO:0030425,
2988,66-Iwata-CellDynOSNMT,Fig7-S7_Conc1000_21,,GO:0007158,GO:0030424; GO:0030425,
2989,66-Iwata-CellDynOSNMT,Fig7-S7_Conc1000_22,,GO:0007158,GO:0030424; GO:0030425,
2990,66-Iwata-CellDynOSNMT,Fig7-S7_Conc1000_23,,GO:0007158,GO:0030424; GO:0030425,
2991,66-Iwata-CellDynOSNMT,Fig7-S7_Conc1000_24,,GO:0007158,GO:0030424; GO:0030425,
2992,66-Iwata-CellDynOSNMT,Fig7-S7_Conc1000_25,,GO:0007158,GO:0030424; GO:0030425,
2993,66-Iwata-CellDynOSNMT,Fig7-S7_Conc1000_26,,GO:0007158,GO:0030424; GO:0030425,
2994,66-Iwata-CellDynOSNMT,Fig7-S7_Conc1000_27,,GO:0007158,GO:0030424; GO:0030425,
2995,66-Iwata-CellDynOSNMT,Fig7-S7_Conc1000_28,,GO:0007158,GO:0030424; GO:0030425,
2996,66-Iwata-CellDynOSNMT,Fig7-S7_Conc1000_29,,GO:0007158,GO:0030424; GO:0030425,
2997,66-Iwata-CellDynOSNMT,Fig7-S7_Conc1000_30,,GO:0007158,GO:0030424; GO:0030425,
2998,66-Iwata-CellDynOSNMT,Fig7-S7_Conc1000_31,,GO:0007158,GO:0030424; GO:0030425,
2999,66-Iwata-CellDynOSNMT,Fig7-S7_Conc1000_32,,GO:0007158,GO:0030424; GO:0030425,
3000,66-Iwata-CellDynOSNMT,Fig7-S7_Conc1000_33,,GO:0007158,GO:0030424; GO:0030425,
3001,66-Iwata-CellDynOSNMT,Fig7-S7_Conc1000_34,,GO:0007158,GO:0030424; GO:0030425,
3002,66-Iwata-CellDynOSNMT,Fig7-S7_Conc1000_35,,GO:0007158,GO:0030424; GO:0030425,
3003,66-Iwata-CellDynOSNMT,Fig7-S7_Conc1000_36,,GO:0007158,GO:0030424; GO:0030425,
3004,66-Iwata-CellDynOSNMT,Fig7-S7_Conc1000_37,,GO:0007158,GO:0030424; GO:0030425,
3005,66-Iwata-CellDynOSNMT,Fig7-S7_Conc1000_38,,GO:0007158,GO:0030424; GO:0030425,
3006,66-Iwata-CellDynOSNMT,Fig7-S7_Conc1000_39,,GO:0007158,GO:0030424; GO:0030425,
3007,66-Iwata-CellDynOSNMT,Fig7-S7_Conc1000_40,,GO:0007158,GO:0030424; GO:0030425,
3008,66-Iwata-CellDynOSNMT,Fig7-S7_Conc10000_1,,GO:0007158,GO:0030424; GO:0030425,
3009,66-Iwata-CellDynOSNMT,Fig7-S7_Conc10000_2,,GO:0007158,GO:0030424; GO:0030425,
3010,66-Iwata-CellDynOSNMT,Fig7-S7_Conc10000_3,,GO:0007158,GO:0030424; GO:0030425,
3011,66-Iwata-CellDynOSNMT,Fig7-S7_Conc10000_4,,GO:0007158,GO:0030424; GO:0030425,
3012,66-Iwata-CellDynOSNMT,Fig7-S7_Conc10000_5,,GO:0007158,GO:0030424; GO:0030425,
3013,66-Iwata-CellDynOSNMT,Fig7-S7_Conc10000_6,,GO:0007158,GO:0030424; GO:0030425,
3014,66-Iwata-CellDynOSNMT,Fig7-S7_Conc10000_7,,GO:0007158,GO:0030424; GO:0030425,
3015,66-Iwata-CellDynOSNMT,Fig7-S7_Conc10000_8,,GO:0007158,GO:0030424; GO:0030425,
3016,66-Iwata-CellDynOSNMT,Fig7-S7_Conc10000_9,,GO:0007158,GO:0030424; GO:0030425,
3017,66-Iwata-CellDynOSNMT,Fig7-S7_Conc10000_10,,GO:0007158,GO:0030424; GO:0030425,
3018,66-Iwata-CellDynOSNMT,Fig7-S7_Conc10000_11,,GO:0007158,GO:0030424; GO:0030425,
3019,66-Iwata-CellDynOSNMT,Fig7-S7_Conc10000_12,,GO:0007158,GO:0030424; GO:0030425,
3020,66-Iwata-CellDynOSNMT,Fig7-S7_Conc10000_13,,GO:0007158,GO:0030424; GO:0030425,
3021,66-Iwata-CellDynOSNMT,Fig7-S7_Conc10000_14,,GO:0007158,GO:0030424; GO:0030425,
3022,66-Iwata-CellDynOSNMT,Fig7-S7_Conc10000_15,,GO:0007158,GO:0030424; GO:0030425,
3023,66-Iwata-CellDynOSNMT,Fig7-S7_Conc10000_16,,GO:0007158,GO:0030424; GO:0030425,
3024,66-Iwata-CellDynOSNMT,Fig7-S7_Conc10000_17,,GO:0007158,GO:0030424; GO:0030425,
3025,66-Iwata-CellDynOSNMT,Fig7-S7_Conc10000_18,,GO:0007158,GO:0030424; GO:0030425,
3026,66-Iwata-CellDynOSNMT,Fig7-S7_Conc10000_19,,GO:0007158,GO:0030424; GO:0030425,
3027,66-Iwata-CellDynOSNMT,Fig7-S7_Conc10000_20,,GO:0007158,GO:0030424; GO:0030425,
3028,66-Iwata-CellDynOSNMT,Fig7-S7_Conc10000_21,,GO:0007158,GO:0030424; GO:0030425,
3029,66-Iwata-CellDynOSNMT,Fig7-S7_Conc10000_22,,GO:0007158,GO:0030424; GO:0030425,
3030,66-Iwata-CellDynOSNMT,Fig7-S7_Conc10000_23,,GO:0007158,GO:0030424; GO:0030425,
3031,66-Iwata-CellDynOSNMT,Fig7-S7_Conc10000_24,,GO:0007158,GO:0030424; GO:0030425,
3032,66-Iwata-CellDynOSNMT,Fig7-S7_Conc10000_25,,GO:0007158,GO:0030424; GO:0030425,
3033,66-Iwata-CellDynOSNMT,Fig7-S7_Conc10000_26,,GO:0007158,GO:0030424; GO:0030425,
3034,66-Iwata-CellDynOSNMT,Fig7-S7_Conc10000_27,,GO:0007158,GO:0030424; GO:0030425,
3035,66-Iwata-CellDynOSNMT,Fig7-S7_Conc10000_28,,GO:0007158,GO:0030424; GO:0030425,
3036,66-Iwata-CellDynOSNMT,Fig7-S7_Conc10000_29,,GO:0007158,GO:0030424; GO:0030425,
3037,66-Iwata-CellDynOSNMT,Fig7-S7_Conc10000_30,,GO:0007158,GO:0030424; GO:0030425,
3038,66-Iwata-CellDynOSNMT,Fig7-S7_Conc10000_31,,GO:0007158,GO:0030424; GO:0030425,
3039,66-Iwata-CellDynOSNMT,Fig7-S7_Conc10000_32,,GO:0007158,GO:0030424; GO:0030425,
3040,66-Iwata-CellDynOSNMT,Fig7-S7_Conc10000_33,,GO:0007158,GO:0030424; GO:0030425,
3041,66-Iwata-CellDynOSNMT,Fig7-S7_Conc10000_34,,GO:0007158,GO:0030424; GO:0030425,
3042,66-Iwata-CellDynOSNMT,Fig7-S7_Conc10000_35,,GO:0007158,GO:0030424; GO:0030425,
3043,66-Iwata-CellDynOSNMT,Fig7-S7_Conc10000_36,,GO:0007158,GO:0030424; GO:0030425,
3044,66-Iwata-CellDynOSNMT,Fig7-S7_Conc10000_37,,GO:0007158,GO:0030424; GO:0030425,
3045,66-Iwata-CellDynOSNMT,Fig7-S7_Conc10000_38,,GO:0007158,GO:0030424; GO:0030425,
3046,66-Iwata-CellDynOSNMT,Fig7-S7_Conc10000_39,,GO:0007158,GO:0030424; GO:0030425,
3047,66-Iwata-CellDynOSNMT,Fig7-S7_Conc10000_40,,GO:0007158,GO:0030424; GO:0030425,
3048,66-Iwata-CellDynOSNMT,Fig7-S7_Conc10000_41,,GO:0007158,GO:0030424; GO:0030425,
3049,66-Iwata-CellDynOSNMT,Fig7-S7_Conc10000_42,,GO:0007158,GO:0030424; GO:0030425,
3050,66-Iwata-CellDynOSNMT,Fig7-S7_Conc10000_43,,GO:0007158,GO:0030424; GO:0030425,
3051,66-Iwata-CellDynOSNMT,Fig7-S7_Conc10000_44,,GO:0007158,GO:0030424; GO:0030425,
3052,66-Iwata-CellDynOSNMT,Fig7-S7_Conc10000_45,,GO:0007158,GO:0030424; GO:0030425,
3053,66-Iwata-CellDynOSNMT,Fig7-S7_Conc10000_46,,GO:0007158,GO:0030424; GO:0030425,
3054,66-Iwata-CellDynOSNMT,Fig7-S7_Conc10000_47,,GO:0007158,GO:0030424; GO:0030425,
3055,66-Iwata-CellDynOSNMT,Fig7-S7_Conc10000_48,,GO:0007158,GO:0030424; GO:0030425,
3056,66-Iwata-CellDynOSNMT,Fig7-S7_Conc10000_49,,GO:0007158,GO:0030424; GO:0030425,
3057,66-Iwata-CellDynOSNMT,Fig7-S7_Conc10000_50,,GO:0007158,GO:0030424; GO:0030425,
3058,66-Iwata-CellDynOSNMT,Fig7-S7_Conc10000_51,,GO:0007158,GO:0030424; GO:0030425,
3059,66-Iwata-CellDynOSNMT,Fig7-S7_Conc10000_52,,GO:0007158,GO:0030424; GO:0030425,
3060,66-Iwata-CellDynOSNMT,Fig7-S7_Conc10000_53,,GO:0007158,GO:0030424; GO:0030425,
3061,66-Iwata-CellDynOSNMT,Fig7-S7_Conc10000_54,,GO:0007158,GO:0030424; GO:0030425,
3062,66-Iwata-CellDynOSNMT,Fig7-S7_Conc10000_55,,GO:0007158,GO:0030424; GO:0030425,
3063,66-Iwata-CellDynOSNMT,Fig7-S7_Conc10000_56,,GO:0007158,GO:0030424; GO:0030425,
3064,66-Iwata-CellDynOSNMT,Fig7-S7_Conc10000_57,,GO:0007158,GO:0030424; GO:0030425,
3065,66-Iwata-CellDynOSNMT,Fig7-S7_Conc10000_58,,GO:0007158,GO:0030424; GO:0030425,
3066,66-Iwata-CellDynOSNMT,Fig7-S7_Conc100000_1,,GO:0007158,GO:0030424; GO:0030425,
3067,66-Iwata-CellDynOSNMT,Fig7-S7_Conc100000_2,,GO:0007158,GO:0030424; GO:0030425,
3068,66-Iwata-CellDynOSNMT,Fig7-S7_Conc100000_3,,GO:0007158,GO:0030424; GO:0030425,
3069,66-Iwata-CellDynOSNMT,Fig7-S7_Conc100000_4,,GO:0007158,GO:0030424; GO:0030425,
3070,66-Iwata-CellDynOSNMT,Fig7-S7_Conc100000_5,,GO:0007158,GO:0030424; GO:0030425,
3071,66-Iwata-CellDynOSNMT,Fig7-S7_Conc100000_6,,GO:0007158,GO:0030424; GO:0030425,
3072,66-Iwata-CellDynOSNMT,Fig7-S7_Conc100000_7,,GO:0007158,GO:0030424; GO:0030425,
3073,66-Iwata-CellDynOSNMT,Fig7-S7_Conc100000_8,,GO:0007158,GO:0030424; GO:0030425,
3074,66-Iwata-CellDynOSNMT,Fig7-S7_Conc100000_9,,GO:0007158,GO:0030424; GO:0030425,
3075,66-Iwata-CellDynOSNMT,Fig7-S7_Conc100000_10,,GO:0007158,GO:0030424; GO:0030425,
3076,66-Iwata-CellDynOSNMT,Fig7-S7_Conc100000_11,,GO:0007158,GO:0030424; GO:0030425,
3077,66-Iwata-CellDynOSNMT,Fig7-S7_Conc100000_12,,GO:0007158,GO:0030424; GO:0030425,
3078,66-Iwata-CellDynOSNMT,Fig7-S7_Conc100000_13,,GO:0007158,GO:0030424; GO:0030425,
3079,66-Iwata-CellDynOSNMT,Fig7-S7_Conc100000_14,,GO:0007158,GO:0030424; GO:0030425,
3080,66-Iwata-CellDynOSNMT,Fig7-S7_Conc100000_15,,GO:0007158,GO:0030424; GO:0030425,
3081,66-Iwata-CellDynOSNMT,Fig7-S7_Conc100000_16,,GO:0007158,GO:0030424; GO:0030425,
3082,66-Iwata-CellDynOSNMT,Fig7-S7_Conc100000_17,,GO:0007158,GO:0030424; GO:0030425,
3083,66-Iwata-CellDynOSNMT,Fig7-S7_Conc100000_18,,GO:0007158,GO:0030424; GO:0030425,
3084,66-Iwata-CellDynOSNMT,Fig7-S7_Conc100000_19,,GO:0007158,GO:0030424; GO:0030425,
3085,66-Iwata-CellDynOSNMT,Fig7-S7_Conc100000_20,,GO:0007158,GO:0030424; GO:0030425,
3086,66-Iwata-CellDynOSNMT,Fig7-S7_Conc100000_21,,GO:0007158,GO:0030424; GO:0030425,
3087,66-Iwata-CellDynOSNMT,Fig7-S7_Conc100000_22,,GO:0007158,GO:0030424; GO:0030425,
3088,66-Iwata-CellDynOSNMT,Fig7-S7_Conc100000_23,,GO:0007158,GO:0030424; GO:0030425,
3089,66-Iwata-CellDynOSNMT,Fig7-S7_Conc100000_24,,GO:0007158,GO:0030424; GO:0030425,
3090,66-Iwata-CellDynOSNMT,Fig7-S7_Conc100000_25,,GO:0007158,GO:0030424; GO:0030425,
3091,66-Iwata-CellDynOSNMT,Fig7-S7_Conc100000_26,,GO:0007158,GO:0030424; GO:0030425,
3092,66-Iwata-CellDynOSNMT,Fig7-S7_Conc100000_27,,GO:0007158,GO:0030424; GO:0030425,
3093,66-Iwata-CellDynOSNMT,Fig7-S7_Conc100000_28,,GO:0007158,GO:0030424; GO:0030425,
3094,66-Iwata-CellDynOSNMT,Fig7-S7_Conc100000_29,,GO:0007158,GO:0030424; GO:0030425,
3095,66-Iwata-CellDynOSNMT,Fig7-S7_Conc100000_30,,GO:0007158,GO:0030424; GO:0030425,
3096,66-Iwata-CellDynOSNMT,Fig7-S7_Conc100000_31,,GO:0007158,GO:0030424; GO:0030425,
3097,66-Iwata-CellDynOSNMT,Fig7-S7_Conc100000_32,,GO:0007158,GO:0030424; GO:0030425,
3098,66-Iwata-CellDynOSNMT,Fig7-S7_Conc100000_33,,GO:0007158,GO:0030424; GO:0030425,
3099,66-Iwata-CellDynOSNMT,Fig7-S7_Conc100000_34,,GO:0007158,GO:0030424; GO:0030425,
3100,66-Iwata-CellDynOSNMT,Fig7-S7_Conc100000_35,,GO:0007158,GO:0030424; GO:0030425,
3101,66-Iwata-CellDynOSNMT,Fig7-S7_Conc100000_36,,GO:0007158,GO:0030424; GO:0030425,
3102,66-Iwata-CellDynOSNMT,Fig7-S7_Conc100000_37,,GO:0007158,GO:0030424; GO:0030425,
3103,66-Iwata-CellDynOSNMT,Fig7-S7_Conc100000_38,,GO:0007158,GO:0030424; GO:0030425,
3104,66-Iwata-CellDynOSNMT,Fig7-S7_Conc100000_39,,GO:0007158,GO:0030424; GO:0030425,
3105,66-Iwata-CellDynOSNMT,Fig7-S7_Conc100000_40,,GO:0007158,GO:0030424; GO:0030425,
3106,66-Iwata-CellDynOSNMT,Fig7-S7_Conc100000_41,,GO:0007158,GO:0030424; GO:0030425,
3107,66-Iwata-CellDynOSNMT,Fig7-S7_Conc100000_42,,GO:0007158,GO:0030424; GO:0030425,
3108,66-Iwata-CellDynOSNMT,Fig7-S7_Conc100000_43,,GO:0007158,GO:0030424; GO:0030425,
3109,66-Iwata-CellDynOSNMT,Fig7-S7_Conc100000_44,,GO:0007158,GO:0030424; GO:0030425,
3110,66-Iwata-CellDynOSNMT,Fig7-S7_Conc100000_45,,GO:0007158,GO:0030424; GO:0030425,
3111,66-Iwata-CellDynOSNMT,Fig7-S7_Conc100000_46,,GO:0007158,GO:0030424; GO:0030425,
3112,66-Iwata-CellDynOSNMT,Fig7-S7_Conc100000_47,,GO:0007158,GO:0030424; GO:0030425,
3113,66-Iwata-CellDynOSNMT,Fig7-S7_Conc100000_48,,GO:0007158,GO:0030424; GO:0030425,
3114,66-Iwata-CellDynOSNMT,Fig7-S7_Conc100000_49,,GO:0007158,GO:0030424; GO:0030425,
3115,66-Iwata-CellDynOSNMT,Fig7-S7_Conc100000_50,,GO:0007158,GO:0030424; GO:0030425,
3116,66-Iwata-CellDynOSNMT,Fig8-S8_Bz-Val_1,,GO:0007158,GO:0030424; GO:0030425,
3117,66-Iwata-CellDynOSNMT,Fig8-S8_Bz-Val_2,,GO:0007158,GO:0030424; GO:0030425,
3118,66-Iwata-CellDynOSNMT,Fig8-S8_Bz-Val_3,,GO:0007158,GO:0030424; GO:0030425,
3119,66-Iwata-CellDynOSNMT,Fig8-S8_Bz-Val_4,,GO:0007158,GO:0030424; GO:0030425,
3120,66-Iwata-CellDynOSNMT,Fig8-S8_Bz-Val_5,,GO:0007158,GO:0030424; GO:0030425,
3121,66-Iwata-CellDynOSNMT,Fig8-S8_Bz-Val_6,,GO:0007158,GO:0030424; GO:0030425,
3122,66-Iwata-CellDynOSNMT,Fig8-S8_Bz-Val_7,,GO:0007158,GO:0030424; GO:0030425,
3123,66-Iwata-CellDynOSNMT,Fig8-S8_Bz-Val_8,,GO:0007158,GO:0030424; GO:0030425,
3124,66-Iwata-CellDynOSNMT,Fig8-S8_Bz-Val_9,,GO:0007158,GO:0030424; GO:0030425,
3125,66-Iwata-CellDynOSNMT,Fig8-S8_Bz-Val_10,,GO:0007158,GO:0030424; GO:0030425,
3126,66-Iwata-CellDynOSNMT,Fig8-S8_Bz-Val_11,,GO:0007158,GO:0030424; GO:0030425,
3127,66-Iwata-CellDynOSNMT,Fig8-S8_Bz-Val_12,,GO:0007158,GO:0030424; GO:0030425,
3128,66-Iwata-CellDynOSNMT,Fig8-S8_Bz-Val_13,,GO:0007158,GO:0030424; GO:0030425,
3129,66-Iwata-CellDynOSNMT,Fig8-S8_Bz-Val_14,,GO:0007158,GO:0030424; GO:0030425,
3130,66-Iwata-CellDynOSNMT,Fig8-S8_Bz-Val_15,,GO:0007158,GO:0030424; GO:0030425,
3131,66-Iwata-CellDynOSNMT,Fig8-S8_Bz-Val_16,,GO:0007158,GO:0030424; GO:0030425,
3132,66-Iwata-CellDynOSNMT,Fig8-S8_Bz-Val_17,,GO:0007158,GO:0030424; GO:0030425,
3133,66-Iwata-CellDynOSNMT,Fig8-S8_Bz-Val_18,,GO:0007158,GO:0030424; GO:0030425,
3134,66-Iwata-CellDynOSNMT,Fig8-S8_Bz-Val_19,,GO:0007158,GO:0030424; GO:0030425,
3135,66-Iwata-CellDynOSNMT,Fig8-S8_Bz-Val_20,,GO:0007158,GO:0030424; GO:0030425,
3136,66-Iwata-CellDynOSNMT,Fig8-S8_Bz-Val_21,,GO:0007158,GO:0030424; GO:0030425,
3137,66-Iwata-CellDynOSNMT,Fig8-S8_Bz-Val_22,,GO:0007158,GO:0030424; GO:0030425,
3138,66-Iwata-CellDynOSNMT,Fig8-S8_Bz-Val_23,,GO:0007158,GO:0030424; GO:0030425,
3139,66-Iwata-CellDynOSNMT,Fig8-S8_Bz-Val_24,,GO:0007158,GO:0030424; GO:0030425,
3140,66-Iwata-CellDynOSNMT,Fig8-S8_Bz-Val_25,,GO:0007158,GO:0030424; GO:0030425,
3141,66-Iwata-CellDynOSNMT,Fig8-S8_Bz-Val_26,,GO:0007158,GO:0030424; GO:0030425,
3142,66-Iwata-CellDynOSNMT,Fig8-S8_Bz-Val_27,,GO:0007158,GO:0030424; GO:0030425,
3143,66-Iwata-CellDynOSNMT,Fig8-S8_Bz-Val_28,,GO:0007158,GO:0030424; GO:0030425,
3144,66-Iwata-CellDynOSNMT,Fig8-S8_Bz-Val_29,,GO:0007158,GO:0030424; GO:0030425,
3145,66-Iwata-CellDynOSNMT,Fig8-S8_Bz-Val_30,,GO:0007158,GO:0030424; GO:0030425,
3146,66-Iwata-CellDynOSNMT,Fig8-S8_Bz-Val_31,,GO:0007158,GO:0030424; GO:0030425,
3147,66-Iwata-CellDynOSNMT,Fig8-S8_Bz-Val_32,,GO:0007158,GO:0030424; GO:0030425,
3148,66-Iwata-CellDynOSNMT,Fig8-S8_Bz-Val_33,,GO:0007158,GO:0030424; GO:0030425,
3149,66-Iwata-CellDynOSNMT,Fig8-S8_Bz-Val_34,,GO:0007158,GO:0030424; GO:0030425,
3150,66-Iwata-CellDynOSNMT,Fig8-S8_Bz-Val_35,,GO:0007158,GO:0030424; GO:0030425,
3151,66-Iwata-CellDynOSNMT,Fig8-S8_Bz-Val_36,,GO:0007158,GO:0030424; GO:0030425,
3152,66-Iwata-CellDynOSNMT,Fig8-S8_Bz-Val_37,,GO:0007158,GO:0030424; GO:0030425,
3153,66-Iwata-CellDynOSNMT,Fig8-S8_Bz-Val_38,,GO:0007158,GO:0030424; GO:0030425,
3154,66-Iwata-CellDynOSNMT,Fig8-S8_Bz-Val_39,,GO:0007158,GO:0030424; GO:0030425,
3155,66-Iwata-CellDynOSNMT,Fig8-S8_Bz-Val_40,,GO:0007158,GO:0030424; GO:0030425,
3156,66-Iwata-CellDynOSNMT,Fig8-S8_Bz-Val_41,,GO:0007158,GO:0030424; GO:0030425,
3157,66-Iwata-CellDynOSNMT,Fig8-S8_Bz-Val_42,,GO:0007158,GO:0030424; GO:0030425,
3158,66-Iwata-CellDynOSNMT,Fig8-S8_Bz-Val_43,,GO:0007158,GO:0030424; GO:0030425,
3159,66-Iwata-CellDynOSNMT,Fig8-S8_Bz-Val_44,,GO:0007158,GO:0030424; GO:0030425,
3160,66-Iwata-CellDynOSNMT,Fig8-S8_Bz-Val_45,,GO:0007158,GO:0030424; GO:0030425,
3161,66-Iwata-CellDynOSNMT,Fig8-S8_Bz-Val_46,,GO:0007158,GO:0030424; GO:0030425,
3162,66-Iwata-CellDynOSNMT,Fig8-S8_Bz-Val_47,,GO:0007158,GO:0030424; GO:0030425,
3163,66-Iwata-CellDynOSNMT,Fig8-S8_Bz-Val_48,,GO:0007158,GO:0030424; GO:0030425,
3164,66-Iwata-CellDynOSNMT,Fig8-S8_Bz-Val_49,,GO:0007158,GO:0030424; GO:0030425,
3165,66-Iwata-CellDynOSNMT,Fig8-S8_Bz-Val_50,,GO:0007158,GO:0030424; GO:0030425,
3166,66-Iwata-CellDynOSNMT,Fig8-S8_Bz-Val_51,,GO:0007158,GO:0030424; GO:0030425,
3167,66-Iwata-CellDynOSNMT,Fig8-S8_Bz-Val_52,,GO:0007158,GO:0030424; GO:0030425,
3168,66-Iwata-CellDynOSNMT,Fig8-S8_Bz-Val_53,,GO:0007158,GO:0030424; GO:0030425,
3169,66-Iwata-CellDynOSNMT,Fig8-S8_Bz-Val_54,,GO:0007158,GO:0030424; GO:0030425,
3170,66-Iwata-CellDynOSNMT,Fig8-S8_Bz-Val_55,,GO:0007158,GO:0030424; GO:0030425,
3171,66-Iwata-CellDynOSNMT,Fig8-S8_Bz-Val_56,,GO:0007158,GO:0030424; GO:0030425,
3172,66-Iwata-CellDynOSNMT,Fig8-S8_Bz-Val_57,,GO:0007158,GO:0030424; GO:0030425,
3173,66-Iwata-CellDynOSNMT,Fig8-S8_Bz-Val_58,,GO:0007158,GO:0030424; GO:0030425,
3174,66-Iwata-CellDynOSNMT,Fig8-S8_Bz-Val_59,,GO:0007158,GO:0030424; GO:0030425,
3175,66-Iwata-CellDynOSNMT,Fig8-S8_Bz-Val_60,,GO:0007158,GO:0030424; GO:0030425,
3176,66-Iwata-CellDynOSNMT,Fig8-S8_Bz-Val_61,,GO:0007158,GO:0030424; GO:0030425,
3177,66-Iwata-CellDynOSNMT,Fig8-S8_Bz-Val_62,,GO:0007158,GO:0030424; GO:0030425,
3178,66-Iwata-CellDynOSNMT,Fig8-S8_Bz-Val_63,,GO:0007158,GO:0030424; GO:0030425,
3179,66-Iwata-CellDynOSNMT,Fig8-S8_Bz-Val_64,,GO:0007158,GO:0030424; GO:0030425,
3180,66-Iwata-CellDynOSNMT,Fig8-S8_Bz-Val_65,,GO:0007158,GO:0030424; GO:0030425,
3181,66-Iwata-CellDynOSNMT,Fig8-S8_Bz-Val_66,,GO:0007158,GO:0030424; GO:0030425,
3182,66-Iwata-CellDynOSNMT,Fig8-S8_Bz-Val_67,,GO:0007158,GO:0030424; GO:0030425,
3183,66-Iwata-CellDynOSNMT,Fig8-S8_Bz-Val_68,,GO:0007158,GO:0030424; GO:0030425,
3184,66-Iwata-CellDynOSNMT,Fig8-S8_Bz-Val_69,,GO:0007158,GO:0030424; GO:0030425,
3185,66-Iwata-CellDynOSNMT,Fig8-S8_Bz-Val_70,,GO:0007158,GO:0030424; GO:0030425,
3186,66-Iwata-CellDynOSNMT,Fig8-S8_Bz-Val_71,,GO:0007158,GO:0030424; GO:0030425,
3187,66-Iwata-CellDynOSNMT,Fig8-S8_Bz-Val_72,,GO:0007158,GO:0030424; GO:0030425,
3188,66-Iwata-CellDynOSNMT,Fig8-S8_Bz-Val_73,,GO:0007158,GO:0030424; GO:0030425,
3189,66-Iwata-CellDynOSNMT,Fig8-S8_Bz-Val_74,,GO:0007158,GO:0030424; GO:0030425,
3190,66-Iwata-CellDynOSNMT,Fig8-S8_Bz-Val_75,,GO:0007158,GO:0030424; GO:0030425,
3191,66-Iwata-CellDynOSNMT,Fig8-S8_Bz-Val_76,,GO:0007158,GO:0030424; GO:0030425,
3192,66-Iwata-CellDynOSNMT,Fig8-S8_Bz-Val_77,,GO:0007158,GO:0030424; GO:0030425,
3193,66-Iwata-CellDynOSNMT,Fig8-S8_Bz-Val_78,,GO:0007158,GO:0030424; GO:0030425,
3194,66-Iwata-CellDynOSNMT,Fig8-S8_Bz-Val_79,,GO:0007158,GO:0030424; GO:0030425,
3195,66-Iwata-CellDynOSNMT,Fig8-S8_Bz-Val_80,,GO:0007158,GO:0030424; GO:0030425,
3196,66-Iwata-CellDynOSNMT,Fig8-S8_Bz-Val_81,,GO:0007158,GO:0030424; GO:0030425,
3197,66-Iwata-CellDynOSNMT,Fig8-S8_Bz-Val_82,,GO:0007158,GO:0030424; GO:0030425,
3198,66-Iwata-CellDynOSNMT,Fig8-S8_Bz-Val_83,,GO:0007158,GO:0030424; GO:0030425,
3199,66-Iwata-CellDynOSNMT,Fig8-S8_Bz-Val_84,,GO:0007158,GO:0030424; GO:0030425,
3200,66-Iwata-CellDynOSNMT,Fig8-S8_Bz-Val_85,,GO:0007158,GO:0030424; GO:0030425,
3201,66-Iwata-CellDynOSNMT,Fig8-S8_Bz-Val_86,,GO:0007158,GO:0030424; GO:0030425,
3202,66-Iwata-CellDynOSNMT,Fig8-S8_Bz-Val_87,,GO:0007158,GO:0030424; GO:0030425,
3203,66-Iwata-CellDynOSNMT,Fig8-S8_Bz-Val_88,,GO:0007158,GO:0030424; GO:0030425,
3204,66-Iwata-CellDynOSNMT,Fig8-S8_Bz-Val_89,,GO:0007158,GO:0030424; GO:0030425,
3205,66-Iwata-CellDynOSNMT,Fig8-S8_Bz-Val_90,,GO:0007158,GO:0030424; GO:0030425,
3206,66-Iwata-CellDynOSNMT,Fig8-S8_Bz-Val_91,,GO:0007158,GO:0030424; GO:0030425,
3207,66-Iwata-CellDynOSNMT,Fig8-S8_Bz-Val_92,,GO:0007158,GO:0030424; GO:0030425,
3208,66-Iwata-CellDynOSNMT,Fig8-S8_Bz-Val_93,,GO:0007158,GO:0030424; GO:0030425,
3209,66-Iwata-CellDynOSNMT,Fig8-S8_Bz-Val_94,,GO:0007158,GO:0030424; GO:0030425,
3210,66-Iwata-CellDynOSNMT,Fig8-S8_Bz-Val_95,,GO:0007158,GO:0030424; GO:0030425,
3211,66-Iwata-CellDynOSNMT,Fig8-S8_Bz-Val_96,,GO:0007158,GO:0030424; GO:0030425,
3212,66-Iwata-CellDynOSNMT,Fig8-S8_Bz-Val_97,,GO:0007158,GO:0030424; GO:0030425,
3213,66-Iwata-CellDynOSNMT,Fig8-S8_Bz-Val_98,,GO:0007158,GO:0030424; GO:0030425,
3214,66-Iwata-CellDynOSNMT,Fig8-S8_Bz-Val_99,,GO:0007158,GO:0030424; GO:0030425,
3215,66-Iwata-CellDynOSNMT,Fig8-S8_Bz-Val_100,,GO:0007158,GO:0030424; GO:0030425,
3216,66-Iwata-CellDynOSNMT,Fig8-S8_Bz-Val_101,,GO:0007158,GO:0030424; GO:0030425,
3217,66-Iwata-CellDynOSNMT,Fig8-S8_Bz-Val_102,,GO:0007158,GO:0030424; GO:0030425,
3218,66-Iwata-CellDynOSNMT,Fig8-S8_Bz-Val_103,,GO:0007158,GO:0030424; GO:0030425,
3219,66-Iwata-CellDynOSNMT,Fig8-S8_Bz-Val_104,,GO:0007158,GO:0030424; GO:0030425,
3220,66-Iwata-CellDynOSNMT,Fig8-S8_Bz-Val_105,,GO:0007158,GO:0030424; GO:0030425,
3221,66-Iwata-CellDynOSNMT,Fig8-S8_Bz-Val_106,,GO:0007158,GO:0030424; GO:0030425,
3222,66-Iwata-CellDynOSNMT,Fig8-S8_Bz-Val_107,,GO:0007158,GO:0030424; GO:0030425,
3223,66-Iwata-CellDynOSNMT,Fig8-S8_Bz-Val_108,,GO:0007158,GO:0030424; GO:0030425,
3224,66-Iwata-CellDynOSNMT,Fig8-S8_Bz-Val_109,,GO:0007158,GO:0030424; GO:0030425,
3225,66-Iwata-CellDynOSNMT,Fig8-S8_Bz-Val_110,,GO:0007158,GO:0030424; GO:0030425,
3226,66-Iwata-CellDynOSNMT,Fig8-S8_Bz-Val_111,,GO:0007158,GO:0030424; GO:0030425,
3227,66-Iwata-CellDynOSNMT,Fig8-S8_Bz-Val_112,,GO:0007158,GO:0030424; GO:0030425,
3228,66-Iwata-CellDynOSNMT,Fig8-S8_Bz-Val_113,,GO:0007158,GO:0030424; GO:0030425,
3229,66-Iwata-CellDynOSNMT,Fig8-S8_Bz-Val_114,,GO:0007158,GO:0030424; GO:0030425,
3230,66-Iwata-CellDynOSNMT,Fig8-S8_Bz-Val_115,,GO:0007158,GO:0030424; GO:0030425,
3231,66-Iwata-CellDynOSNMT,Fig8-S8_Bz-Val_116,,GO:0007158,GO:0030424; GO:0030425,
3232,66-Iwata-CellDynOSNMT,Fig8-S8_Bz-Val_117,,GO:0007158,GO:0030424; GO:0030425,
3233,66-Iwata-CellDynOSNMT,Fig8-S8_Bz-Val_118,,GO:0007158,GO:0030424; GO:0030425,
3234,66-Iwata-CellDynOSNMT,Fig8-S8_Bz-Val_119,,GO:0007158,GO:0030424; GO:0030425,
3235,66-Iwata-CellDynOSNMT,Fig8-S8_Bz-Val_120,,GO:0007158,GO:0030424; GO:0030425,
3236,66-Iwata-CellDynOSNMT,Fig8-S8_Bz-Val_121,,GO:0007158,GO:0030424; GO:0030425,
3237,66-Iwata-CellDynOSNMT,Fig8-S8_Bz-Val_122,,GO:0007158,GO:0030424; GO:0030425,
3238,66-Iwata-CellDynOSNMT,Fig8-S8_Bz-Val_123,,GO:0007158,GO:0030424; GO:0030425,
3239,66-Iwata-CellDynOSNMT,Fig8-S8_Bz-Val_124,,GO:0007158,GO:0030424; GO:0030425,
3240,66-Iwata-CellDynOSNMT,Fig8-S8_Bz-Val_125,,GO:0007158,GO:0030424; GO:0030425,
3241,66-Iwata-CellDynOSNMT,Fig8-S8_Bz-Val_126,,GO:0007158,GO:0030424; GO:0030425,
3242,66-Iwata-CellDynOSNMT,Fig8-S8_Bz-Val_127,,GO:0007158,GO:0030424; GO:0030425,
3243,66-Iwata-CellDynOSNMT,Fig8-S8_Bz-Val_128,,GO:0007158,GO:0030424; GO:0030425,
3244,66-Iwata-CellDynOSNMT,Fig8-S8_Bz-Val_129,,GO:0007158,GO:0030424; GO:0030425,
3245,66-Iwata-CellDynOSNMT,Fig8-S8_Bz-Val_130,,GO:0007158,GO:0030424; GO:0030425,
3246,66-Iwata-CellDynOSNMT,Fig8-S8_Bz-Val_131,,GO:0007158,GO:0030424; GO:0030425,
3247,66-Iwata-CellDynOSNMT,Fig8-S8_Bz-Val_132,,GO:0007158,GO:0030424; GO:0030425,
3248,66-Iwata-CellDynOSNMT,Fig8-S8_Bz-Val_133,,GO:0007158,GO:0030424; GO:0030425,
3249,66-Iwata-CellDynOSNMT,Fig8-S8_Bz-Val_134,,GO:0007158,GO:0030424; GO:0030425,
3250,66-Iwata-CellDynOSNMT,Fig8-S8_Bz-Val_135,,GO:0007158,GO:0030424; GO:0030425,
3251,66-Iwata-CellDynOSNMT,Fig8-S8_Bz-Val_136,,GO:0007158,GO:0030424; GO:0030425,
3252,66-Iwata-CellDynOSNMT,Fig8-S8_Bz-Val_137,,GO:0007158,GO:0030424; GO:0030425,
3253,66-Iwata-CellDynOSNMT,Fig8-S8_Bz-Val_138,,GO:0007158,GO:0030424; GO:0030425,
3254,66-Iwata-CellDynOSNMT,Fig8-S8_Bz-Val_139,,GO:0007158,GO:0030424; GO:0030425,
3255,66-Iwata-CellDynOSNMT,Fig8-S8_Bz-Val_140,,GO:0007158,GO:0030424; GO:0030425,
3256,66-Iwata-CellDynOSNMT,Fig8-S8_Bz-Val_141,,GO:0007158,GO:0030424; GO:0030425,
3257,66-Iwata-CellDynOSNMT,Fig8-S8_Bz-Val_142,,GO:0007158,GO:0030424; GO:0030425,
3258,66-Iwata-CellDynOSNMT,Fig8-S8_Bz-Val_143,,GO:0007158,GO:0030424; GO:0030425,
3259,66-Iwata-CellDynOSNMT,Fig8-S8_Bz-Val_144,,GO:0007158,GO:0030424; GO:0030425,
3260,66-Iwata-CellDynOSNMT,Fig8-S8_Bz-Val_145,,GO:0007158,GO:0030424; GO:0030425,
3261,66-Iwata-CellDynOSNMT,Fig8-S8_Bz-Val_146,,GO:0007158,GO:0030424; GO:0030425,
3262,66-Iwata-CellDynOSNMT,Fig8-S8_Bz-Val_147,,GO:0007158,GO:0030424; GO:0030425,
3263,66-Iwata-CellDynOSNMT,Fig8-S8_Bz-Val_148,,GO:0007158,GO:0030424; GO:0030425,
3264,66-Iwata-CellDynOSNMT,Fig8-S8_Bz-Val_149,,GO:0007158,GO:0030424; GO:0030425,
3265,66-Iwata-CellDynOSNMT,Fig8-S8_Bz-Val_150,,GO:0007158,GO:0030424; GO:0030425,
3266,66-Iwata-CellDynOSNMT,Fig8-S8_Bz-Val_151,,GO:0007158,GO:0030424; GO:0030425,
3267,66-Iwata-CellDynOSNMT,Fig8-S8_Bz-Val_152,,GO:0007158,GO:0030424; GO:0030425,
3268,66-Iwata-CellDynOSNMT,Fig8-S8_Bz-Val_153,,GO:0007158,GO:0030424; GO:0030425,
3269,66-Iwata-CellDynOSNMT,Fig8-S8_Bz-Val_154,,GO:0007158,GO:0030424; GO:0030425,
3270,66-Iwata-CellDynOSNMT,Fig8-S8_Bz-Val_155,,GO:0007158,GO:0030424; GO:0030425,
3271,66-Iwata-CellDynOSNMT,Fig8-S8_Bz-Val_156,,GO:0007158,GO:0030424; GO:0030425,
3272,66-Iwata-CellDynOSNMT,Fig8-S8_Bz-Val_157,,GO:0007158,GO:0030424; GO:0030425,
3273,66-Iwata-CellDynOSNMT,Fig8-S8_Bz-Val_158,,GO:0007158,GO:0030424; GO:0030425,
3274,66-Iwata-CellDynOSNMT,Fig8-S8_Bz-Val_159,,GO:0007158,GO:0030424; GO:0030425,
3275,66-Iwata-CellDynOSNMT,Fig8-S8_Gua-Acp_1,,GO:0007158,GO:0030424; GO:0030425,
3276,66-Iwata-CellDynOSNMT,Fig8-S8_Gua-Acp_2,,GO:0007158,GO:0030424; GO:0030425,
3277,66-Iwata-CellDynOSNMT,Fig8-S8_Gua-Acp_3,,GO:0007158,GO:0030424; GO:0030425,
3278,66-Iwata-CellDynOSNMT,Fig8-S8_Gua-Acp_4,,GO:0007158,GO:0030424; GO:0030425,
3279,66-Iwata-CellDynOSNMT,Fig8-S8_Gua-Acp_5,,GO:0007158,GO:0030424; GO:0030425,
3280,66-Iwata-CellDynOSNMT,Fig8-S8_Gua-Acp_6,,GO:0007158,GO:0030424; GO:0030425,
3281,66-Iwata-CellDynOSNMT,Fig8-S8_Gua-Acp_7,,GO:0007158,GO:0030424; GO:0030425,
3282,66-Iwata-CellDynOSNMT,Fig8-S8_Gua-Acp_8,,GO:0007158,GO:0030424; GO:0030425,
3283,66-Iwata-CellDynOSNMT,Fig8-S8_Gua-Acp_9,,GO:0007158,GO:0030424; GO:0030425,
3284,66-Iwata-CellDynOSNMT,Fig8-S8_Gua-Acp_10,,GO:0007158,GO:0030424; GO:0030425,
3285,66-Iwata-CellDynOSNMT,Fig8-S8_Gua-Acp_11,,GO:0007158,GO:0030424; GO:0030425,
3286,66-Iwata-CellDynOSNMT,Fig8-S8_Gua-Acp_12,,GO:0007158,GO:0030424; GO:0030425,
3287,66-Iwata-CellDynOSNMT,Fig8-S8_Gua-Acp_13,,GO:0007158,GO:0030424; GO:0030425,
3288,66-Iwata-CellDynOSNMT,Fig8-S8_Gua-Acp_14,,GO:0007158,GO:0030424; GO:0030425,
3289,66-Iwata-CellDynOSNMT,Fig8-S8_Gua-Acp_15,,GO:0007158,GO:0030424; GO:0030425,
3290,66-Iwata-CellDynOSNMT,Fig8-S8_Gua-Acp_16,,GO:0007158,GO:0030424; GO:0030425,
3291,66-Iwata-CellDynOSNMT,Fig8-S8_Gua-Acp_17,,GO:0007158,GO:0030424; GO:0030425,
3292,66-Iwata-CellDynOSNMT,Fig8-S8_Gua-Acp_18,,GO:0007158,GO:0030424; GO:0030425,
3293,66-Iwata-CellDynOSNMT,Fig8-S8_Gua-Acp_19,,GO:0007158,GO:0030424; GO:0030425,
3294,66-Iwata-CellDynOSNMT,Fig8-S8_Gua-Acp_20,,GO:0007158,GO:0030424; GO:0030425,
3295,66-Iwata-CellDynOSNMT,Fig8-S8_Gua-Acp_21,,GO:0007158,GO:0030424; GO:0030425,
3296,66-Iwata-CellDynOSNMT,Fig8-S8_Gua-Acp_22,,GO:0007158,GO:0030424; GO:0030425,
3297,66-Iwata-CellDynOSNMT,Fig8-S8_Gua-Acp_23,,GO:0007158,GO:0030424; GO:0030425,
3298,66-Iwata-CellDynOSNMT,Fig8-S8_Gua-Acp_24,,GO:0007158,GO:0030424; GO:0030425,
3299,66-Iwata-CellDynOSNMT,Fig8-S8_Gua-Acp_25,,GO:0007158,GO:0030424; GO:0030425,
3300,66-Iwata-CellDynOSNMT,Fig8-S8_Gua-Acp_26,,GO:0007158,GO:0030424; GO:0030425,
3301,66-Iwata-CellDynOSNMT,Fig8-S8_Gua-Acp_27,,GO:0007158,GO:0030424; GO:0030425,
3302,66-Iwata-CellDynOSNMT,Fig8-S8_Gua-Acp_28,,GO:0007158,GO:0030424; GO:0030425,
3303,66-Iwata-CellDynOSNMT,Fig8-S8_Gua-Acp_29,,GO:0007158,GO:0030424; GO:0030425,
3304,66-Iwata-CellDynOSNMT,Fig8-S8_Gua-Acp_30,,GO:0007158,GO:0030424; GO:0030425,
3305,66-Iwata-CellDynOSNMT,Fig8-S8_Gua-Acp_31,,GO:0007158,GO:0030424; GO:0030425,
3306,66-Iwata-CellDynOSNMT,Fig8-S8_Gua-Acp_32,,GO:0007158,GO:0030424; GO:0030425,
3307,66-Iwata-CellDynOSNMT,Fig8-S8_Gua-Acp_33,,GO:0007158,GO:0030424; GO:0030425,
3308,66-Iwata-CellDynOSNMT,Fig8-S8_Gua-Acp_34,,GO:0007158,GO:0030424; GO:0030425,
3309,66-Iwata-CellDynOSNMT,Fig8-S8_Gua-Acp_35,,GO:0007158,GO:0030424; GO:0030425,
3310,66-Iwata-CellDynOSNMT,Fig8-S8_Gua-Acp_36,,GO:0007158,GO:0030424; GO:0030425,
3311,66-Iwata-CellDynOSNMT,Fig8-S8_Gua-Acp_37,,GO:0007158,GO:0030424; GO:0030425,
3312,66-Iwata-CellDynOSNMT,Fig8-S8_Gua-Acp_38,,GO:0007158,GO:0030424; GO:0030425,
3313,66-Iwata-CellDynOSNMT,Fig8-S8_Gua-Acp_39,,GO:0007158,GO:0030424; GO:0030425,
3314,66-Iwata-CellDynOSNMT,Fig8-S8_Gua-Acp_40,,GO:0007158,GO:0030424; GO:0030425,
3315,66-Iwata-CellDynOSNMT,Fig8-S8_Gua-Acp_41,,GO:0007158,GO:0030424; GO:0030425,
3316,66-Iwata-CellDynOSNMT,Fig8-S8_Gua-Acp_42,,GO:0007158,GO:0030424; GO:0030425,
3317,66-Iwata-CellDynOSNMT,Fig8-S8_Gua-Acp_43,,GO:0007158,GO:0030424; GO:0030425,
3318,66-Iwata-CellDynOSNMT,Fig8-S8_Gua-Acp_44,,GO:0007158,GO:0030424; GO:0030425,
3319,66-Iwata-CellDynOSNMT,Fig8-S8_Gua-Acp_45,,GO:0007158,GO:0030424; GO:0030425,
3320,66-Iwata-CellDynOSNMT,Fig8-S8_Gua-Acp_46,,GO:0007158,GO:0030424; GO:0030425,
3321,66-Iwata-CellDynOSNMT,Fig8-S8_Gua-Acp_47,,GO:0007158,GO:0030424; GO:0030425,
3322,66-Iwata-CellDynOSNMT,Fig8-S8_Gua-Acp_48,,GO:0007158,GO:0030424; GO:0030425,
3323,66-Iwata-CellDynOSNMT,Fig8-S8_Gua-Acp_49,,GO:0007158,GO:0030424; GO:0030425,
3324,66-Iwata-CellDynOSNMT,Fig8-S8_Gua-Acp_50,,GO:0007158,GO:0030424; GO:0030425,
3325,66-Iwata-CellDynOSNMT,Fig8-S8_Gua-Acp_51,,GO:0007158,GO:0030424; GO:0030425,
3326,66-Iwata-CellDynOSNMT,Fig8-S8_Gua-Acp_52,,GO:0007158,GO:0030424; GO:0030425,
3327,66-Iwata-CellDynOSNMT,Fig8-S8_Gua-Acp_53,,GO:0007158,GO:0030424; GO:0030425,
3328,66-Iwata-CellDynOSNMT,Fig8-S8_Gua-Acp_54,,GO:0007158,GO:0030424; GO:0030425,
3329,66-Iwata-CellDynOSNMT,Fig8-S8_Gua-Acp_55,,GO:0007158,GO:0030424; GO:0030425,
3330,66-Iwata-CellDynOSNMT,Fig8-S8_Gua-Acp_56,,GO:0007158,GO:0030424; GO:0030425,
3331,66-Iwata-CellDynOSNMT,Fig8-S8_Gua-Acp_57,,GO:0007158,GO:0030424; GO:0030425,
3332,66-Iwata-CellDynOSNMT,Fig8-S8_Gua-Acp_58,,GO:0007158,GO:0030424; GO:0030425,
3333,66-Iwata-CellDynOSNMT,Fig8-S8_Gua-Acp_59,,GO:0007158,GO:0030424; GO:0030425,
3334,66-Iwata-CellDynOSNMT,Fig8-S8_Gua-Acp_60,,GO:0007158,GO:0030424; GO:0030425,
3335,66-Iwata-CellDynOSNMT,Fig8-S8_Gua-Acp_61,,GO:0007158,GO:0030424; GO:0030425,
3336,66-Iwata-CellDynOSNMT,Fig8-S8_Gua-Acp_62,,GO:0007158,GO:0030424; GO:0030425,
3337,66-Iwata-CellDynOSNMT,Fig8-S8_Gua-Acp_63,,GO:0007158,GO:0030424; GO:0030425,
3338,66-Iwata-CellDynOSNMT,Fig8-S8_Gua-Acp_64,,GO:0007158,GO:0030424; GO:0030425,
3339,66-Iwata-CellDynOSNMT,Fig8-S8_Gua-Acp_65,,GO:0007158,GO:0030424; GO:0030425,
3340,66-Iwata-CellDynOSNMT,Fig8-S8_Gua-Acp_66,,GO:0007158,GO:0030424; GO:0030425,
3341,66-Iwata-CellDynOSNMT,Fig8-S8_Gua-Acp_67,,GO:0007158,GO:0030424; GO:0030425,
3342,66-Iwata-CellDynOSNMT,Fig8-S8_Gua-Acp_68,,GO:0007158,GO:0030424; GO:0030425,
3343,66-Iwata-CellDynOSNMT,Fig8-S8_Gua-Acp_69,,GO:0007158,GO:0030424; GO:0030425,
3344,66-Iwata-CellDynOSNMT,Fig8-S8_Gua-Acp_70,,GO:0007158,GO:0030424; GO:0030425,
3345,66-Iwata-CellDynOSNMT,Fig8-S8_Gua-Acp_71,,GO:0007158,GO:0030424; GO:0030425,
3346,66-Iwata-CellDynOSNMT,Fig8-S8_Gua-Acp_72,,GO:0007158,GO:0030424; GO:0030425,
3347,66-Iwata-CellDynOSNMT,Fig8-S8_Gua-Acp_73,,GO:0007158,GO:0030424; GO:0030425,
3348,66-Iwata-CellDynOSNMT,Fig8-S8_Gua-Acp_74,,GO:0007158,GO:0030424; GO:0030425,
3349,66-Iwata-CellDynOSNMT,Fig8-S8_Gua-Acp_75,,GO:0007158,GO:0030424; GO:0030425,
3350,66-Iwata-CellDynOSNMT,Fig8-S8_Gua-Acp_76,,GO:0007158,GO:0030424; GO:0030425,
3351,66-Iwata-CellDynOSNMT,Fig8-S8_Gua-Acp_77,,GO:0007158,GO:0030424; GO:0030425,
3352,66-Iwata-CellDynOSNMT,Fig8-S8_Gua-Acp_78,,GO:0007158,GO:0030424; GO:0030425,
3353,66-Iwata-CellDynOSNMT,Fig8-S8_Gua-Acp_79,,GO:0007158,GO:0030424; GO:0030425,
3354,66-Iwata-CellDynOSNMT,Fig8-S8_Gua-Acp_80,,GO:0007158,GO:0030424; GO:0030425,
3355,66-Iwata-CellDynOSNMT,Fig8-S8_Gua-Acp_81,,GO:0007158,GO:0030424; GO:0030425,
3356,66-Iwata-CellDynOSNMT,Fig8-S8_Gua-Acp_82,,GO:0007158,GO:0030424; GO:0030425,
3357,66-Iwata-CellDynOSNMT,Fig8-S8_Gua-Acp_83,,GO:0007158,GO:0030424; GO:0030425,
3358,66-Iwata-CellDynOSNMT,Fig8-S8_Gua-Acp_84,,GO:0007158,GO:0030424; GO:0030425,
3359,66-Iwata-CellDynOSNMT,Fig8-S8_Gua-Acp_85,,GO:0007158,GO:0030424; GO:0030425,
3360,66-Iwata-CellDynOSNMT,Fig8-S8_Gua-Acp_86,,GO:0007158,GO:0030424; GO:0030425,
3361,66-Iwata-CellDynOSNMT,Fig8-S8_Gua-Acp_87,,GO:0007158,GO:0030424; GO:0030425,
3362,66-Iwata-CellDynOSNMT,Fig8-S8_Gua-Acp_88,,GO:0007158,GO:0030424; GO:0030425,
3363,66-Iwata-CellDynOSNMT,Fig8-S8_Gua-Acp_89,,GO:0007158,GO:0030424; GO:0030425,
3364,66-Iwata-CellDynOSNMT,Fig8-S8_Gua-Acp_90,,GO:0007158,GO:0030424; GO:0030425,
3365,66-Iwata-CellDynOSNMT,Fig8-S8_Gua-Acp_91,,GO:0007158,GO:0030424; GO:0030425,
3366,66-Iwata-CellDynOSNMT,Fig8-S8_Gua-Acp_92,,GO:0007158,GO:0030424; GO:0030425,
3367,66-Iwata-CellDynOSNMT,Fig8-S8_Gua-Acp_93,,GO:0007158,GO:0030424; GO:0030425,
3368,66-Iwata-CellDynOSNMT,Fig8-S8_Gua-Acp_94,,GO:0007158,GO:0030424; GO:0030425,
3369,66-Iwata-CellDynOSNMT,Fig8-S8_Gua-Acp_95,,GO:0007158,GO:0030424; GO:0030425,
3370,66-Iwata-CellDynOSNMT,Fig8-S8_Gua-Acp_96,,GO:0007158,GO:0030424; GO:0030425,
3371,66-Iwata-CellDynOSNMT,Fig8-S8_Gua-Acp_97,,GO:0007158,GO:0030424; GO:0030425,
3372,66-Iwata-CellDynOSNMT,Fig8-S8_Gua-Acp_98,,GO:0007158,GO:0030424; GO:0030425,
3373,66-Iwata-CellDynOSNMT,Fig8-S8_Gua-Acp_99,,GO:0007158,GO:0030424; GO:0030425,
3374,66-Iwata-CellDynOSNMT,Fig8-S8_Gua-Acp_100,,GO:0007158,GO:0030424; GO:0030425,
3375,66-Iwata-CellDynOSNMT,Fig8-S8_Gua-Acp_101,,GO:0007158,GO:0030424; GO:0030425,
3376,66-Iwata-CellDynOSNMT,Fig8-S8_Gua-Acp_102,,GO:0007158,GO:0030424; GO:0030425,
3377,66-Iwata-CellDynOSNMT,Fig8-S8_Gua-Acp_103,,GO:0007158,GO:0030424; GO:0030425,
3378,66-Iwata-CellDynOSNMT,Fig8-S8_Gua-Acp_104,,GO:0007158,GO:0030424; GO:0030425,
3379,66-Iwata-CellDynOSNMT,Fig8-S8_Gua-Acp_105,,GO:0007158,GO:0030424; GO:0030425,
3380,66-Iwata-CellDynOSNMT,Fig8-S8_Gua-Acp_106,,GO:0007158,GO:0030424; GO:0030425,
3381,66-Iwata-CellDynOSNMT,Fig8-S8_Gua-Acp_107,,GO:0007158,GO:0030424; GO:0030425,
3382,66-Iwata-CellDynOSNMT,Fig8-S8_Gua-Acp_108,,GO:0007158,GO:0030424; GO:0030425,
3383,66-Iwata-CellDynOSNMT,Fig8-S8_Gua-Acp_109,,GO:0007158,GO:0030424; GO:0030425,
3384,66-Iwata-CellDynOSNMT,Fig8-S8_Gua-Acp_110,,GO:0007158,GO:0030424; GO:0030425,
3385,66-Iwata-CellDynOSNMT,Fig8-S8_Gua-Acp_111,,GO:0007158,GO:0030424; GO:0030425,
3386,66-Iwata-CellDynOSNMT,Fig8-S8_Gua-Acp_112,,GO:0007158,GO:0030424; GO:0030425,
3387,66-Iwata-CellDynOSNMT,Fig8-S8_Gua-Acp_113,,GO:0007158,GO:0030424; GO:0030425,
3388,66-Iwata-CellDynOSNMT,Fig8-S8_Gua-Acp_114,,GO:0007158,GO:0030424; GO:0030425,
3389,66-Iwata-CellDynOSNMT,Fig8-S8_Gua-Acp_115,,GO:0007158,GO:0030424; GO:0030425,
3390,66-Iwata-CellDynOSNMT,Fig8-S8_Gua-Acp_116,,GO:0007158,GO:0030424; GO:0030425,
3391,66-Iwata-CellDynOSNMT,Fig8-S8_Gua-Acp_117,,GO:0007158,GO:0030424; GO:0030425,
3392,66-Iwata-CellDynOSNMT,Fig8-S8_Gua-Acp_118,,GO:0007158,GO:0030424; GO:0030425,
3393,66-Iwata-CellDynOSNMT,Fig8-S8_Gua-Acp_119,,GO:0007158,GO:0030424; GO:0030425,
3394,66-Iwata-CellDynOSNMT,Fig8-S8_Gua-Acp_120,,GO:0007158,GO:0030424; GO:0030425,
3395,66-Iwata-CellDynOSNMT,Fig8-S8_Gua-Acp_121,,GO:0007158,GO:0030424; GO:0030425,
3396,66-Iwata-CellDynOSNMT,Fig8-S8_Gua-Acp_122,,GO:0007158,GO:0030424; GO:0030425,
3397,66-Iwata-CellDynOSNMT,Fig8-S8_Gua-Acp_123,,GO:0007158,GO:0030424; GO:0030425,
3398,66-Iwata-CellDynOSNMT,Fig8-S8_Gua-Acp_124,,GO:0007158,GO:0030424; GO:0030425,
3399,66-Iwata-CellDynOSNMT,Fig8-S8_Gua-Acp_125,,GO:0007158,GO:0030424; GO:0030425,
3400,66-Iwata-CellDynOSNMT,Fig8-S8_Gua-Acp_126,,GO:0007158,GO:0030424; GO:0030425,
3401,66-Iwata-CellDynOSNMT,Fig8-S8_Gua-Acp_127,,GO:0007158,GO:0030424; GO:0030425,
3402,66-Iwata-CellDynOSNMT,Fig8-S8_Gua-Acp_128,,GO:0007158,GO:0030424; GO:0030425,
3403,66-Iwata-CellDynOSNMT,Fig8-S8_Gua-Acp_129,,GO:0007158,GO:0030424; GO:0030425,
3404,66-Iwata-CellDynOSNMT,Fig8-S8_Gua-Acp_130,,GO:0007158,GO:0030424; GO:0030425,
3405,66-Iwata-CellDynOSNMT,Fig8-S8_Gua-Acp_131,,GO:0007158,GO:0030424; GO:0030425,
3406,66-Iwata-CellDynOSNMT,Fig8-S8_Gua-Acp_132,,GO:0007158,GO:0030424; GO:0030425,
3407,66-Iwata-CellDynOSNMT,Fig8-S8_Gua-Acp_133,,GO:0007158,GO:0030424; GO:0030425,
3408,66-Iwata-CellDynOSNMT,Fig8-S8_Gua-Acp_134,,GO:0007158,GO:0030424; GO:0030425,
3409,66-Iwata-CellDynOSNMT,Fig8-S8_Gua-Acp_135,,GO:0007158,GO:0030424; GO:0030425,
3410,66-Iwata-CellDynOSNMT,Fig8-S8_Gua-Acp_136,,GO:0007158,GO:0030424; GO:0030425,
3411,66-Iwata-CellDynOSNMT,Fig8-S8_Gua-Acp_137,,GO:0007158,GO:0030424; GO:0030425,
3412,66-Iwata-CellDynOSNMT,Fig8-S8_Gua-Acp_138,,GO:0007158,GO:0030424; GO:0030425,
3413,66-Iwata-CellDynOSNMT,Fig8-S8_Gua-Acp_139,,GO:0007158,GO:0030424; GO:0030425,
3414,66-Iwata-CellDynOSNMT,Fig8-S8_Gua-Acp_140,,GO:0007158,GO:0030424; GO:0030425,
3415,66-Iwata-CellDynOSNMT,Fig8-S8_Gua-Acp_141,,GO:0007158,GO:0030424; GO:0030425,
3416,66-Iwata-CellDynOSNMT,Fig8-S8_Gua-Acp_142,,GO:0007158,GO:0030424; GO:0030425,
3417,66-Iwata-CellDynOSNMT,Fig8-S8_Gua-Acp_143,,GO:0007158,GO:0030424; GO:0030425,
3418,66-Iwata-CellDynOSNMT,Fig8-S8_Gua-Acp_144,,GO:0007158,GO:0030424; GO:0030425,
3419,66-Iwata-CellDynOSNMT,Fig8-S8_Gua-Acp_145,,GO:0007158,GO:0030424; GO:0030425,
3420,66-Iwata-CellDynOSNMT,Fig8-S8_Gua-Acp_146,,GO:0007158,GO:0030424; GO:0030425,
3421,66-Iwata-CellDynOSNMT,Fig8-S8_Gua-Acp_147,,GO:0007158,GO:0030424; GO:0030425,
3422,66-Iwata-CellDynOSNMT,Fig8-S8_Gua-Acp_148,,GO:0007158,GO:0030424; GO:0030425,
3423,66-Iwata-CellDynOSNMT,Fig8-S8_Gua-Acp_149,,GO:0007158,GO:0030424; GO:0030425,
3424,66-Iwata-CellDynOSNMT,Fig8-S8_Gua-Acp_150,,GO:0007158,GO:0030424; GO:0030425,
3425,66-Iwata-CellDynOSNMT,Fig8-S8_Gua-Acp_151,,GO:0007158,GO:0030424; GO:0030425,
3426,66-Iwata-CellDynOSNMT,Fig8-S8_Gua-Acp_152,,GO:0007158,GO:0030424; GO:0030425,
3427,66-Iwata-CellDynOSNMT,Fig8-S8_Hex_1,,GO:0007158,GO:0030424; GO:0030425,
3428,66-Iwata-CellDynOSNMT,Fig8-S8_Hex_2,,GO:0007158,GO:0030424; GO:0030425,
3429,66-Iwata-CellDynOSNMT,Fig8-S8_Hex_3,,GO:0007158,GO:0030424; GO:0030425,
3430,66-Iwata-CellDynOSNMT,Fig8-S8_Hex_4,,GO:0007158,GO:0030424; GO:0030425,
3431,66-Iwata-CellDynOSNMT,Fig8-S8_Hex_5,,GO:0007158,GO:0030424; GO:0030425,
3432,66-Iwata-CellDynOSNMT,Fig8-S8_Hex_6,,GO:0007158,GO:0030424; GO:0030425,
3433,66-Iwata-CellDynOSNMT,Fig8-S8_Hex_7,,GO:0007158,GO:0030424; GO:0030425,
3434,66-Iwata-CellDynOSNMT,Fig8-S8_Hex_8,,GO:0007158,GO:0030424; GO:0030425,
3435,66-Iwata-CellDynOSNMT,Fig8-S8_Hex_9,,GO:0007158,GO:0030424; GO:0030425,
3436,66-Iwata-CellDynOSNMT,Fig8-S8_Hex_10,,GO:0007158,GO:0030424; GO:0030425,
3437,66-Iwata-CellDynOSNMT,Fig8-S8_Hex_11,,GO:0007158,GO:0030424; GO:0030425,
3438,66-Iwata-CellDynOSNMT,Fig8-S8_Hex_12,,GO:0007158,GO:0030424; GO:0030425,
3439,66-Iwata-CellDynOSNMT,Fig8-S8_Hex_13,,GO:0007158,GO:0030424; GO:0030425,
3440,66-Iwata-CellDynOSNMT,Fig8-S8_Hex_14,,GO:0007158,GO:0030424; GO:0030425,
3441,66-Iwata-CellDynOSNMT,Fig8-S8_Hex_15,,GO:0007158,GO:0030424; GO:0030425,
3442,66-Iwata-CellDynOSNMT,Fig8-S8_Hex_16,,GO:0007158,GO:0030424; GO:0030425,
3443,66-Iwata-CellDynOSNMT,Fig8-S8_Hex_17,,GO:0007158,GO:0030424; GO:0030425,
3444,66-Iwata-CellDynOSNMT,Fig8-S8_Hex_18,,GO:0007158,GO:0030424; GO:0030425,
3445,66-Iwata-CellDynOSNMT,Fig8-S8_Hex_19,,GO:0007158,GO:0030424; GO:0030425,
3446,66-Iwata-CellDynOSNMT,Fig8-S8_Hex_20,,GO:0007158,GO:0030424; GO:0030425,
3447,66-Iwata-CellDynOSNMT,Fig8-S8_Hex_21,,GO:0007158,GO:0030424; GO:0030425,
3448,66-Iwata-CellDynOSNMT,Fig8-S8_Hex_22,,GO:0007158,GO:0030424; GO:0030425,
3449,66-Iwata-CellDynOSNMT,Fig8-S8_Hex_23,,GO:0007158,GO:0030424; GO:0030425,
3450,66-Iwata-CellDynOSNMT,Fig8-S8_Hex_24,,GO:0007158,GO:0030424; GO:0030425,
3451,66-Iwata-CellDynOSNMT,Fig8-S8_Hex_25,,GO:0007158,GO:0030424; GO:0030425,
3452,66-Iwata-CellDynOSNMT,Fig8-S8_Hex_26,,GO:0007158,GO:0030424; GO:0030425,
3453,66-Iwata-CellDynOSNMT,Fig8-S8_Hex_27,,GO:0007158,GO:0030424; GO:0030425,
3454,66-Iwata-CellDynOSNMT,Fig8-S8_Hex_28,,GO:0007158,GO:0030424; GO:0030425,
3455,66-Iwata-CellDynOSNMT,Fig8-S8_Hex_29,,GO:0007158,GO:0030424; GO:0030425,
3456,66-Iwata-CellDynOSNMT,Fig8-S8_Hex_30,,GO:0007158,GO:0030424; GO:0030425,
3457,66-Iwata-CellDynOSNMT,Fig8-S8_Hex_31,,GO:0007158,GO:0030424; GO:0030425,
3458,66-Iwata-CellDynOSNMT,Fig8-S8_Hex_32,,GO:0007158,GO:0030424; GO:0030425,
3459,66-Iwata-CellDynOSNMT,Fig8-S8_Hex_33,,GO:0007158,GO:0030424; GO:0030425,
3460,66-Iwata-CellDynOSNMT,Fig8-S8_Hex_34,,GO:0007158,GO:0030424; GO:0030425,
3461,66-Iwata-CellDynOSNMT,Fig8-S8_Hex_35,,GO:0007158,GO:0030424; GO:0030425,
3462,66-Iwata-CellDynOSNMT,Fig8-S8_Hex_36,,GO:0007158,GO:0030424; GO:0030425,
3463,66-Iwata-CellDynOSNMT,Fig8-S8_Hex_37,,GO:0007158,GO:0030424; GO:0030425,
3464,66-Iwata-CellDynOSNMT,Fig8-S8_Hex_38,,GO:0007158,GO:0030424; GO:0030425,
3465,66-Iwata-CellDynOSNMT,Fig8-S8_Hex_39,,GO:0007158,GO:0030424; GO:0030425,
3466,66-Iwata-CellDynOSNMT,Fig8-S8_Hex_40,,GO:0007158,GO:0030424; GO:0030425,
3467,66-Iwata-CellDynOSNMT,Fig8-S8_Oca_1,,GO:0007158,GO:0030424; GO:0030425,
3468,66-Iwata-CellDynOSNMT,Fig8-S8_Oca_2,,GO:0007158,GO:0030424; GO:0030425,
3469,66-Iwata-CellDynOSNMT,Fig8-S8_Oca_3,,GO:0007158,GO:0030424; GO:0030425,
3470,66-Iwata-CellDynOSNMT,Fig8-S8_Oca_4,,GO:0007158,GO:0030424; GO:0030425,
3471,66-Iwata-CellDynOSNMT,Fig8-S8_Oca_5,,GO:0007158,GO:0030424; GO:0030425,
3472,66-Iwata-CellDynOSNMT,Fig8-S8_Oca_6,,GO:0007158,GO:0030424; GO:0030425,
3473,66-Iwata-CellDynOSNMT,Fig8-S8_Oca_7,,GO:0007158,GO:0030424; GO:0030425,
3474,66-Iwata-CellDynOSNMT,Fig8-S8_Oca_8,,GO:0007158,GO:0030424; GO:0030425,
3475,66-Iwata-CellDynOSNMT,Fig8-S8_Oca_9,,GO:0007158,GO:0030424; GO:0030425,
3476,66-Iwata-CellDynOSNMT,Fig8-S8_Oca_10,,GO:0007158,GO:0030424; GO:0030425,
3477,66-Iwata-CellDynOSNMT,Fig8-S8_Oca_11,,GO:0007158,GO:0030424; GO:0030425,
3478,66-Iwata-CellDynOSNMT,Fig8-S8_Oca_12,,GO:0007158,GO:0030424; GO:0030425,
3479,66-Iwata-CellDynOSNMT,Fig8-S8_Oca_13,,GO:0007158,GO:0030424; GO:0030425,
3480,66-Iwata-CellDynOSNMT,Fig8-S8_Oca_14,,GO:0007158,GO:0030424; GO:0030425,
3481,66-Iwata-CellDynOSNMT,Fig8-S8_Oca_15,,GO:0007158,GO:0030424; GO:0030425,
3482,66-Iwata-CellDynOSNMT,Fig8-S8_Oca_16,,GO:0007158,GO:0030424; GO:0030425,
3483,66-Iwata-CellDynOSNMT,Fig8-S8_Oca_17,,GO:0007158,GO:0030424; GO:0030425,
3484,66-Iwata-CellDynOSNMT,Fig8-S8_Oca_18,,GO:0007158,GO:0030424; GO:0030425,
3485,66-Iwata-CellDynOSNMT,Fig8-S8_Oca_19,,GO:0007158,GO:0030424; GO:0030425,
3486,66-Iwata-CellDynOSNMT,Fig8-S8_Oca_20,,GO:0007158,GO:0030424; GO:0030425,
3487,66-Iwata-CellDynOSNMT,Fig8-S8_Oca_21,,GO:0007158,GO:0030424; GO:0030425,
3488,66-Iwata-CellDynOSNMT,Fig8-S8_Oca_22,,GO:0007158,GO:0030424; GO:0030425,
3489,66-Iwata-CellDynOSNMT,Fig8-S8_Oca_23,,GO:0007158,GO:0030424; GO:0030425,
3490,66-Iwata-CellDynOSNMT,Fig8-S8_Oca_24,,GO:0007158,GO:0030424; GO:0030425,
3491,66-Iwata-CellDynOSNMT,Fig8-S8_Oca_25,,GO:0007158,GO:0030424; GO:0030425,
3492,66-Iwata-CellDynOSNMT,Fig8-S8_Oca_26,,GO:0007158,GO:0030424; GO:0030425,
3493,66-Iwata-CellDynOSNMT,Fig8-S8_Oca_27,,GO:0007158,GO:0030424; GO:0030425,
3494,66-Iwata-CellDynOSNMT,Fig8-S8_Oca_28,,GO:0007158,GO:0030424; GO:0030425,
3495,66-Iwata-CellDynOSNMT,Fig8-S8_Oca_29,,GO:0007158,GO:0030424; GO:0030425,
3496,66-Iwata-CellDynOSNMT,Fig8-S8_Oca_30,,GO:0007158,GO:0030424; GO:0030425,
3497,66-Iwata-CellDynOSNMT,Fig8-S8_Oca_31,,GO:0007158,GO:0030424; GO:0030425,
3498,66-Iwata-CellDynOSNMT,Fig8-S8_Oca_32,,GO:0007158,GO:0030424; GO:0030425,
3499,66-Iwata-CellDynOSNMT,Fig8-S8_Oca_33,,GO:0007158,GO:0030424; GO:0030425,
3500,66-Iwata-CellDynOSNMT,Fig8-S8_Oca_34,,GO:0007158,GO:0030424; GO:0030425,
3501,66-Iwata-CellDynOSNMT,Fig8-S8_Oca_35,,GO:0007158,GO:0030424; GO:0030425,
3502,66-Iwata-CellDynOSNMT,Fig8-S8_Oca_36,,GO:0007158,GO:0030424; GO:0030425,
3503,66-Iwata-CellDynOSNMT,Fig8-S8_Oca_37,,GO:0007158,GO:0030424; GO:0030425,
3504,66-Iwata-CellDynOSNMT,Fig8-S8_Oca_38,,GO:0007158,GO:0030424; GO:0030425,
3505,66-Iwata-CellDynOSNMT,Fig8-S8_Oca_39,,GO:0007158,GO:0030424; GO:0030425,
3506,66-Iwata-CellDynOSNMT,Fig8-S8_Oca_40,,GO:0007158,GO:0030424; GO:0030425,
3507,66-Iwata-CellDynOSNMT,FigS1D_1,,GO:0007158,GO:0030424; GO:0030425,
3508,66-Iwata-CellDynOSNMT,FigS1D_2,,GO:0007158,GO:0030424; GO:0030425,
3509,66-Iwata-CellDynOSNMT,FigS1D_3,,GO:0007158,GO:0030424; GO:0030425,
3510,66-Iwata-CellDynOSNMT,FigS1D_4,,GO:0007158,GO:0030424; GO:0030425,
3511,66-Iwata-CellDynOSNMT,FigS1E,,GO:0007158,GO:0030424; GO:0030425,
3512,66-Iwata-CellDynOSNMT,FigS1F,,GO:0007158,GO:0030424; GO:0030425,
3513,66-Iwata-CellDynOSNMT,FigS1I,,GO:0007158,GO:0030424; GO:0030425,
3514,66-Iwata-CellDynOSNMT,FigS1J,,GO:0007158,GO:0030424; GO:0030425,
3515,66-Iwata-CellDynOSNMT,FigS1K_1,,GO:0007158,GO:0030424; GO:0030425,
3516,66-Iwata-CellDynOSNMT,FigS1K_2,,GO:0007158,GO:0030424; GO:0030425,
3517,66-Iwata-CellDynOSNMT,FigS1K_3,,GO:0007158,GO:0030424; GO:0030425,
3518,66-Iwata-CellDynOSNMT,FigS1L_1,,GO:0007158,GO:0030424; GO:0030425,
3519,66-Iwata-CellDynOSNMT,FigS1L_2,,GO:0007158,GO:0030424; GO:0030425,
3520,66-Iwata-CellDynOSNMT,FigS1L_3,,GO:0007158,GO:0030424; GO:0030425,
3521,66-Iwata-CellDynOSNMT,FigS1M_1,,GO:0007158,GO:0030424; GO:0030425,
3522,66-Iwata-CellDynOSNMT,FigS1M_2,,GO:0007158,GO:0030424; GO:0030425,
3523,66-Iwata-CellDynOSNMT,FigS1M_3,,GO:0007158,GO:0030424; GO:0030425,
3524,66-Iwata-CellDynOSNMT,FigS1N,,GO:0007158,GO:0030424; GO:0030425,
3525,66-Iwata-CellDynOSNMT,FigS2A,,GO:0007158,GO:0030424; GO:0030425,
3526,66-Iwata-CellDynOSNMT,FigS2B,,GO:0007158,GO:0030424; GO:0030425,
3527,66-Iwata-CellDynOSNMT,FigS2C,,GO:0007158,GO:0030424; GO:0030425,
3528,66-Iwata-CellDynOSNMT,FigS2D,,GO:0007158,GO:0030424; GO:0030425,
3529,66-Iwata-CellDynOSNMT,FigS3A,,GO:0007158,GO:0030424; GO:0030425,
3530,66-Iwata-CellDynOSNMT,FigS3B_1,,GO:0007158,GO:0030424; GO:0030425,
3531,66-Iwata-CellDynOSNMT,FigS3B_2,,GO:0007158,GO:0030424; GO:0030425,
3532,66-Iwata-CellDynOSNMT,FigS3C_1,,GO:0007158,GO:0030424; GO:0030425,
3533,66-Iwata-CellDynOSNMT,FigS3C_2,,GO:0007158,GO:0030424; GO:0030425,
3534,66-Iwata-CellDynOSNMT,FigS3C_3,,GO:0007158,GO:0030424; GO:0030425,
3535,66-Iwata-CellDynOSNMT,FigS3D,,GO:0007158,GO:0030424; GO:0030425,
3536,66-Iwata-CellDynOSNMT,FigS3F,,GO:0007158,GO:0030424; GO:0030425,
3537,66-Iwata-CellDynOSNMT,FigS3G,,GO:0007158,GO:0030424; GO:0030425,
3538,66-Iwata-CellDynOSNMT,FiguS4A-S4B_Acetophenone_1,,GO:0007158,GO:0030424; GO:0030425,
3539,66-Iwata-CellDynOSNMT,FiguS4A-S4B_Acetophenone_2,,GO:0007158,GO:0030424; GO:0030425,
3540,66-Iwata-CellDynOSNMT,FiguS4A-S4B_Acetophenone_3,,GO:0007158,GO:0030424; GO:0030425,
3541,66-Iwata-CellDynOSNMT,FiguS4A-S4B_Acetophenone_4,,GO:0007158,GO:0030424; GO:0030425,
3542,66-Iwata-CellDynOSNMT,FiguS4A-S4B_Acetophenone_5,,GO:0007158,GO:0030424; GO:0030425,
3543,66-Iwata-CellDynOSNMT,FiguS4A-S4B_Acetophenone_6,,GO:0007158,GO:0030424; GO:0030425,
3544,66-Iwata-CellDynOSNMT,FiguS4A-S4B_Acetophenone_7,,GO:0007158,GO:0030424; GO:0030425,
3545,66-Iwata-CellDynOSNMT,FiguS4A-S4B_Acetophenone_8,,GO:0007158,GO:0030424; GO:0030425,
3546,66-Iwata-CellDynOSNMT,FiguS4A-S4B_Acetophenone_9,,GO:0007158,GO:0030424; GO:0030425,
3547,66-Iwata-CellDynOSNMT,FiguS4A-S4B_Amylacetate_1,,GO:0007158,GO:0030424; GO:0030425,
3548,66-Iwata-CellDynOSNMT,FiguS4A-S4B_Amylacetate_2,,GO:0007158,GO:0030424; GO:0030425,
3549,66-Iwata-CellDynOSNMT,FiguS4A-S4B_Amylacetate_3,,GO:0007158,GO:0030424; GO:0030425,
3550,66-Iwata-CellDynOSNMT,FiguS4A-S4B_Amylacetate_4,,GO:0007158,GO:0030424; GO:0030425,
3551,66-Iwata-CellDynOSNMT,FiguS4A-S4B_Amylacetate_5,,GO:0007158,GO:0030424; GO:0030425,
3552,66-Iwata-CellDynOSNMT,FiguS4A-S4B_Amylacetate_6,,GO:0007158,GO:0030424; GO:0030425,
3553,66-Iwata-CellDynOSNMT,FiguS4A-S4B_Amylacetate_7,,GO:0007158,GO:0030424; GO:0030425,
3554,66-Iwata-CellDynOSNMT,FiguS4A-S4B_Amylacetate_8,,GO:0007158,GO:0030424; GO:0030425,
3555,66-Iwata-CellDynOSNMT,FiguS4A-S4B_Amylacetate_9,,GO:0007158,GO:0030424; GO:0030425,
3556,66-Iwata-CellDynOSNMT,FiguS4A-S4B_Anisol_1,,GO:0007158,GO:0030424; GO:0030425,
3557,66-Iwata-CellDynOSNMT,FiguS4A-S4B_Anisol_2,,GO:0007158,GO:0030424; GO:0030425,
3558,66-Iwata-CellDynOSNMT,FiguS4A-S4B_Anisol_3,,GO:0007158,GO:0030424; GO:0030425,
3559,66-Iwata-CellDynOSNMT,FiguS4A-S4B_Anisol_4,,GO:0007158,GO:0030424; GO:0030425,
3560,66-Iwata-CellDynOSNMT,FiguS4A-S4B_Anisol_5,,GO:0007158,GO:0030424; GO:0030425,
3561,66-Iwata-CellDynOSNMT,FiguS4A-S4B_Anisol_6,,GO:0007158,GO:0030424; GO:0030425,
3562,66-Iwata-CellDynOSNMT,FiguS4A-S4B_Anisol_7,,GO:0007158,GO:0030424; GO:0030425,
3563,66-Iwata-CellDynOSNMT,FiguS4A-S4B_Anisol_8,,GO:0007158,GO:0030424; GO:0030425,
3564,66-Iwata-CellDynOSNMT,FiguS4A-S4B_Anisol_9,,GO:0007158,GO:0030424; GO:0030425,
3565,66-Iwata-CellDynOSNMT,FiguS4A-S4B_Benzaldehyde_1,,GO:0007158,GO:0030424; GO:0030425,
3566,66-Iwata-CellDynOSNMT,FiguS4A-S4B_Benzaldehyde_2,,GO:0007158,GO:0030424; GO:0030425,
3567,66-Iwata-CellDynOSNMT,FiguS4A-S4B_Benzaldehyde_3,,GO:0007158,GO:0030424; GO:0030425,
3568,66-Iwata-CellDynOSNMT,FiguS4A-S4B_Benzaldehyde_4,,GO:0007158,GO:0030424; GO:0030425,
3569,66-Iwata-CellDynOSNMT,FiguS4A-S4B_Benzaldehyde_5,,GO:0007158,GO:0030424; GO:0030425,
3570,66-Iwata-CellDynOSNMT,FiguS4A-S4B_Benzaldehyde_6,,GO:0007158,GO:0030424; GO:0030425,
3571,66-Iwata-CellDynOSNMT,FiguS4A-S4B_Benzaldehyde_7,,GO:0007158,GO:0030424; GO:0030425,
3572,66-Iwata-CellDynOSNMT,FiguS4A-S4B_Benzaldehyde_8,,GO:0007158,GO:0030424; GO:0030425,
3573,66-Iwata-CellDynOSNMT,FiguS4A-S4B_Benzaldehyde_9,,GO:0007158,GO:0030424; GO:0030425,
3574,66-Iwata-CellDynOSNMT,FiguS4A-S4B_Beta-citronellol_1,,GO:0007158,GO:0030424; GO:0030425,
3575,66-Iwata-CellDynOSNMT,FiguS4A-S4B_Beta-citronellol_2,,GO:0007158,GO:0030424; GO:0030425,
3576,66-Iwata-CellDynOSNMT,FiguS4A-S4B_Beta-citronellol_3,,GO:0007158,GO:0030424; GO:0030425,
3577,66-Iwata-CellDynOSNMT,FiguS4A-S4B_Beta-citronellol_4,,GO:0007158,GO:0030424; GO:0030425,
3578,66-Iwata-CellDynOSNMT,FiguS4A-S4B_Beta-citronellol_5,,GO:0007158,GO:0030424; GO:0030425,
3579,66-Iwata-CellDynOSNMT,FiguS4A-S4B_Beta-citronellol_6,,GO:0007158,GO:0030424; GO:0030425,
3580,66-Iwata-CellDynOSNMT,FiguS4A-S4B_Beta-citronellol_7,,GO:0007158,GO:0030424; GO:0030425,
3581,66-Iwata-CellDynOSNMT,FiguS4A-S4B_Beta-citronellol_8,,GO:0007158,GO:0030424; GO:0030425,
3582,66-Iwata-CellDynOSNMT,FiguS4A-S4B_Beta-citronellol_9,,GO:0007158,GO:0030424; GO:0030425,
3583,66-Iwata-CellDynOSNMT,FiguS4A-S4B_Butyric-acid_1,,GO:0007158,GO:0030424; GO:0030425,
3584,66-Iwata-CellDynOSNMT,FiguS4A-S4B_Butyric-acid_2,,GO:0007158,GO:0030424; GO:0030425,
3585,66-Iwata-CellDynOSNMT,FiguS4A-S4B_Butyric-acid_3,,GO:0007158,GO:0030424; GO:0030425,
3586,66-Iwata-CellDynOSNMT,FiguS4A-S4B_Butyric-acid_4,,GO:0007158,GO:0030424; GO:0030425,
3587,66-Iwata-CellDynOSNMT,FiguS4A-S4B_Butyric-acid_5,,GO:0007158,GO:0030424; GO:0030425,
3588,66-Iwata-CellDynOSNMT,FiguS4A-S4B_Butyric-acid_6,,GO:0007158,GO:0030424; GO:0030425,
3589,66-Iwata-CellDynOSNMT,FiguS4A-S4B_Butyric-acid_7,,GO:0007158,GO:0030424; GO:0030425,
3590,66-Iwata-CellDynOSNMT,FiguS4A-S4B_Butyric-acid_8,,GO:0007158,GO:0030424; GO:0030425,
3591,66-Iwata-CellDynOSNMT,FiguS4A-S4B_Butyric-acid_9,,GO:0007158,GO:0030424; GO:0030425,
3592,66-Iwata-CellDynOSNMT,FiguS4A-S4B_Carvone_1,,GO:0007158,GO:0030424; GO:0030425,
3593,66-Iwata-CellDynOSNMT,FiguS4A-S4B_Carvone_2,,GO:0007158,GO:0030424; GO:0030425,
3594,66-Iwata-CellDynOSNMT,FiguS4A-S4B_Carvone_3,,GO:0007158,GO:0030424; GO:0030425,
3595,66-Iwata-CellDynOSNMT,FiguS4A-S4B_Carvone_4,,GO:0007158,GO:0030424; GO:0030425,
3596,66-Iwata-CellDynOSNMT,FiguS4A-S4B_Carvone_5,,GO:0007158,GO:0030424; GO:0030425,
3597,66-Iwata-CellDynOSNMT,FiguS4A-S4B_Carvone_6,,GO:0007158,GO:0030424; GO:0030425,
3598,66-Iwata-CellDynOSNMT,FiguS4A-S4B_Carvone_7,,GO:0007158,GO:0030424; GO:0030425,
3599,66-Iwata-CellDynOSNMT,FiguS4A-S4B_Carvone_8,,GO:0007158,GO:0030424; GO:0030425,
3600,66-Iwata-CellDynOSNMT,FiguS4A-S4B_Carvone_9,,GO:0007158,GO:0030424; GO:0030425,
3601,66-Iwata-CellDynOSNMT,FiguS4A-S4B_Cineol_1,,GO:0007158,GO:0030424; GO:0030425,
3602,66-Iwata-CellDynOSNMT,FiguS4A-S4B_Cineol_2,,GO:0007158,GO:0030424; GO:0030425,
3603,66-Iwata-CellDynOSNMT,FiguS4A-S4B_Cineol_3,,GO:0007158,GO:0030424; GO:0030425,
3604,66-Iwata-CellDynOSNMT,FiguS4A-S4B_Cineol_4,,GO:0007158,GO:0030424; GO:0030425,
3605,66-Iwata-CellDynOSNMT,FiguS4A-S4B_Cineol_5,,GO:0007158,GO:0030424; GO:0030425,
3606,66-Iwata-CellDynOSNMT,FiguS4A-S4B_Cineol_6,,GO:0007158,GO:0030424; GO:0030425,
3607,66-Iwata-CellDynOSNMT,FiguS4A-S4B_Cineol_7,,GO:0007158,GO:0030424; GO:0030425,
3608,66-Iwata-CellDynOSNMT,FiguS4A-S4B_Cineol_8,,GO:0007158,GO:0030424; GO:0030425,
3609,66-Iwata-CellDynOSNMT,FiguS4A-S4B_Cineol_9,,GO:0007158,GO:0030424; GO:0030425,
3610,66-Iwata-CellDynOSNMT,FiguS4A-S4B_Cinnamaldehyde_1,,GO:0007158,GO:0030424; GO:0030425,
3611,66-Iwata-CellDynOSNMT,FiguS4A-S4B_Cinnamaldehyde_2,,GO:0007158,GO:0030424; GO:0030425,
3612,66-Iwata-CellDynOSNMT,FiguS4A-S4B_Cinnamaldehyde_3,,GO:0007158,GO:0030424; GO:0030425,
3613,66-Iwata-CellDynOSNMT,FiguS4A-S4B_Cinnamaldehyde_4,,GO:0007158,GO:0030424; GO:0030425,
3614,66-Iwata-CellDynOSNMT,FiguS4A-S4B_Cinnamaldehyde_5,,GO:0007158,GO:0030424; GO:0030425,
3615,66-Iwata-CellDynOSNMT,FiguS4A-S4B_Cinnamaldehyde_6,,GO:0007158,GO:0030424; GO:0030425,
3616,66-Iwata-CellDynOSNMT,FiguS4A-S4B_Cinnamaldehyde_7,,GO:0007158,GO:0030424; GO:0030425,
3617,66-Iwata-CellDynOSNMT,FiguS4A-S4B_Cinnamaldehyde_8,,GO:0007158,GO:0030424; GO:0030425,
3618,66-Iwata-CellDynOSNMT,FiguS4A-S4B_Cinnamaldehyde_9,,GO:0007158,GO:0030424; GO:0030425,
3619,66-Iwata-CellDynOSNMT,FiguS4A-S4B_Cinnamaldehyde_10,,GO:0007158,GO:0030424; GO:0030425,
3620,66-Iwata-CellDynOSNMT,FiguS4A-S4B_Citral_1,,GO:0007158,GO:0030424; GO:0030425,
3621,66-Iwata-CellDynOSNMT,FiguS4A-S4B_Citral_2,,GO:0007158,GO:0030424; GO:0030425,
3622,66-Iwata-CellDynOSNMT,FiguS4A-S4B_Citral_3,,GO:0007158,GO:0030424; GO:0030425,
3623,66-Iwata-CellDynOSNMT,FiguS4A-S4B_Citral_4,,GO:0007158,GO:0030424; GO:0030425,
3624,66-Iwata-CellDynOSNMT,FiguS4A-S4B_Citral_5,,GO:0007158,GO:0030424; GO:0030425,
3625,66-Iwata-CellDynOSNMT,FiguS4A-S4B_Citral_6,,GO:0007158,GO:0030424; GO:0030425,
3626,66-Iwata-CellDynOSNMT,FiguS4A-S4B_Citral_7,,GO:0007158,GO:0030424; GO:0030425,
3627,66-Iwata-CellDynOSNMT,FiguS4A-S4B_Citral_8,,GO:0007158,GO:0030424; GO:0030425,
3628,66-Iwata-CellDynOSNMT,FiguS4A-S4B_Citral_9,,GO:0007158,GO:0030424; GO:0030425,
3629,66-Iwata-CellDynOSNMT,FiguS4A-S4B_Enanthaldehyde_1,,GO:0007158,GO:0030424; GO:0030425,
3630,66-Iwata-CellDynOSNMT,FiguS4A-S4B_Enanthaldehyde_2,,GO:0007158,GO:0030424; GO:0030425,
3631,66-Iwata-CellDynOSNMT,FiguS4A-S4B_Enanthaldehyde_3,,GO:0007158,GO:0030424; GO:0030425,
3632,66-Iwata-CellDynOSNMT,FiguS4A-S4B_Enanthaldehyde_4,,GO:0007158,GO:0030424; GO:0030425,
3633,66-Iwata-CellDynOSNMT,FiguS4A-S4B_Enanthaldehyde_5,,GO:0007158,GO:0030424; GO:0030425,
3634,66-Iwata-CellDynOSNMT,FiguS4A-S4B_Enanthaldehyde_6,,GO:0007158,GO:0030424; GO:0030425,
3635,66-Iwata-CellDynOSNMT,FiguS4A-S4B_Enanthaldehyde_7,,GO:0007158,GO:0030424; GO:0030425,
3636,66-Iwata-CellDynOSNMT,FiguS4A-S4B_Enanthaldehyde_8,,GO:0007158,GO:0030424; GO:0030425,
3637,66-Iwata-CellDynOSNMT,FiguS4A-S4B_Enanthaldehyde_9,,GO:0007158,GO:0030424; GO:0030425,
3638,66-Iwata-CellDynOSNMT,FiguS4A-S4B_Ethyl-hexanoate_1,,GO:0007158,GO:0030424; GO:0030425,
3639,66-Iwata-CellDynOSNMT,FiguS4A-S4B_Ethyl-hexanoate_2,,GO:0007158,GO:0030424; GO:0030425,
3640,66-Iwata-CellDynOSNMT,FiguS4A-S4B_Ethyl-hexanoate_3,,GO:0007158,GO:0030424; GO:0030425,
3641,66-Iwata-CellDynOSNMT,FiguS4A-S4B_Ethyl-hexanoate_4,,GO:0007158,GO:0030424; GO:0030425,
3642,66-Iwata-CellDynOSNMT,FiguS4A-S4B_Ethyl-hexanoate_5,,GO:0007158,GO:0030424; GO:0030425,
3643,66-Iwata-CellDynOSNMT,FiguS4A-S4B_Ethyl-hexanoate_6,,GO:0007158,GO:0030424; GO:0030425,
3644,66-Iwata-CellDynOSNMT,FiguS4A-S4B_Ethyl-hexanoate_7,,GO:0007158,GO:0030424; GO:0030425,
3645,66-Iwata-CellDynOSNMT,FiguS4A-S4B_Ethyl-hexanoate_8,,GO:0007158,GO:0030424; GO:0030425,
3646,66-Iwata-CellDynOSNMT,FiguS4A-S4B_Ethyl-hexanoate_9,,GO:0007158,GO:0030424; GO:0030425,
3647,66-Iwata-CellDynOSNMT,FiguS4A-S4B_Eugenol_1,,GO:0007158,GO:0030424; GO:0030425,
3648,66-Iwata-CellDynOSNMT,FiguS4A-S4B_Eugenol_2,,GO:0007158,GO:0030424; GO:0030425,
3649,66-Iwata-CellDynOSNMT,FiguS4A-S4B_Eugenol_3,,GO:0007158,GO:0030424; GO:0030425,
3650,66-Iwata-CellDynOSNMT,FiguS4A-S4B_Eugenol_4,,GO:0007158,GO:0030424; GO:0030425,
3651,66-Iwata-CellDynOSNMT,FiguS4A-S4B_Eugenol_5,,GO:0007158,GO:0030424; GO:0030425,
3652,66-Iwata-CellDynOSNMT,FiguS4A-S4B_Eugenol_6,,GO:0007158,GO:0030424; GO:0030425,
3653,66-Iwata-CellDynOSNMT,FiguS4A-S4B_Eugenol_7,,GO:0007158,GO:0030424; GO:0030425,
3654,66-Iwata-CellDynOSNMT,FiguS4A-S4B_Eugenol_8,,GO:0007158,GO:0030424; GO:0030425,
3655,66-Iwata-CellDynOSNMT,FiguS4A-S4B_Eugenol_9,,GO:0007158,GO:0030424; GO:0030425,
3656,66-Iwata-CellDynOSNMT,FiguS4A-S4B_Fenchone_1,,GO:0007158,GO:0030424; GO:0030425,
3657,66-Iwata-CellDynOSNMT,FiguS4A-S4B_Fenchone_2,,GO:0007158,GO:0030424; GO:0030425,
3658,66-Iwata-CellDynOSNMT,FiguS4A-S4B_Fenchone_3,,GO:0007158,GO:0030424; GO:0030425,
3659,66-Iwata-CellDynOSNMT,FiguS4A-S4B_Fenchone_4,,GO:0007158,GO:0030424; GO:0030425,
3660,66-Iwata-CellDynOSNMT,FiguS4A-S4B_Fenchone_5,,GO:0007158,GO:0030424; GO:0030425,
3661,66-Iwata-CellDynOSNMT,FiguS4A-S4B_Fenchone_6,,GO:0007158,GO:0030424; GO:0030425,
3662,66-Iwata-CellDynOSNMT,FiguS4A-S4B_Fenchone_7,,GO:0007158,GO:0030424; GO:0030425,
3663,66-Iwata-CellDynOSNMT,FiguS4A-S4B_Fenchone_8,,GO:0007158,GO:0030424; GO:0030425,
3664,66-Iwata-CellDynOSNMT,FiguS4A-S4B_Fenchone_9,,GO:0007158,GO:0030424; GO:0030425,
3665,66-Iwata-CellDynOSNMT,FiguS4A-S4B_Guaiacol_1,,GO:0007158,GO:0030424; GO:0030425,
3666,66-Iwata-CellDynOSNMT,FiguS4A-S4B_Guaiacol_2,,GO:0007158,GO:0030424; GO:0030425,
3667,66-Iwata-CellDynOSNMT,FiguS4A-S4B_Guaiacol_3,,GO:0007158,GO:0030424; GO:0030425,
3668,66-Iwata-CellDynOSNMT,FiguS4A-S4B_Guaiacol_4,,GO:0007158,GO:0030424; GO:0030425,
3669,66-Iwata-CellDynOSNMT,FiguS4A-S4B_Guaiacol_5,,GO:0007158,GO:0030424; GO:0030425,
3670,66-Iwata-CellDynOSNMT,FiguS4A-S4B_Guaiacol_6,,GO:0007158,GO:0030424; GO:0030425,
3671,66-Iwata-CellDynOSNMT,FiguS4A-S4B_Guaiacol_7,,GO:0007158,GO:0030424; GO:0030425,
3672,66-Iwata-CellDynOSNMT,FiguS4A-S4B_Guaiacol_8,,GO:0007158,GO:0030424; GO:0030425,
3673,66-Iwata-CellDynOSNMT,FiguS4A-S4B_Guaiacol_9,,GO:0007158,GO:0030424; GO:0030425,
3674,66-Iwata-CellDynOSNMT,FiguS4A-S4B_Hexanoic-acid_1,,GO:0007158,GO:0030424; GO:0030425,
3675,66-Iwata-CellDynOSNMT,FiguS4A-S4B_Hexanoic-acid_2,,GO:0007158,GO:0030424; GO:0030425,
3676,66-Iwata-CellDynOSNMT,FiguS4A-S4B_Hexanoic-acid_3,,GO:0007158,GO:0030424; GO:0030425,
3677,66-Iwata-CellDynOSNMT,FiguS4A-S4B_Hexanoic-acid_4,,GO:0007158,GO:0030424; GO:0030425,
3678,66-Iwata-CellDynOSNMT,FiguS4A-S4B_Hexanoic-acid_5,,GO:0007158,GO:0030424; GO:0030425,
3679,66-Iwata-CellDynOSNMT,FiguS4A-S4B_Hexanoic-acid_6,,GO:0007158,GO:0030424; GO:0030425,
3680,66-Iwata-CellDynOSNMT,FiguS4A-S4B_Hexanoic-acid_7,,GO:0007158,GO:0030424; GO:0030425,
3681,66-Iwata-CellDynOSNMT,FiguS4A-S4B_Hexanoic-acid_8,,GO:0007158,GO:0030424; GO:0030425,
3682,66-Iwata-CellDynOSNMT,FiguS4A-S4B_Hexanoic-acid_9,,GO:0007158,GO:0030424; GO:0030425,
3683,66-Iwata-CellDynOSNMT,FiguS4A-S4B_Hexylaldehyde_1,,GO:0007158,GO:0030424; GO:0030425,
3684,66-Iwata-CellDynOSNMT,FiguS4A-S4B_Hexylaldehyde_2,,GO:0007158,GO:0030424; GO:0030425,
3685,66-Iwata-CellDynOSNMT,FiguS4A-S4B_Hexylaldehyde_3,,GO:0007158,GO:0030424; GO:0030425,
3686,66-Iwata-CellDynOSNMT,FiguS4A-S4B_Hexylaldehyde_4,,GO:0007158,GO:0030424; GO:0030425,
3687,66-Iwata-CellDynOSNMT,FiguS4A-S4B_Hexylaldehyde_5,,GO:0007158,GO:0030424; GO:0030425,
3688,66-Iwata-CellDynOSNMT,FiguS4A-S4B_Hexylaldehyde_6,,GO:0007158,GO:0030424; GO:0030425,
3689,66-Iwata-CellDynOSNMT,FiguS4A-S4B_Hexylaldehyde_7,,GO:0007158,GO:0030424; GO:0030425,
3690,66-Iwata-CellDynOSNMT,FiguS4A-S4B_Hexylaldehyde_8,,GO:0007158,GO:0030424; GO:0030425,
3691,66-Iwata-CellDynOSNMT,FiguS4A-S4B_Hexylaldehyde_9,,GO:0007158,GO:0030424; GO:0030425,
3692,66-Iwata-CellDynOSNMT,FiguS4A-S4B_Jasmone_1,,GO:0007158,GO:0030424; GO:0030425,
3693,66-Iwata-CellDynOSNMT,FiguS4A-S4B_Jasmone_2,,GO:0007158,GO:0030424; GO:0030425,
3694,66-Iwata-CellDynOSNMT,FiguS4A-S4B_Jasmone_3,,GO:0007158,GO:0030424; GO:0030425,
3695,66-Iwata-CellDynOSNMT,FiguS4A-S4B_Jasmone_4,,GO:0007158,GO:0030424; GO:0030425,
3696,66-Iwata-CellDynOSNMT,FiguS4A-S4B_Jasmone_5,,GO:0007158,GO:0030424; GO:0030425,
3697,66-Iwata-CellDynOSNMT,FiguS4A-S4B_Jasmone_6,,GO:0007158,GO:0030424; GO:0030425,
3698,66-Iwata-CellDynOSNMT,FiguS4A-S4B_Jasmone_7,,GO:0007158,GO:0030424; GO:0030425,
3699,66-Iwata-CellDynOSNMT,FiguS4A-S4B_Jasmone_8,,GO:0007158,GO:0030424; GO:0030425,
3700,66-Iwata-CellDynOSNMT,FiguS4A-S4B_Jasmone_9,,GO:0007158,GO:0030424; GO:0030425,
3701,66-Iwata-CellDynOSNMT,FiguS4A-S4B_Limonene_1,,GO:0007158,GO:0030424; GO:0030425,
3702,66-Iwata-CellDynOSNMT,FiguS4A-S4B_Limonene_2,,GO:0007158,GO:0030424; GO:0030425,
3703,66-Iwata-CellDynOSNMT,FiguS4A-S4B_Limonene_3,,GO:0007158,GO:0030424; GO:0030425,
3704,66-Iwata-CellDynOSNMT,FiguS4A-S4B_Limonene_4,,GO:0007158,GO:0030424; GO:0030425,
3705,66-Iwata-CellDynOSNMT,FiguS4A-S4B_Limonene_5,,GO:0007158,GO:0030424; GO:0030425,
3706,66-Iwata-CellDynOSNMT,FiguS4A-S4B_Limonene_6,,GO:0007158,GO:0030424; GO:0030425,
3707,66-Iwata-CellDynOSNMT,FiguS4A-S4B_Limonene_7,,GO:0007158,GO:0030424; GO:0030425,
3708,66-Iwata-CellDynOSNMT,FiguS4A-S4B_Limonene_8,,GO:0007158,GO:0030424; GO:0030425,
3709,66-Iwata-CellDynOSNMT,FiguS4A-S4B_Limonene_9,,GO:0007158,GO:0030424; GO:0030425,
3710,66-Iwata-CellDynOSNMT,FiguS4A-S4B_Methyl-benzoate_1,,GO:0007158,GO:0030424; GO:0030425,
3711,66-Iwata-CellDynOSNMT,FiguS4A-S4B_Methyl-benzoate_2,,GO:0007158,GO:0030424; GO:0030425,
3712,66-Iwata-CellDynOSNMT,FiguS4A-S4B_Methyl-benzoate_3,,GO:0007158,GO:0030424; GO:0030425,
3713,66-Iwata-CellDynOSNMT,FiguS4A-S4B_Methyl-benzoate_4,,GO:0007158,GO:0030424; GO:0030425,
3714,66-Iwata-CellDynOSNMT,FiguS4A-S4B_Methyl-benzoate_5,,GO:0007158,GO:0030424; GO:0030425,
3715,66-Iwata-CellDynOSNMT,FiguS4A-S4B_Methyl-benzoate_6,,GO:0007158,GO:0030424; GO:0030425,
3716,66-Iwata-CellDynOSNMT,FiguS4A-S4B_Methyl-benzoate_7,,GO:0007158,GO:0030424; GO:0030425,
3717,66-Iwata-CellDynOSNMT,FiguS4A-S4B_Methyl-benzoate_8,,GO:0007158,GO:0030424; GO:0030425,
3718,66-Iwata-CellDynOSNMT,FiguS4A-S4B_Methyl-benzoate_9,,GO:0007158,GO:0030424; GO:0030425,
3719,66-Iwata-CellDynOSNMT,FiguS4A-S4B_Nonanone_1,,GO:0007158,GO:0030424; GO:0030425,
3720,66-Iwata-CellDynOSNMT,FiguS4A-S4B_Nonanone_2,,GO:0007158,GO:0030424; GO:0030425,
3721,66-Iwata-CellDynOSNMT,FiguS4A-S4B_Nonanone_3,,GO:0007158,GO:0030424; GO:0030425,
3722,66-Iwata-CellDynOSNMT,FiguS4A-S4B_Nonanone_4,,GO:0007158,GO:0030424; GO:0030425,
3723,66-Iwata-CellDynOSNMT,FiguS4A-S4B_Nonanone_5,,GO:0007158,GO:0030424; GO:0030425,
3724,66-Iwata-CellDynOSNMT,FiguS4A-S4B_Nonanone_6,,GO:0007158,GO:0030424; GO:0030425,
3725,66-Iwata-CellDynOSNMT,FiguS4A-S4B_Nonanone_7,,GO:0007158,GO:0030424; GO:0030425,
3726,66-Iwata-CellDynOSNMT,FiguS4A-S4B_Nonanone_8,,GO:0007158,GO:0030424; GO:0030425,
3727,66-Iwata-CellDynOSNMT,FiguS4A-S4B_Nonanone_9,,GO:0007158,GO:0030424; GO:0030425,
3728,66-Iwata-CellDynOSNMT,FiguS4A-S4B_Octylamine_1,,GO:0007158,GO:0030424; GO:0030425,
3729,66-Iwata-CellDynOSNMT,FiguS4A-S4B_Octylamine_2,,GO:0007158,GO:0030424; GO:0030425,
3730,66-Iwata-CellDynOSNMT,FiguS4A-S4B_Octylamine_3,,GO:0007158,GO:0030424; GO:0030425,
3731,66-Iwata-CellDynOSNMT,FiguS4A-S4B_Octylamine_4,,GO:0007158,GO:0030424; GO:0030425,
3732,66-Iwata-CellDynOSNMT,FiguS4A-S4B_Octylamine_5,,GO:0007158,GO:0030424; GO:0030425,
3733,66-Iwata-CellDynOSNMT,FiguS4A-S4B_Octylamine_6,,GO:0007158,GO:0030424; GO:0030425,
3734,66-Iwata-CellDynOSNMT,FiguS4A-S4B_Octylamine_7,,GO:0007158,GO:0030424; GO:0030425,
3735,66-Iwata-CellDynOSNMT,FiguS4A-S4B_Octylamine_8,,GO:0007158,GO:0030424; GO:0030425,
3736,66-Iwata-CellDynOSNMT,FiguS4A-S4B_Octylamine_9,,GO:0007158,GO:0030424; GO:0030425,
3737,66-Iwata-CellDynOSNMT,FiguS4A-S4B_Para-anisaldehyde_1,,GO:0007158,GO:0030424; GO:0030425,
3738,66-Iwata-CellDynOSNMT,FiguS4A-S4B_Para-anisaldehyde_2,,GO:0007158,GO:0030424; GO:0030425,
3739,66-Iwata-CellDynOSNMT,FiguS4A-S4B_Para-anisaldehyde_3,,GO:0007158,GO:0030424; GO:0030425,
3740,66-Iwata-CellDynOSNMT,FiguS4A-S4B_Para-anisaldehyde_4,,GO:0007158,GO:0030424; GO:0030425,
3741,66-Iwata-CellDynOSNMT,FiguS4A-S4B_Para-anisaldehyde_5,,GO:0007158,GO:0030424; GO:0030425,
3742,66-Iwata-CellDynOSNMT,FiguS4A-S4B_Para-anisaldehyde_6,,GO:0007158,GO:0030424; GO:0030425,
3743,66-Iwata-CellDynOSNMT,FiguS4A-S4B_Para-anisaldehyde_7,,GO:0007158,GO:0030424; GO:0030425,
3744,66-Iwata-CellDynOSNMT,FiguS4A-S4B_Para-anisaldehyde_8,,GO:0007158,GO:0030424; GO:0030425,
3745,66-Iwata-CellDynOSNMT,FiguS4A-S4B_Para-anisaldehyde_9,,GO:0007158,GO:0030424; GO:0030425,
3746,66-Iwata-CellDynOSNMT,FiguS4A-S4B_Phenethylamine_1,,GO:0007158,GO:0030424; GO:0030425,
3747,66-Iwata-CellDynOSNMT,FiguS4A-S4B_Phenethylamine_2,,GO:0007158,GO:0030424; GO:0030425,
3748,66-Iwata-CellDynOSNMT,FiguS4A-S4B_Phenethylamine_3,,GO:0007158,GO:0030424; GO:0030425,
3749,66-Iwata-CellDynOSNMT,FiguS4A-S4B_Phenethylamine_4,,GO:0007158,GO:0030424; GO:0030425,
3750,66-Iwata-CellDynOSNMT,FiguS4A-S4B_Phenethylamine_5,,GO:0007158,GO:0030424; GO:0030425,
3751,66-Iwata-CellDynOSNMT,FiguS4A-S4B_Phenethylamine_6,,GO:0007158,GO:0030424; GO:0030425,
3752,66-Iwata-CellDynOSNMT,FiguS4A-S4B_Phenethylamine_7,,GO:0007158,GO:0030424; GO:0030425,
3753,66-Iwata-CellDynOSNMT,FiguS4A-S4B_Phenethylamine_8,,GO:0007158,GO:0030424; GO:0030425,
3754,66-Iwata-CellDynOSNMT,FiguS4A-S4B_Phenethylamine_9,,GO:0007158,GO:0030424; GO:0030425,
3755,66-Iwata-CellDynOSNMT,FiguS4A-S4B_Propionaldehyde_1,,GO:0007158,GO:0030424; GO:0030425,
3756,66-Iwata-CellDynOSNMT,FiguS4A-S4B_Propionaldehyde_2,,GO:0007158,GO:0030424; GO:0030425,
3757,66-Iwata-CellDynOSNMT,FiguS4A-S4B_Propionaldehyde_3,,GO:0007158,GO:0030424; GO:0030425,
3758,66-Iwata-CellDynOSNMT,FiguS4A-S4B_Propionaldehyde_4,,GO:0007158,GO:0030424; GO:0030425,
3759,66-Iwata-CellDynOSNMT,FiguS4A-S4B_Propionaldehyde_5,,GO:0007158,GO:0030424; GO:0030425,
3760,66-Iwata-CellDynOSNMT,FiguS4A-S4B_Propionaldehyde_6,,GO:0007158,GO:0030424; GO:0030425,
3761,66-Iwata-CellDynOSNMT,FiguS4A-S4B_Propionaldehyde_7,,GO:0007158,GO:0030424; GO:0030425,
3762,66-Iwata-CellDynOSNMT,FiguS4A-S4B_Propionaldehyde_8,,GO:0007158,GO:0030424; GO:0030425,
3763,66-Iwata-CellDynOSNMT,FiguS4A-S4B_Propionaldehyde_9,,GO:0007158,GO:0030424; GO:0030425,
3764,66-Iwata-CellDynOSNMT,FiguS4A-S4B_Triethylamine_1,,GO:0007158,GO:0030424; GO:0030425,
3765,66-Iwata-CellDynOSNMT,FiguS4A-S4B_Triethylamine_2,,GO:0007158,GO:0030424; GO:0030425,
3766,66-Iwata-CellDynOSNMT,FiguS4A-S4B_Triethylamine_3,,GO:0007158,GO:0030424; GO:0030425,
3767,66-Iwata-CellDynOSNMT,FiguS4A-S4B_Triethylamine_4,,GO:0007158,GO:0030424; GO:0030425,
3768,66-Iwata-CellDynOSNMT,FiguS4A-S4B_Triethylamine_5,,GO:0007158,GO:0030424; GO:0030425,
3769,66-Iwata-CellDynOSNMT,FiguS4A-S4B_Triethylamine_6,,GO:0007158,GO:0030424; GO:0030425,
3770,66-Iwata-CellDynOSNMT,FiguS4A-S4B_Triethylamine_7,,GO:0007158,GO:0030424; GO:0030425,
3771,66-Iwata-CellDynOSNMT,FiguS4A-S4B_Triethylamine_8,,GO:0007158,GO:0030424; GO:0030425,
3772,66-Iwata-CellDynOSNMT,FiguS4A-S4B_Triethylamine_9,,GO:0007158,GO:0030424; GO:0030425,
3773,66-Iwata-CellDynOSNMT,FiguS4A-S4B_Valeraldehyde_1,,GO:0007158,GO:0030424; GO:0030425,
3774,66-Iwata-CellDynOSNMT,FiguS4A-S4B_Valeraldehyde_2,,GO:0007158,GO:0030424; GO:0030425,
3775,66-Iwata-CellDynOSNMT,FiguS4A-S4B_Valeraldehyde_3,,GO:0007158,GO:0030424; GO:0030425,
3776,66-Iwata-CellDynOSNMT,FiguS4A-S4B_Valeraldehyde_4,,GO:0007158,GO:0030424; GO:0030425,
3777,66-Iwata-CellDynOSNMT,FiguS4A-S4B_Valeraldehyde_5,,GO:0007158,GO:0030424; GO:0030425,
3778,66-Iwata-CellDynOSNMT,FiguS4A-S4B_Valeraldehyde_6,,GO:0007158,GO:0030424; GO:0030425,
3779,66-Iwata-CellDynOSNMT,FiguS4A-S4B_Valeraldehyde_7,,GO:0007158,GO:0030424; GO:0030425,
3780,66-Iwata-CellDynOSNMT,FiguS4A-S4B_Valeraldehyde_8,,GO:0007158,GO:0030424; GO:0030425,
3781,66-Iwata-CellDynOSNMT,FiguS4A-S4B_Valeraldehyde_9,,GO:0007158,GO:0030424; GO:0030425,
3782,68-Sakaguchi-NeuronFluo,fig2A_p21_high,,GO:0042048; GO:0048667,GO:00030425,
3783,68-Sakaguchi-NeuronFluo,fig2A_p21_low,,GO:0042048; GO:0048667,GO:00030425,
3784,68-Sakaguchi-NeuronFluo,fig2B_p21_tetbow,,GO:0042048; GO:0048667,GO:00030425,
3785,68-Sakaguchi-NeuronFluo,fig2C_p21_high1,,GO:0042048; GO:0048667,GO:00030425,
3786,68-Sakaguchi-NeuronFluo,fig2C_p21_high2,,GO:0042048; GO:0048667,GO:00030425,
3787,68-Sakaguchi-NeuronFluo,fig2C_p21_low1,,GO:0042048; GO:0048667,GO:00030425,
3788,68-Sakaguchi-NeuronFluo,fig2C_p21_low2,,GO:0042048; GO:0048667,GO:00030425,
3789,68-Sakaguchi-NeuronFluo,fig2D_p21_tetbow1,,GO:0042048; GO:0048667,GO:00030425,
3790,68-Sakaguchi-NeuronFluo,fig2D_p21_tetbow2,,GO:0042048; GO:0048667,GO:00030425,
3791,68-Sakaguchi-NeuronFluo,fig2s2_p8_brainbow_left,,GO:0042048; GO:0048667,GO:00030425,
3792,68-Sakaguchi-NeuronFluo,fig2s2_p8_brainbow_right,,GO:0042048; GO:0048667,GO:00030425,
3793,68-Sakaguchi-NeuronFluo,fig2s2_p8_tetbow_left,,GO:0042048; GO:0048667,GO:00030425,
3794,68-Sakaguchi-NeuronFluo,fig2s2_p8_tetbow_right,,GO:0042048; GO:0048667,GO:00030425,
3795,68-Sakaguchi-NeuronFluo,fig3A_p21_tetbow01,,GO:0042048; GO:0048667,GO:00030425,
3796,68-Sakaguchi-NeuronFluo,fig3A_p21_tetbow05,,GO:0042048; GO:0048667,GO:00030425,
3797,68-Sakaguchi-NeuronFluo,fig3A_p21_tetbow005,,GO:0042048; GO:0048667,GO:00030425,
3798,68-Sakaguchi-NeuronFluo,fig3A_p21_tetbow025,,GO:0042048; GO:0048667,GO:00030425,
3799,68-Sakaguchi-NeuronFluo,fig3B_p21_tetbow01_3,,GO:0042048; GO:0048667,GO:00030425,
3800,68-Sakaguchi-NeuronFluo,fig3B_p21_tetbow01_2,,GO:0042048; GO:0048667,GO:00030425,
3801,68-Sakaguchi-NeuronFluo,fig3B_p21_tetbow05_1,,GO:0042048; GO:0048667,GO:00030425,
3802,68-Sakaguchi-NeuronFluo,fig3B_p21_tetbow005_1,,GO:0042048; GO:0048667,GO:00030425,
3803,68-Sakaguchi-NeuronFluo,fig3B_p21_tetbow05_3,,GO:0042048; GO:0048667,GO:00030425,
3804,68-Sakaguchi-NeuronFluo,fig3B_p21_tetbow005_3,,GO:0042048; GO:0048667,GO:00030425,
3805,68-Sakaguchi-NeuronFluo,fig3B_p21_tetbow05_4,,GO:0042048; GO:0048667,GO:00030425,
3806,68-Sakaguchi-NeuronFluo,fig3B_p21_tetbow025_2,,GO:0042048; GO:0048667,GO:00030425,
3807,68-Sakaguchi-NeuronFluo,fig3B_p21_tetbow025_3,,GO:0042048; GO:0048667,GO:00030425,
3808,68-Sakaguchi-NeuronFluo,fig3D_p21_tTA01,,GO:0042048; GO:0048667,GO:00030425,
3809,68-Sakaguchi-NeuronFluo,fig3D_p21_tTA01_2,,GO:0042048; GO:0048667,GO:00030425,
3810,68-Sakaguchi-NeuronFluo,fig3D_p21_tTA01_3,,GO:0042048; GO:0048667,GO:00030425,
3811,68-Sakaguchi-NeuronFluo,fig3D_p21_tTA05,,GO:0042048; GO:0048667,GO:00030425,
3812,68-Sakaguchi-NeuronFluo,fig3D_p21_tTA05_2,,GO:0042048; GO:0048667,GO:00030425,
3813,68-Sakaguchi-NeuronFluo,fig3D_p21_tTA05_3,,GO:0042048; GO:0048667,GO:00030425,
3814,68-Sakaguchi-NeuronFluo,fig3D_p21_tTA025,,GO:0042048; GO:0048667,GO:00030425,
3815,68-Sakaguchi-NeuronFluo,fig3D_p21_tTA025_2,,GO:0042048; GO:0048667,GO:00030425,
3816,68-Sakaguchi-NeuronFluo,fig3D_p21_tTA025_3,,GO:0042048; GO:0048667,GO:00030425,
3817,68-Sakaguchi-NeuronFluo,fig3s1,,GO:0042048; GO:0048667,GO:00030425,
3818,68-Sakaguchi-NeuronFluo,fig4A_p70_tetbow_high,,GO:0042048; GO:0048667,GO:00030425,
3819,68-Sakaguchi-NeuronFluo,fig4A_p70_tetbow_low,,GO:0042048; GO:0048667,GO:00030425,
3820,68-Sakaguchi-NeuronFluo,fig4B_p70_tetbow1,,GO:0042048; GO:0048667,GO:00030425,
3821,68-Sakaguchi-NeuronFluo,fig4C_p70_tetbow2,,GO:0042048; GO:0048667,GO:00030425,
3822,68-Sakaguchi-NeuronFluo,fig4s1_deep,,GO:0042048; GO:0048667,GO:00030425,
3823,68-Sakaguchi-NeuronFluo,fig4s1_shallow,,GO:0042048; GO:0048667,GO:00030425,
3824,68-Sakaguchi-NeuronFluo,fig5_tetbow_OB,,GO:0042048; GO:0048667,GO:00030425,
3825,68-Sakaguchi-NeuronFluo,fig6_chemical_BABB,,GO:0042048; GO:0048667,GO:00030425,
3826,68-Sakaguchi-NeuronFluo,fig6_chemical_BABB2,,GO:0042048; GO:0048667,GO:00030425,
3827,68-Sakaguchi-NeuronFluo,fig6_chemical_DISCO,,GO:0042048; GO:0048667,GO:00030425,
3828,68-Sakaguchi-NeuronFluo,fig6_chemical_SeeDB2G,,GO:0042048; GO:0048667,GO:00030425,
3829,68-Sakaguchi-NeuronFluo,fig6s2_chemical_SeeDB2G,,GO:0042048; GO:0048667,GO:00030425,
3830,68-Sakaguchi-NeuronFluo,fig7A_tetbow_high,,GO:0042048; GO:0048667,GO:00030425,
3831,68-Sakaguchi-NeuronFluo,fig7A_tetbow_low,,GO:0042048; GO:0048667,GO:00030425,
3832,68-Sakaguchi-NeuronFluo,fig7B_XFP-1-10-10_1,,GO:0042048; GO:0048667,GO:00030425,
3833,68-Sakaguchi-NeuronFluo,fig7B_XFP-1-10-10_2,,GO:0042048; GO:0048667,GO:00030425,
3834,68-Sakaguchi-NeuronFluo,fig7B_XFP-1-10-11_1,,GO:0042048; GO:0048667,GO:00030425,
3835,68-Sakaguchi-NeuronFluo,fig7B_XFP-1-10-10_2-2,,GO:0042048; GO:0048667,GO:00030425,
3836,68-Sakaguchi-NeuronFluo,fig7B_XFP-1-10-11_2,,GO:0042048; GO:0048667,GO:00030425,
3837,68-Sakaguchi-NeuronFluo,fig7B_XFP-3-10-10_1,,GO:0042048; GO:0048667,GO:00030425,
3838,68-Sakaguchi-NeuronFluo,fig7B_XFP-3-10-10_2,,GO:0042048; GO:0048667,GO:00030425,
3839,68-Sakaguchi-NeuronFluo,fig7B_XFP-3-10-10_3,,GO:0042048; GO:0048667,GO:00030425,
3840,68-Sakaguchi-NeuronFluo,fig7s2_CA1_neuron_left,,GO:0042048; GO:0048667,GO:00030425,
3841,68-Sakaguchi-NeuronFluo,fig7s2_CA1_neuron_right,,GO:0042048; GO:0048667,GO:00030425,
3842,68-Sakaguchi-NeuronFluo,fig7s2_olfactory_left,,GO:0042048; GO:0048667,GO:00030425,
3843,68-Sakaguchi-NeuronFluo,fig7s2_olfactory_right,,GO:0042048; GO:0048667,GO:00030425,
3844,68-Sakaguchi-NeuronFluo,fig8B_tTA_OB,,GO:0042048; GO:0048667,GO:00030425,
3845,68-Sakaguchi-NeuronFluo,fig8CD_tTA_cortex,,GO:0042048; GO:0048667,GO:00030425,
3846,68-Sakaguchi-NeuronFluo,fig8s1A_tTA_bottom,,GO:0042048; GO:0048667,GO:00030425,
3847,68-Sakaguchi-NeuronFluo,fig8s1B_tTA_top,,GO:0042048; GO:0048667,GO:00030425,
3848,68-Sakaguchi-NeuronFluo,fig8s1BC_tTA_middlebottom,,GO:0042048; GO:0048667,GO:00030425,
3849,73-Fujii-NeuronalMolDynCa2,0seed.0,,,GO:0044309,
3850,73-Fujii-NeuronalMolDynCa2,0seed.15,,,GO:0044309,
3851,73-Fujii-NeuronalMolDynCa2,0seed.18,,,GO:0044309,
3852,73-Fujii-NeuronalMolDynCa2,0seed.19,,,GO:0044309,
3853,73-Fujii-NeuronalMolDynCa2,0seed.1,,,GO:0044309,
3854,73-Fujii-NeuronalMolDynCa2,0seed.21,,,GO:0044309,
3855,73-Fujii-NeuronalMolDynCa2,0seed.22,,,GO:0044309,
3856,73-Fujii-NeuronalMolDynCa2,0seed.24,,,GO:0044309,
3857,73-Fujii-NeuronalMolDynCa2,0seed.27,,,GO:0044309,
3858,73-Fujii-NeuronalMolDynCa2,0seed.28,,,GO:0044309,
3859,73-Fujii-NeuronalMolDynCa2,0seed.34,,,GO:0044309,
3860,73-Fujii-NeuronalMolDynCa2,0seed.36,,,GO:0044309,
3861,73-Fujii-NeuronalMolDynCa2,0seed.37,,,GO:0044309,
3862,73-Fujii-NeuronalMolDynCa2,0seed.38,,,GO:0044309,
3863,73-Fujii-NeuronalMolDynCa2,0seed.39,,,GO:0044309,
3864,73-Fujii-NeuronalMolDynCa2,0seed.42,,,GO:0044309,
3865,73-Fujii-NeuronalMolDynCa2,0seed.43,,,GO:0044309,
3866,73-Fujii-NeuronalMolDynCa2,0seed.44,,,GO:0044309,
3867,73-Fujii-NeuronalMolDynCa2,0seed.45,,,GO:0044309,
3868,73-Fujii-NeuronalMolDynCa2,0seed.4,,,GO:0044309,
3869,73-Fujii-NeuronalMolDynCa2,1seed.10,,,GO:0044309,
3870,73-Fujii-NeuronalMolDynCa2,1seed.11,,,GO:0044309,
3871,73-Fujii-NeuronalMolDynCa2,1seed.12,,,GO:0044309,
3872,73-Fujii-NeuronalMolDynCa2,1seed.13,,,GO:0044309,
3873,73-Fujii-NeuronalMolDynCa2,1seed.14,,,GO:0044309,
3874,73-Fujii-NeuronalMolDynCa2,1seed.16,,,GO:0044309,
3875,73-Fujii-NeuronalMolDynCa2,1seed.17,,,GO:0044309,
3876,73-Fujii-NeuronalMolDynCa2,1seed.20,,,GO:0044309,
3877,73-Fujii-NeuronalMolDynCa2,1seed.23,,,GO:0044309,
3878,73-Fujii-NeuronalMolDynCa2,1seed.25,,,GO:0044309,
3879,73-Fujii-NeuronalMolDynCa2,1seed.26,,,GO:0044309,
3880,73-Fujii-NeuronalMolDynCa2,1seed.29,,,GO:0044309,
3881,73-Fujii-NeuronalMolDynCa2,1seed.2,,,GO:0044309,
3882,73-Fujii-NeuronalMolDynCa2,1seed.30,,,GO:0044309,
3883,73-Fujii-NeuronalMolDynCa2,1seed.31,,,GO:0044309,
3884,73-Fujii-NeuronalMolDynCa2,1seed.32,,,GO:0044309,
3885,73-Fujii-NeuronalMolDynCa2,1seed.33,,,GO:0044309,
3886,73-Fujii-NeuronalMolDynCa2,1seed.35,,,GO:0044309,
3887,73-Fujii-NeuronalMolDynCa2,1seed.3,,,GO:0044309,
3888,73-Fujii-NeuronalMolDynCa2,1seed.40,,,GO:0044309,
3889,73-Fujii-NeuronalMolDynCa2,1seed.41,,,GO:0044309,
3890,73-Fujii-NeuronalMolDynCa2,1seed.46,,,GO:0044309,
3891,73-Fujii-NeuronalMolDynCa2,1seed.47,,,GO:0044309,
3892,73-Fujii-NeuronalMolDynCa2,1seed.48,,,GO:0044309,
3893,73-Fujii-NeuronalMolDynCa2,1seed.49,,,GO:0044309,
3894,73-Fujii-NeuronalMolDynCa2,1seed.5,,,GO:0044309,
3895,73-Fujii-NeuronalMolDynCa2,1seed.6,,,GO:0044309,
3896,73-Fujii-NeuronalMolDynCa2,1seed.7,,,GO:0044309,
3897,73-Fujii-NeuronalMolDynCa2,1seed.8,,,GO:0044309,
3898,73-Fujii-NeuronalMolDynCa2,1seed.9,,,GO:0044309,
3899,73-Fujii-NeuronalMolDynCa2,seed.0,,,GO:0044309,
3900,73-Fujii-NeuronalMolDynCa2,seed.1,,,GO:0044309,
3901,73-Fujii-NeuronalMolDynCa2,seed.2,,,GO:0044309,
3902,73-Fujii-NeuronalMolDynCa2,seed.3,,,GO:0044309,
3903,73-Fujii-NeuronalMolDynCa2,seed.4,,,GO:0044309,
3904,73-Fujii-NeuronalMolDynCa2,seed.5,,,GO:0044309,
3905,73-Fujii-NeuronalMolDynCa2,seed.6,,,GO:0044309,
3906,73-Fujii-NeuronalMolDynCa2,seed.7,,,GO:0044309,
3907,73-Fujii-NeuronalMolDynCa2,seed.8,,,GO:0044309,
3908,73-Fujii-NeuronalMolDynCa2,seed.9,,,GO:0044309,
3909,73-Fujii-NeuronalMolDynCa2,seed.10,,,GO:0044309,
3910,73-Fujii-NeuronalMolDynCa2,seed.11,,,GO:0044309,
3911,73-Fujii-NeuronalMolDynCa2,seed.12,,,GO:0044309,
3912,73-Fujii-NeuronalMolDynCa2,seed.13,,,GO:0044309,
3913,73-Fujii-NeuronalMolDynCa2,seed.14,,,GO:0044309,
3914,73-Fujii-NeuronalMolDynCa2,seed.15,,,GO:0044309,
3915,73-Fujii-NeuronalMolDynCa2,seed.16,,,GO:0044309,
3916,73-Fujii-NeuronalMolDynCa2,seed.17,,,GO:0044309,
3917,73-Fujii-NeuronalMolDynCa2,seed.18,,,GO:0044309,
3918,73-Fujii-NeuronalMolDynCa2,seed.19,,,GO:0044309,
3919,73-Fujii-NeuronalMolDynCa2,seed.20,,,GO:0044309,
3920,73-Fujii-NeuronalMolDynCa2,seed.21,,,GO:0044309,
3921,73-Fujii-NeuronalMolDynCa2,seed.22,,,GO:0044309,
3922,73-Fujii-NeuronalMolDynCa2,seed.23,,,GO:0044309,
3923,73-Fujii-NeuronalMolDynCa2,seed.24,,,GO:0044309,
3924,73-Fujii-NeuronalMolDynCa2,seed.25,,,GO:0044309,
3925,73-Fujii-NeuronalMolDynCa2,seed.26,,,GO:0044309,
3926,73-Fujii-NeuronalMolDynCa2,seed.27,,,GO:0044309,
3927,73-Fujii-NeuronalMolDynCa2,seed.28,,,GO:0044309,
3928,73-Fujii-NeuronalMolDynCa2,seed.29,,,GO:0044309,
3929,73-Fujii-NeuronalMolDynCa2,seed.30,,,GO:0044309,
3930,73-Fujii-NeuronalMolDynCa2,seed.31,,,GO:0044309,
3931,73-Fujii-NeuronalMolDynCa2,seed.32,,,GO:0044309,
3932,73-Fujii-NeuronalMolDynCa2,seed.33,,,GO:0044309,
3933,73-Fujii-NeuronalMolDynCa2,seed.34,,,GO:0044309,
3934,73-Fujii-NeuronalMolDynCa2,seed.35,,,GO:0044309,
3935,73-Fujii-NeuronalMolDynCa2,seed.36,,,GO:0044309,
3936,73-Fujii-NeuronalMolDynCa2,seed.37,,,GO:0044309,
3937,73-Fujii-NeuronalMolDynCa2,seed.38,,,GO:0044309,
3938,73-Fujii-NeuronalMolDynCa2,seed.39,,,GO:0044309,
3939,73-Fujii-NeuronalMolDynCa2,seed.40,,,GO:0044309,
3940,73-Fujii-NeuronalMolDynCa2,seed.41,,,GO:0044309,
3941,73-Fujii-NeuronalMolDynCa2,seed.42,,,GO:0044309,
3942,73-Fujii-NeuronalMolDynCa2,seed.43,,,GO:0044309,
3943,73-Fujii-NeuronalMolDynCa2,seed.44,,,GO:0044309,
3944,73-Fujii-NeuronalMolDynCa2,seed.45,,,GO:0044309,
3945,73-Fujii-NeuronalMolDynCa2,seed.46,,,GO:0044309,
3946,73-Fujii-NeuronalMolDynCa2,seed.47,,,GO:0044309,
3947,73-Fujii-NeuronalMolDynCa2,seed.48,,,GO:0044309,
3948,73-Fujii-NeuronalMolDynCa2,seed.49,,,GO:0044309,
3949,74-Bansod-NSCellHes5,Fig1F_E13.5Tg_Tuj1+Pax6_edit,,GO:0022008; GO:0042063,,
3950,74-Bansod-NSCellHes5,Fig1F_E13.5WT_Tuj1+Pax6_edit,,GO:0022008; GO:0042063,,
3951,74-Bansod-NSCellHes5,Fig1F_E15.5Tg_Tuj1+Pax6,,GO:0022008; GO:0042063,,
3952,74-Bansod-NSCellHes5,Fig1F_E15.5Tg_Tuj1+Pax6_cation,,GO:0022008; GO:0042063,,
3953,74-Bansod-NSCellHes5,Fig1F_E15.5WT_Tuj1+Pax6,,GO:0022008; GO:0042063,,
3954,74-Bansod-NSCellHes5,Fig1F_E15.5WT_Tuj1+Pax6_cation,,GO:0022008; GO:0042063,,
3955,74-Bansod-NSCellHes5,Fig1F_E17.5Tg_Tuj1+Pax6,,GO:0022008; GO:0042063,,
3956,74-Bansod-NSCellHes5,Fig1F_E17.5WT_Tuj1+Pax6,,GO:0022008; GO:0042063,,
3957,74-Bansod-NSCellHes5,Fig1F_P0_Tg_Tuj1+Pax6,,GO:0022008; GO:0042063,,
3958,74-Bansod-NSCellHes5,Fig1F_P0_WT_Tuj1+Pax6_edit,,GO:0022008; GO:0042063,,
3959,74-Bansod-NSCellHes5,Fig1G_E13.5Tg_Tbr2+DAPI,,GO:0022008; GO:0042063,,
3960,74-Bansod-NSCellHes5,Fig1G_E13.5WT_Tbr2+DAPI,,GO:0022008; GO:0042063,,
3961,74-Bansod-NSCellHes5,Fig1G_E15.5Tg_Tbr2+DAPI,,GO:0022008; GO:0042063,,
3962,74-Bansod-NSCellHes5,Fig1G_E15.5Tg_Tbr2+DAPI_highmagnification,,GO:0022008; GO:0042063,,
3963,74-Bansod-NSCellHes5,Fig1G_P0Tg_Tbr2+DAPI,,GO:0022008; GO:0042063,,
3964,74-Bansod-NSCellHes5,Fig1G_E15.5WT_Tbr2+DAPI,,GO:0022008; GO:0042063,,
3965,74-Bansod-NSCellHes5,Fig1G_E15.5WT_Tbr2+DAPI_highmagnification,,GO:0022008; GO:0042063,,
3966,74-Bansod-NSCellHes5,Fig1G_E17.5Tg_Tbr2+DAPI,,GO:0022008; GO:0042063,,
3967,74-Bansod-NSCellHes5,Fig1G_E17.5WT_Tbr2+DAPI,,GO:0022008; GO:0042063,,
3968,74-Bansod-NSCellHes5,Fig1G_P0WT_Tbr2+DAPI,,GO:0022008; GO:0042063,,
3969,74-Bansod-NSCellHes5,Fig1I_E15.5Tg_NeuN_highmagnification,,GO:0022008; GO:0042063,,
3970,74-Bansod-NSCellHes5,Fig1I_E15.5Tg_NeuN,,GO:0022008; GO:0042063,,
3971,74-Bansod-NSCellHes5,Fig1I_E15.5WT_NeuN_highmagnification,,GO:0022008; GO:0042063,,
3972,74-Bansod-NSCellHes5,Fig1I_E15.5WT_NeuN,,GO:0022008; GO:0042063,,
3973,74-Bansod-NSCellHes5,Fig1I_E13.5Tg_NeuN,,GO:0022008; GO:0042063,,
3974,74-Bansod-NSCellHes5,Fig1I_E17.5Tg_NeuN,,GO:0022008; GO:0042063,,
3975,74-Bansod-NSCellHes5,Fig1I_P0Tg_NeuN,,GO:0022008; GO:0042063,,
3976,74-Bansod-NSCellHes5,Fig1I_E13.5WT_NeuN,,GO:0022008; GO:0042063,,
3977,74-Bansod-NSCellHes5,Fig1I_E17.5WT_NeuN,,GO:0022008; GO:0042063,,
3978,74-Bansod-NSCellHes5,Fig1I_P0WT_NeuN,,GO:0022008; GO:0042063,,
3979,74-Bansod-NSCellHes5,Fig3A_Tg_EdUE12.5_EdU+Ctip2,,GO:0022008; GO:0042063,,
3980,74-Bansod-NSCellHes5,Fig 3A_Tg_EdUE12.5_EdU+Tbr1,,GO:0022008; GO:0042063,,
3981,74-Bansod-NSCellHes5,Fig3A_WT_EdUE12.5_EdU+Ctip2,,GO:0022008; GO:0042063,,
3982,74-Bansod-NSCellHes5,Fig3A_WT_EdUE12.5_EdU+Tbr1,,GO:0022008; GO:0042063,,
3983,74-Bansod-NSCellHes5,Fig3C_Tg_EdUE13.5_EdU+Ctip2,,GO:0022008; GO:0042063,,
3984,74-Bansod-NSCellHes5,Fig3C_Tg_EdUE13.5_EdU+Cux1,,GO:0022008; GO:0042063,,
3985,74-Bansod-NSCellHes5,Fig3C_WT_EdUE13.5_EdU+Ctip2,,GO:0022008; GO:0042063,,
3986,74-Bansod-NSCellHes5,Fig3C_WT_EdUE13.5_EdU+Cux1,,GO:0022008; GO:0042063,,
3987,74-Bansod-NSCellHes5,Fig3E_Tg_EdUE14.5_EdU+Ctip2,,GO:0022008; GO:0042063,,
3988,74-Bansod-NSCellHes5,Fig3E_Tg_EdUE14.5_EdU+Cux1,,GO:0022008; GO:0042063,,
3989,74-Bansod-NSCellHes5,Fig3E_WT_EdUE14.5_EdU+Ctip2,,GO:0022008; GO:0042063,,
3990,74-Bansod-NSCellHes5,Fig3E_WT_EdUE14.5_EdU+Cux1,,GO:0022008; GO:0042063,,
3991,74-Bansod-NSCellHes5,FigS1A_E13.5Tg_cleaved-caspase3+DAPI1,,GO:0022008; GO:0042063,,
3992,74-Bansod-NSCellHes5,FigS1A_E13.5Tg_cleaved-caspase3+DAPI2,,GO:0022008; GO:0042063,,
3993,74-Bansod-NSCellHes5,FigS1A_E13.5WT_cleaved-caspase3+DAPI1,,GO:0022008; GO:0042063,,
3994,74-Bansod-NSCellHes5,FigS1A_E13.5WT_cleaved-caspase3+DAPI2,,GO:0022008; GO:0042063,,
3995,74-Bansod-NSCellHes5,FigS1A_E15.5Tg_cleaved-caspase3+DAPI,,GO:0022008; GO:0042063,,
3996,74-Bansod-NSCellHes5,FigS1A_E15.5WT_cleaved-caspase3+DAPI,,GO:0022008; GO:0042063,,
3997,74-Bansod-NSCellHes5,FigS1A_E17.5Tg_cleaved-caspase3+DAPI,,GO:0022008; GO:0042063,,
3998,74-Bansod-NSCellHes5,FigS1A_E17.5WT_cleaved-caspase3+DAPI,,GO:0022008; GO:0042063,,
3999,74-Bansod-NSCellHes5,FigS2A_EduE14_12h_Tg_EdU+Pax6,,GO:0022008; GO:0042063,,
4000,74-Bansod-NSCellHes5,FigS2A_EduE14_12h_WT_EdU+Pax6,,GO:0022008; GO:0042063,,
4001,74-Bansod-NSCellHes5,FigS2C_EduE14_12h_Tg_EdU+Tbr2,,GO:0022008; GO:0042063,,
4002,74-Bansod-NSCellHes5,FigS2C_EduE14_12h_WT_EdU+Tbr2,,GO:0022008; GO:0042063,,
4003,74-Bansod-NSCellHes5,FigS2E_EduE14_12h_Tg_EdU+Tuj1,,GO:0022008; GO:0042063,,
4004,74-Bansod-NSCellHes5,FigS2E_EduE14_12h_WT_EdU+Tuj1,,GO:0022008; GO:0042063,,
4005,74-Bansod-NSCellHes5,FigS2G_EdUE14_12h_Tg_EdU+Ki67,,GO:0022008; GO:0042063,,
4006,74-Bansod-NSCellHes5,FigS2G_EdUE14_12h_WT_EdU+Ki67,,GO:0022008; GO:0042063,,
4007,74-Bansod-NSCellHes5,FigS3A_EdU10.5_Tg_EdU+Tbr1,,GO:0022008; GO:0042063,,
4008,74-Bansod-NSCellHes5,FigS3A_EdU10.5_WT_EdU+Tbr1,,GO:0022008; GO:0042063,,
4009,74-Bansod-NSCellHes5,FigS3C_EdU11.5_Tg_EdU+Tbr1,,GO:0022008; GO:0042063,,
4010,74-Bansod-NSCellHes5,FigS3C_EdU11.5_WT_EdU+Tbr1,,GO:0022008; GO:0042063,,
4011,74-Bansod-NSCellHes5,FigS3E_EdUE11.5_Tg_Ctip2+EdU,,GO:0022008; GO:0042063,,
4012,74-Bansod-NSCellHes5,FigS3E_EdUE11.5_WT_Ctip2+EdU,,GO:0022008; GO:0042063,,
4013,75-Minegishi-NodeCell,Fig1B_WT,,GO:0030010,GO:0036064,
4014,75-Minegishi-NodeCell,Fig1B_Sfrp_mutant,,GO:0030010,GO:0036064,
4015,75-Minegishi-NodeCell,Fig1B_Wnt5a+5b_mutant1,,GO:0030010,GO:0036064,
4016,75-Minegishi-NodeCell,Fig1B_Wnt5a+5b_mutant2,,GO:0030010,GO:0036064,
4017,76-Tanaka-MuscleDyn,Fig.4B.XLS,,,,
4018,76-Tanaka-MuscleDyn,Fig.4C.XLS,,,,
4019,77-Aoki-CellDynERK,Figure1B/100xFRET_CFP_Ratio.tif,,GO:0000186,,
4020,77-Aoki-CellDynERK,Figure1G/100xFRET_CFP_Ratio_image.tif,,GO:0000186,,
4021,77-Aoki-CellDynERK,Figure4A/BG-CFP.tif,,GO:0000186,,
4022,77-Aoki-CellDynERK,Figure4A_ERK/Copy of Ratio.tif,,GO:0000186,,
4023,77-Aoki-CellDynERK,Figure4A_merge/Copy of Merge.tif,,GO:0000186,,
4024,77-Aoki-CellDynERK,Figure4A_MLC/Copy of MLC.tif,,GO:0000186,,
4025,77-Aoki-CellDynERK,Figure5A/CellMigration.tif,,GO:0000186,,
4026,77-Aoki-CellDynERK,Figure6B_iRFP/iRFP.tif,,GO:0000186,,
4027,77-Aoki-CellDynERK,Figure6B_mCherry_ERK/mCherry-ERK.tif,,GO:0000186,,
4028,77-Aoki-CellDynERK,Figure6C_opticflow/OpticFlow.tif,,GO:0000186,,
4029,77-Aoki-CellDynERK,FigureS1A_ADAM10_inhibitor/psRatio.tif,,GO:0000186,,
4030,77-Aoki-CellDynERK,FigureS1A_DMSO/psRatio.tif,,GO:0000186,,
4031,77-Aoki-CellDynERK,FigureS4_Beads/Beads.tif,,GO:0000186,,
4032,77-Aoki-CellDynERK,FigureS4_Ratio/Ratio.tif,,GO:0000186,,
4033,77-Aoki-CellDynERK,Figure4A_ERK/Figure4.xlsx/Figure4B_ERK_time,,GO:0000186,,
4034,77-Aoki-CellDynERK,Figure4A_MLC/Figure4.xlsx/4C_MLCintensity_time,,GO:0000186,,
4035,78-Takagi-CellDyn,fig2A_1,,GO:0003406,,
4036,78-Takagi-CellDyn,fig2A_2,,GO:0003406,,
4037,78-Takagi-CellDyn,fig2A_3,,GO:0003406,,
4038,78-Takagi-CellDyn,fig2A_4,,GO:0003406,,
4039,78-Takagi-CellDyn,fig2B_1,,GO:0003406,,
4040,78-Takagi-CellDyn,fig2B_2,,GO:0003406,,
4041,78-Takagi-CellDyn,fig2B_3,,GO:0003406,,
4042,78-Takagi-CellDyn,fig2B_4,,GO:0003406,,
4043,79-Inomata-HeLaCell,FigS1A/FigS1A.tif,,GO:1902580,GO:0043229,
4044,79-Inomata-HeLaCell,FigS1B/FigS1B.tif,,GO:1902580,GO:0043229,
4045,79-Inomata-HeLaCell,FigS1C/FigS1C.tif,,GO:1902580,GO:0043229,
4046,79-Inomata-HeLaCell,FigS1D/FigS1D.tif,,GO:1902580,GO:0043229,
4047,79-Inomata-HeLaCell,FigS2A/FigS2A.tif,,GO:1902580,GO:0043229,
4048,79-Inomata-HeLaCell,FigS2B/FigS2B.tif,,GO:1902580,GO:0043229,
4049,79-Inomata-HeLaCell,FigS2C/FigS2C.tif,,GO:1902580,GO:0043229,
4050,79-Inomata-HeLaCell,FigS2D/FigS2D.tif,,GO:1902580,GO:0043229,
4051,81-Yasugi-DmeCellDyn,Fig4H_csTreh_E3rd/csTreh_E3rd.jpg,,GO:0006914,GO:0005634,
4052,81-Yasugi-DmeCellDyn,Fig4H_csTreh_E3rd_ST4hr/csTreh_E3rd_ST4hr.jpg,,GO:0006914,GO:0005634,
4053,81-Yasugi-DmeCellDyn,Fig4H_w_E3rd/w_E3rd.jpg,,GO:0006914,GO:0005634,
4054,81-Yasugi-DmeCellDyn,Fig4H_w_E3rd_ST4hr/w_E3rd_ST4hr.jpg,,GO:0006914,GO:0005634,
4055,82-Ikeda-GeneExp,ActbKO1_brightfield/150619_N31+CRISPR-Actb(1)_Mkl1(abcam)_40x_1.tif,,GO:0010467,GO:0005634,
4056,82-Ikeda-GeneExp,ActbKO1_DAPI/150619_N31+CRISPR-Actb(1)_Mkl1(abcam)_40x_1_DAPI.tif,,GO:0010467,GO:0005634,
4057,82-Ikeda-GeneExp,ActbKO1_MkI1/150619_N31+CRISPR-Actb(1)_Mkl1(abcam)_40x_1_Mkl1.tif,,GO:0010467,GO:0005634,
4058,82-Ikeda-GeneExp,ActbKO2_brightfield/150619_N31+CRISPR-Actb(2)_Mkl1(abcam)_40x_3.tif,,GO:0010467,GO:0005634,
4059,82-Ikeda-GeneExp,ActbKO2_DAPI/150619_N31+CRISPR-Actb(2)_Mkl1(abcam)_40x_3_DAPI.tif,,GO:0010467,GO:0005634,
4060,82-Ikeda-GeneExp,ActbKO2_MkI1/150619_N31+CRISPR-Actb(2)_Mkl1(abcam)_40x_3_Mkl1.tif,,GO:0010467,GO:0005634,
4061,82-Ikeda-GeneExp,control_brightfield/150619_N31_Mkl1(abcam)_40x_6.tif,,GO:0010467,GO:0005634,
4062,82-Ikeda-GeneExp,control_DAPI/150619_N31_Mkl1(abcam)_40x_6_DAPI.tif,,GO:0010467,GO:0005634,
4063,82-Ikeda-GeneExp,control_Mkl1/150619_N31_Mkl1(abcam)_40x_6_Mkl1.tif,,GO:0010467,GO:0005634,
4064,83-Fumoto-LungDevWnt,Fig1A_E14,,GO:0030324,GO:005856,
4065,83-Fumoto-LungDevWnt,Fig1A_E17,,GO:0030324,GO:005856,
4066,83-Fumoto-LungDevWnt,Fig1C_E14,,GO:0030324,GO:005856,
4067,83-Fumoto-LungDevWnt,Fig1C_E17,,GO:0030324,GO:005856,
4068,83-Fumoto-LungDevWnt,Fig1E-E14,,GO:0030324,GO:005856,
4069,83-Fumoto-LungDevWnt,Fig1E-E17,,GO:0030324,GO:005856,
4070,83-Fumoto-LungDevWnt,Fig3A_XAV-,,GO:0030324,GO:005856,
4071,83-Fumoto-LungDevWnt,Fig3A_XAV+,,GO:0030324,GO:005856,
4072,83-Fumoto-LungDevWnt,Fig3C_CHIR-,,GO:0030324,GO:005856,
4073,83-Fumoto-LungDevWnt,Fig3C_CHIR+,,GO:0030324,GO:005856,
4074,83-Fumoto-LungDevWnt,Fig3C_FGF,,GO:0030324,GO:005856,
4075,83-Fumoto-LungDevWnt,Fig6A_E14,,GO:0030324,GO:005856,
4076,83-Fumoto-LungDevWnt,Fig6A_E17,,GO:0030324,GO:005856,
4077,83-Fumoto-LungDevWnt,Fig7B_shLuc,,GO:0030324,GO:005856,
4078,83-Fumoto-LungDevWnt,Fig7B_shMARK1,,GO:0030324,GO:005856,
4079,83-Fumoto-LungDevWnt,FigS3A_CHIIR-,,GO:0030324,GO:005856,
4080,83-Fumoto-LungDevWnt,FigS3A_CHIIR1uM,,GO:0030324,GO:005856,
4081,83-Fumoto-LungDevWnt,FigS3A_CHIIR2.5uM,,GO:0030324,GO:005856,
4082,84-Ito-CellDyn,fig1e/Fig 1e & Movie 1.tif,,,GO:0043296,
4083,84-Ito-CellDyn,fig5e/Movie 3 & Fig 5e.tif,,,GO:0043296,
4084,84-Ito-CellDyn,fig6a_lower/Movie 5 & Fig 6a lower.tif,,,GO:0043296,
4085,84-Ito-CellDyn,fig6a_upper/Movie 4 & Fig6a upper.tif,,,GO:0043296,
4086,84-Ito-CellDyn,figS1c_left/Movie 2-left.tif,,,GO:0043296,
4087,84-Ito-CellDyn,figS1c_right/Movie 2-right & Fig S1c.tif,,,GO:0043296,
4088,84-Ito-CellDyn,figS2a/Fig S2a.tif,,,GO:0043296,
4089,85-Kosodo-NeuralballDyn,fig3B_kosodo-20090203Tbr2-EGFP,,GO:0022008,,
4090,85-Kosodo-NeuralballDyn,fig4A_cont5,,GO:0022008,,
4091,85-Kosodo-NeuralballDyn,fig4A_DAPT18,,GO:0022008,,
4092,86-Higashi-SynapseDyn,fig1E_BMP4_0min/0min BMP 2.tif,,GO:0007416; GO:0031594,GO:0106033,
4093,86-Higashi-SynapseDyn,fig1E_BMP4_0min_Hoe/0min BMP 2 Hoe.tif,,GO:0007416; GO:0031594,GO:0106033,
4094,86-Higashi-SynapseDyn,fig1E_BMP4_3hr/3hr BMP 4.tif,,GO:0007416; GO:0031594,GO:0106033,
4095,86-Higashi-SynapseDyn,fig1E_BMP4_3hr_Hoe/3hr BMP 4 Hoe.tif,,GO:0007416; GO:0031594,GO:0106033,
4096,86-Higashi-SynapseDyn,fig1E_BSA_0min/0min BSA 2.tif,,GO:0007416; GO:0031594,GO:0106033,
4097,86-Higashi-SynapseDyn,fig1E_BSA_0min_Hoe/0min BSA 2 Hoe.tif,,GO:0007416; GO:0031594,GO:0106033,
4098,86-Higashi-SynapseDyn,fig1E_BSA_3hr/3hr BSA 3 .tif,,GO:0007416; GO:0031594,GO:0106033,
4099,86-Higashi-SynapseDyn,fig1E_BSA_3hr_Hoe/3hr BSA 3 Hoe.tif,,GO:0007416; GO:0031594,GO:0106033,
4100,86-Higashi-SynapseDyn,fig2A_BMP4_NYP/DIV12 BMP4-EGFP NPY-mCHerry cell4-1.oib - Series 1.tif,,GO:0007416; GO:0031594,GO:0106033,
4101,86-Higashi-SynapseDyn,fig2D_PSD95/DIV14 BMP4-mCherry PSD95-EGFP 1min interval.tif,,GO:0007416; GO:0031594,GO:0106033,
4102,86-Higashi-SynapseDyn,fig2D_Synph/DIV14 BMp4-EGFP Syn-TagRFP-T 1min interval.tif,,GO:0007416; GO:0031594,GO:0106033,
4103,86-Higashi-SynapseDyn,fig6B_tagRFP/fig6B_DIV14Syn-tagRFp-T_Concatenated Stacks.tif,,GO:0007416; GO:0031594,GO:0106033,
4104,86-Higashi-SynapseDyn,fig7C_KO_day0/KO Day0 Live_2014-09-30_16-09-53 zm7.2 areaC 700v la28.tif,,GO:0007416; GO:0031594,GO:0106033,
4105,86-Higashi-SynapseDyn,fig7C_KO_day2/KO Day2 Live_2014-10-02_18-43-40 zm7.2 areaC 700v la28.tif,,GO:0007416; GO:0031594,GO:0106033,
4106,86-Higashi-SynapseDyn,fig7C_WT_day0/WT Day0Live_2014-09-29_17-48-21 zm7.2 areaN 700V la27.tif,,GO:0007416; GO:0031594,GO:0106033,
4107,86-Higashi-SynapseDyn,fig7C_WT_day2/WT Day2 Live_2014-10-01_14-54-31 zm7.2 areaN 700v la29.tif,,GO:0007416; GO:0031594,GO:0106033,
4108,87-CorneliaKoeverle-SpineDyn,fig1a_KI_apical,,GO:1905355,GO:0106033; GO:0044309,
4109,87-CorneliaKoeverle-SpineDyn,fig1a_KI_basal,,GO:1905355,GO:0106033; GO:0044309,
4110,87-CorneliaKoeverle-SpineDyn,fig1a_KI_oblique,,GO:1905355,GO:0106033; GO:0044309,
4111,87-CorneliaKoeverle-SpineDyn,fig1a_WT_apical,,GO:1905355,GO:0106033; GO:0044309,
4112,87-CorneliaKoeverle-SpineDyn,fig1a_WT_basal,,GO:1905355,GO:0106033; GO:0044309,
4113,87-CorneliaKoeverle-SpineDyn,fig1a_WT_oblique,,GO:1905355,GO:0106033; GO:0044309,
4114,87-CorneliaKoeverle-SpineDyn,fig2ab_KI_day1,,GO:1905355,GO:0106033; GO:0044309,
4115,87-CorneliaKoeverle-SpineDyn,fig2ab_KI_day2,,GO:1905355,GO:0106033; GO:0044309,
4116,87-CorneliaKoeverle-SpineDyn,fig2ab_WT_day1,,GO:1905355,GO:0106033; GO:0044309,
4117,87-CorneliaKoeverle-SpineDyn,fig2ab_WT_day2,,GO:1905355,GO:0106033; GO:0044309,
4118,87-CorneliaKoeverle-SpineDyn,fig3a_KN92_19DIV_1,,GO:1905355,GO:0106033; GO:0044309,
4119,87-CorneliaKoeverle-SpineDyn,fig3a_KN92_19DIV_2,,GO:1905355,GO:0106033; GO:0044309,
4120,87-CorneliaKoeverle-SpineDyn,fig3a_KN92_20DIV,,GO:1905355,GO:0106033; GO:0044309,
4121,87-CorneliaKoeverle-SpineDyn,fig3a_KN93_19DIV_1,,GO:1905355,GO:0106033; GO:0044309,
4122,87-CorneliaKoeverle-SpineDyn,fig3a_KN93_19DIV_2,,GO:1905355,GO:0106033; GO:0044309,
4123,87-CorneliaKoeverle-SpineDyn,fig3a_KN93_20DIV,,GO:1905355,GO:0106033; GO:0044309,
4124,87-CorneliaKoeverle-SpineDyn,fig3c_CaMKlla_14DIV_1,,GO:1905355,GO:0106033; GO:0044309,
4125,87-CorneliaKoeverle-SpineDyn,fig3c_CaMKlla_14DIV_2,,GO:1905355,GO:0106033; GO:0044309,
4126,87-CorneliaKoeverle-SpineDyn,fig3c_CaMKlla_16DIV,,GO:1905355,GO:0106033; GO:0044309,
4127,87-CorneliaKoeverle-SpineDyn,fig3c_K42R_14DIV_1,,GO:1905355,GO:0106033; GO:0044309,
4128,87-CorneliaKoeverle-SpineDyn,fig3c_K42R_14DIV_2,,GO:1905355,GO:0106033; GO:0044309,
4129,87-CorneliaKoeverle-SpineDyn,fig3c_K42R_16DIV,,GO:1905355,GO:0106033; GO:0044309,
4130,87-CorneliaKoeverle-SpineDyn,fig5a_control_1,,GO:1905355,GO:0106033; GO:0044309,
4131,87-CorneliaKoeverle-SpineDyn,fig5a_control_2,,GO:1905355,GO:0106033; GO:0044309,
4132,87-CorneliaKoeverle-SpineDyn,fig5a_control_3,,GO:1905355,GO:0106033; GO:0044309,
4133,87-CorneliaKoeverle-SpineDyn,fig5a_KN93_1,,GO:1905355,GO:0106033; GO:0044309,
4134,87-CorneliaKoeverle-SpineDyn,fig5a_KN93_2,,GO:1905355,GO:0106033; GO:0044309,
4135,87-CorneliaKoeverle-SpineDyn,fig5a_KN93_3,,GO:1905355,GO:0106033; GO:0044309,
4136,87-CorneliaKoeverle-SpineDyn,fig6c_KI,,GO:1905355,GO:0106033; GO:0044309,
4137,87-CorneliaKoeverle-SpineDyn,fig6c_WT,,GO:1905355,GO:0106033; GO:0044309,
4138,87-CorneliaKoeverle-SpineDyn,fig6c_KI,,GO:1905355,GO:0106033; GO:0044309,
4139,87-CorneliaKoeverle-SpineDyn,fig6c_WT,,GO:1905355,GO:0106033; GO:0044309,
4140,89-Isshiki-SpineDyn,fig1a_8wk/8wk.tif,,,GO:0106033; GO:0014069,
4141,89-Isshiki-SpineDyn,fig1a_P7/P7-Concatenated.tif,,,GO:0106033; GO:0014069,
4142,89-Isshiki-SpineDyn,fig1a_P14/P14.tif,,,GO:0106033; GO:0014069,
4143,89-Isshiki-SpineDyn,fig1a_P21/P21.tif,,,GO:0106033; GO:0014069,
4144,89-Isshiki-SpineDyn,fig1e_day0/day0.tif,,,GO:0106033; GO:0014069,
4145,89-Isshiki-SpineDyn,fig1e_day1/day1.tif,,,GO:0106033; GO:0014069,
4146,89-Isshiki-SpineDyn,fig2f_day0/fig2f day0-Concatenated.tif,,,GO:0106033; GO:0014069,
4147,89-Isshiki-SpineDyn,fig2f_day2/fig2f day2-Concatenated.tif,,,GO:0106033; GO:0014069,
4148,89-Isshiki-SpineDyn,fig3a_pat_day0/Fig3a pat day0.tif,,,GO:0106033; GO:0014069,
4149,89-Isshiki-SpineDyn,fig3a_pat_day2/Fig3a pat day2.tif,,,GO:0106033; GO:0014069,
4150,89-Isshiki-SpineDyn,fig3a_wt_day0/Fig3a wt day0.tif,,,GO:0106033; GO:0014069,
4151,89-Isshiki-SpineDyn,fig3a_wt_day2/Fig3a wt day2.tif,,,GO:0106033; GO:0014069,
4152,89-Isshiki-SpineDyn,fig3e_pat_day0/Fig3e pat day0.tif,,,GO:0106033; GO:0014069,
4153,89-Isshiki-SpineDyn,fig3e_pat_day2/fig3e pat day2-Concatenated.tif,,,GO:0106033; GO:0014069,
4154,89-Isshiki-SpineDyn,fig3e_wt_day0/fig3e WT day0-Concatenated.tif,,,GO:0106033; GO:0014069,
4155,89-Isshiki-SpineDyn,fig3e_wt_day2/fig3e WT day2-Concatenated.tif,,,GO:0106033; GO:0014069,
4156,89-Isshiki-SpineDyn,fig4a_pat_day0/Fig4a pat day0.tif,,,GO:0106033; GO:0014069,
4157,89-Isshiki-SpineDyn,fig4a_pat_day2/Fig4a pat day2.tif,,,GO:0106033; GO:0014069,
4158,89-Isshiki-SpineDyn,fig4a_wt_day0/Fig4a WT day0.tif,,,GO:0106033; GO:0014069,
4159,89-Isshiki-SpineDyn,fig4a_wt_day2/Fig4a WT day2.tif,,,GO:0106033; GO:0014069,
4160,89-Isshiki-SpineDyn,fig4e_pat_day0/Fig4e pat day0.tif,,,GO:0106033; GO:0014069,
4161,89-Isshiki-SpineDyn,fig4e_pat_day2/Fig4e pat day2.tif,,,GO:0106033; GO:0014069,
4162,89-Isshiki-SpineDyn,fig4e_wt_day0/Fig4e WT day0.tif,,,GO:0106033; GO:0014069,
4163,89-Isshiki-SpineDyn,fig4e_wt_day2/Fig4e WT day2.tif,,,GO:0106033; GO:0014069,
4164,89-Isshiki-SpineDyn,fig5a_R415C_day0/Fig5a R451C day0.tif,,,GO:0106033; GO:0014069,
4165,89-Isshiki-SpineDyn,fig5a_R415C_day2/Fig5a R451C day2.tif,,,GO:0106033; GO:0014069,
4166,89-Isshiki-SpineDyn,fig5a_wt_day0/Fig5a WT day0.tif,,,GO:0106033; GO:0014069,
4167,89-Isshiki-SpineDyn,fig5a_wt_day2/Fig5a WT day2.tif,,,GO:0106033; GO:0014069,
4168,89-Isshiki-SpineDyn,fig5e_R451C_day0/Fig5e R451C day0.tif,,,GO:0106033; GO:0014069,
4169,89-Isshiki-SpineDyn,fig5e_R451C_day2/Fig5e R451C day2.tif,,,GO:0106033; GO:0014069,
4170,89-Isshiki-SpineDyn,fig5e_wt_day0/Fig5e WT day0.tif,,,GO:0106033; GO:0014069,
4171,89-Isshiki-SpineDyn,fig5e_wt_day2/Fig5e WT day2.tif,,,GO:0106033; GO:0014069,
4172,89-Isshiki-SpineDyn,fig6a_day0/Fig6a day0.tif,,,GO:0106033; GO:0014069,
4173,89-Isshiki-SpineDyn,fig6a_day2/Fig6a day2.tif,,,GO:0106033; GO:0014069,
4174,89-Isshiki-SpineDyn,fig6b_day0/Fig6b day0-Concatenated.tif,,,GO:0106033; GO:0014069,
4175,89-Isshiki-SpineDyn,fig6b_day2/Fig6b day2-Concatenated.tif,,,GO:0106033; GO:0014069,
4176,89-Isshiki-SpineDyn,Supfig7a_day0/SupFig7a day0.tif,,,GO:0106033; GO:0014069,
4177,89-Isshiki-SpineDyn,Supfig7a_day2/SupFig7a day2.tif,,,GO:0106033; GO:0014069,
4178,89-Isshiki-SpineDyn,Supfig7b_day0/SupFig7b day0.tif,,,GO:0106033; GO:0014069,
4179,89-Isshiki-SpineDyn,Supfig7b_day2/SupFig7b day2.tif,,,GO:0106033; GO:0014069,
4180,90-Ishiwata-SpindleDyn,Fig2-3a,,GO:0007059,GO:0030016,
4181,90-Ishiwata-SpindleDyn,Fig2-3b,,GO:0007059,GO:0030016,
4182,90-Ishiwata-SpindleDyn,Fig2-6,,GO:0007059,GO:0030016,
4183,91-Konagaya-AMPKactivity,fig1B_AMPKAR/AMPKAR_Ratio.tif,,GO:0004679,GO:0031588,
4184,91-Konagaya-AMPKactivity,fig1B_AMPKAREV/AMPKAREV_Ratio.tif,,GO:0004679,GO:0031588,
4185,91-Konagaya-AMPKactivity,fig1C_HeLa_AMPKAR_2DG/all,,GO:0004679,GO:0031588,
4186,91-Konagaya-AMPKactivity,fig1C_HeLa_AMPKAREV_2DG/all,,GO:0004679,GO:0031588,
4187,91-Konagaya-AMPKactivity,fig4E_0min/CFP_0min.tif,,GO:0004679,GO:0031588,
4188,91-Konagaya-AMPKactivity,fig4E_60min/CFP_60min.tif,,GO:0004679,GO:0031588,
4189,92-Uda-CellsigDyn,fig2C_PhyB-PIF3_0028/Image0028time.tif,,GO:0035556,GO:0005623,
4190,92-Uda-CellsigDyn,fig2C_PhyB-PIF3_0030/Image0030time.tif,,GO:0035556,GO:0005623,
4191,92-Uda-CellsigDyn,fig2C_PhyB-PIF3_0033/Image0033time.tif,,GO:0035556,GO:0005623,
4192,92-Uda-CellsigDyn,fig2C_PhyB-PIF6_0010/Image0010time.tif,,GO:0035556,GO:0005623,
4193,92-Uda-CellsigDyn,fig2C_PhyB-PIF6_0012/Image0012time.tif,,GO:0035556,GO:0005623,
4194,92-Uda-CellsigDyn,fig2C_PhyB-PIF6_0015/Image0015time.tif,,GO:0035556,GO:0005623,
4195,92-Uda-CellsigDyn,fig2C_PhyB621-PIF3_0035/Image0035time.tif,,GO:0035556,GO:0005623,
4196,92-Uda-CellsigDyn,fig2C_PhyB621-PIF3_0037/Image0037time.tif,,GO:0035556,GO:0005623,
4197,92-Uda-CellsigDyn,fig2C_PhyB621-PIF3_0042/Image0042time.tif,,GO:0035556,GO:0005623,
4198,92-Uda-CellsigDyn,fig2C_PhyB621-PIF6_0017/Image0017time.tif,,GO:0035556,GO:0005623,
4199,92-Uda-CellsigDyn,fig2C_PhyB621-PIF6_0019/Image0019time.tif,,GO:0035556,GO:0005623,
4200,92-Uda-CellsigDyn,fig2C_PhyB621-PIF6_0021/Image0021time.tif,,GO:0035556,GO:0005623,
4201,92-Uda-CellsigDyn,fig3E_PhyB-PIF3_0002/Image0002time.tif,,GO:0035556,GO:0005623,
4202,92-Uda-CellsigDyn,fig3E_PhyB-PIF3_0004/Image0004time.tif,,GO:0035556,GO:0005623,
4203,92-Uda-CellsigDyn,fig3E_PhyB-PIF6_0011/Image0011time.tif,,GO:0035556,GO:0005623,
4204,92-Uda-CellsigDyn,fig3E_PhyB-PIF6_0013/Image0013time.tif,,GO:0035556,GO:0005623,
4205,92-Uda-CellsigDyn,fig3E_PhyB621-PIF3_0007/Image0007time.tif,,GO:0035556,GO:0005623,
4206,92-Uda-CellsigDyn,fig3E_PhyB621-PIF3_0009/Image0009time.tif,,GO:0035556,GO:0005623,
4207,92-Uda-CellsigDyn,fig3E_PhyB621-PIF6_0016/Image0016time.tif,,GO:0035556,GO:0005623,
4208,92-Uda-CellsigDyn,fig3E_PhyB621-PIF6_0018/Image0018time.tif,,GO:0035556,GO:0005623,
4209,92-Uda-CellsigDyn,fig4E/ratioimage02.tif,,GO:0035556,GO:0005623,
4210,94-Matsuda-Beetlehorn,fig1d_-15min/15.png,,GO:0016477; GO:0007552,,
4211,94-Matsuda-Beetlehorn,fig1d_0min/0.png,,GO:0016477; GO:0007552,,
4212,94-Matsuda-Beetlehorn,fig1d_3min/3.png,,GO:0016477; GO:0007552,,
4213,94-Matsuda-Beetlehorn,fig1d_25min/25.png,,GO:0016477; GO:0007552,,
4214,94-Matsuda-Beetlehorn,fig1d_100min/100.png,,GO:0016477; GO:0007552,,
4215,95-Nojima-CellMorphology,humanbrain_d0,,GO:0060437; GO:0048535,,
4216,95-Nojima-CellMorphology,humanbrain_d2,,GO:0060437; GO:0048535,,
4217,95-Nojima-CellMorphology,humanbrain_d3,,GO:0060437; GO:0048535,,
4218,95-Nojima-CellMorphology,humanbrain_d5,,GO:0060437; GO:0048535,,
4219,95-Nojima-CellMorphology,humanbrain_d8,,GO:0060437; GO:0048535,,
4220,95-Nojima-CellMorphology,humanbrain_d16,,GO:0060437; GO:0048535,,
4221,95-Nojima-CellMorphology,humanheart_d0,,GO:0060437; GO:0048535,,
4222,95-Nojima-CellMorphology,humanheart_d2,,GO:0060437; GO:0048535,,
4223,95-Nojima-CellMorphology,humanheart_d3,,GO:0060437; GO:0048535,,
4224,95-Nojima-CellMorphology,humanheart_d5,,GO:0060437; GO:0048535,,
4225,95-Nojima-CellMorphology,humanheart_d8,,GO:0060437; GO:0048535,,
4226,95-Nojima-CellMorphology,humanheart_d16,,GO:0060437; GO:0048535,,
4227,95-Nojima-CellMorphology,humanintestine_d0,,GO:0060437; GO:0048535,,
4228,95-Nojima-CellMorphology,humanintestine_d2,,GO:0060437; GO:0048535,,
4229,95-Nojima-CellMorphology,humanintestine_d3,,GO:0060437; GO:0048535,,
4230,95-Nojima-CellMorphology,humanintestine_d5,,GO:0060437; GO:0048535,,
4231,95-Nojima-CellMorphology,humanintestine_d8,,GO:0060437; GO:0048535,,
4232,95-Nojima-CellMorphology,humanintestine_d16,,GO:0060437; GO:0048535,,
4233,95-Nojima-CellMorphology,humankidney_d0,,GO:0060437; GO:0048535,,
4234,95-Nojima-CellMorphology,humankidney_d2,,GO:0060437; GO:0048535,,
4235,95-Nojima-CellMorphology,humankidney_d3,,GO:0060437; GO:0048535,,
4236,95-Nojima-CellMorphology,humankidney_d5,,GO:0060437; GO:0048535,,
4237,95-Nojima-CellMorphology,humankidney_d8,,GO:0060437; GO:0048535,,
4238,95-Nojima-CellMorphology,humankidney_d16,,GO:0060437; GO:0048535,,
4239,95-Nojima-CellMorphology,humanliver_d0,,GO:0060437; GO:0048535,,
4240,95-Nojima-CellMorphology,humanliver_d2,,GO:0060437; GO:0048535,,
4241,95-Nojima-CellMorphology,humanliver_d3,,GO:0060437; GO:0048535,,
4242,95-Nojima-CellMorphology,humanliver_d5,,GO:0060437; GO:0048535,,
4243,95-Nojima-CellMorphology,humanliver_d8,,GO:0060437; GO:0048535,,
4244,95-Nojima-CellMorphology,humanliver_d16,,GO:0060437; GO:0048535,,
4245,95-Nojima-CellMorphology,humanLN_CD3_d0,,GO:0060437; GO:0048535,,
4246,95-Nojima-CellMorphology,humanLN_CD3_d4,,GO:0060437; GO:0048535,,
4247,95-Nojima-CellMorphology,humanLN_CD3_d7,,GO:0060437; GO:0048535,,
4248,95-Nojima-CellMorphology,humanLN_CD68_d0,,GO:0060437; GO:0048535,,
4249,95-Nojima-CellMorphology,humanLN_CD68_d4,,GO:0060437; GO:0048535,,
4250,95-Nojima-CellMorphology,humanLN_CD68_d7,,GO:0060437; GO:0048535,,
4251,95-Nojima-CellMorphology,humanLN_CD79a_d0,,GO:0060437; GO:0048535,,
4252,95-Nojima-CellMorphology,humanLN_CD79a_d4,,GO:0060437; GO:0048535,,
4253,95-Nojima-CellMorphology,humanLN_CD79a_d7,,GO:0060437; GO:0048535,,
4254,95-Nojima-CellMorphology,humanLN_d0,,GO:0060437; GO:0048535,,
4255,95-Nojima-CellMorphology,humanLN_d2,,GO:0060437; GO:0048535,,
4256,95-Nojima-CellMorphology,humanLN_d3,,GO:0060437; GO:0048535,,
4257,95-Nojima-CellMorphology,humanLN_d4,,GO:0060437; GO:0048535,,
4258,95-Nojima-CellMorphology,humanLN_d6,,GO:0060437; GO:0048535,,
4259,95-Nojima-CellMorphology,humanLN_d7,,GO:0060437; GO:0048535,,
4260,95-Nojima-CellMorphology,humanlung_d0,,GO:0060437; GO:0048535,,
4261,95-Nojima-CellMorphology,humanlung_d2,,GO:0060437; GO:0048535,,
4262,95-Nojima-CellMorphology,humanlung_d3,,GO:0060437; GO:0048535,,
4263,95-Nojima-CellMorphology,humanlung_d4,,GO:0060437; GO:0048535,,
4264,95-Nojima-CellMorphology,humanlung_d6,,GO:0060437; GO:0048535,,
4265,95-Nojima-CellMorphology,humanlung_d7,,GO:0060437; GO:0048535,,
4266,95-Nojima-CellMorphology,humanlung_d0_aSMA,,GO:0060437; GO:0048535,,
4267,95-Nojima-CellMorphology,humanlung_d0_CD68,,GO:0060437; GO:0048535,,
4268,95-Nojima-CellMorphology,humanlung_d0_Cytokeratin,,GO:0060437; GO:0048535,,
4269,95-Nojima-CellMorphology,humanlung_d4_aSMA,,GO:0060437; GO:0048535,,
4270,95-Nojima-CellMorphology,humanlung_d4_CD68,,GO:0060437; GO:0048535,,
4271,95-Nojima-CellMorphology,humanlung_d4_Cytokeratin,,GO:0060437; GO:0048535,,
4272,95-Nojima-CellMorphology,humanlung_d7_aSMA,,GO:0060437; GO:0048535,,
4273,95-Nojima-CellMorphology,humanlung_d7_CD68,,GO:0060437; GO:0048535,,
4274,95-Nojima-CellMorphology,humanlung_d7_Cytokeratin,,GO:0060437; GO:0048535,,
4275,95-Nojima-CellMorphology,humanspleen_d0,,GO:0060437; GO:0048535,,
4276,95-Nojima-CellMorphology,humanspleen_d2,,GO:0060437; GO:0048535,,
4277,95-Nojima-CellMorphology,humanspleen_d3,,GO:0060437; GO:0048535,,
4278,95-Nojima-CellMorphology,humanspleen_d5,,GO:0060437; GO:0048535,,
4279,95-Nojima-CellMorphology,humanspleen_d8,,GO:0060437; GO:0048535,,
4280,95-Nojima-CellMorphology,humanspleen_d16,,GO:0060437; GO:0048535,,
4281,95-Nojima-CellMorphology,mouseheart_d0,,GO:0060437; GO:0048535,,
4282,95-Nojima-CellMorphology,mouseheart_d2,,GO:0060437; GO:0048535,,
4283,95-Nojima-CellMorphology,mouseheart_d3,,GO:0060437; GO:0048535,,
4284,95-Nojima-CellMorphology,mouseheart_d5,,GO:0060437; GO:0048535,,
4285,95-Nojima-CellMorphology,mouseheart_d8,,GO:0060437; GO:0048535,,
4286,95-Nojima-CellMorphology,mouseheart_d16,,GO:0060437; GO:0048535,,
4287,95-Nojima-CellMorphology,mouseintestine_d0,,GO:0060437; GO:0048535,,
4288,95-Nojima-CellMorphology,mouseintestine_d2,,GO:0060437; GO:0048535,,
4289,95-Nojima-CellMorphology,mouseintestine_d3,,GO:0060437; GO:0048535,,
4290,95-Nojima-CellMorphology,mouseintestine_d5,,GO:0060437; GO:0048535,,
4291,95-Nojima-CellMorphology,mouseintestine_d8,,GO:0060437; GO:0048535,,
4292,95-Nojima-CellMorphology,mouseintestine_d16,,GO:0060437; GO:0048535,,
4293,95-Nojima-CellMorphology,mousekidney_d0,,GO:0060437; GO:0048535,,
4294,95-Nojima-CellMorphology,mousekidney_d2,,GO:0060437; GO:0048535,,
4295,95-Nojima-CellMorphology,mousekidney_d3,,GO:0060437; GO:0048535,,
4296,95-Nojima-CellMorphology,mousekidney_d5,,GO:0060437; GO:0048535,,
4297,95-Nojima-CellMorphology,mousekidney_d8,,GO:0060437; GO:0048535,,
4298,95-Nojima-CellMorphology,mousekidney_d16,,GO:0060437; GO:0048535,,
4299,95-Nojima-CellMorphology,mouseliver_d0,,GO:0060437; GO:0048535,,
4300,95-Nojima-CellMorphology,mouseliver_d2,,GO:0060437; GO:0048535,,
4301,95-Nojima-CellMorphology,mouseliver_d3,,GO:0060437; GO:0048535,,
4302,95-Nojima-CellMorphology,mouseliver_d5,,GO:0060437; GO:0048535,,
4303,95-Nojima-CellMorphology,mouseliver_d8,,GO:0060437; GO:0048535,,
4304,95-Nojima-CellMorphology,mouseliver_d16,,GO:0060437; GO:0048535,,
4305,95-Nojima-CellMorphology,mouseLN_d0,,GO:0060437; GO:0048535,,
4306,95-Nojima-CellMorphology,mouseLN_d2,,GO:0060437; GO:0048535,,
4307,95-Nojima-CellMorphology,mouseLN_d3,,GO:0060437; GO:0048535,,
4308,95-Nojima-CellMorphology,mouseLN_d4,,GO:0060437; GO:0048535,,
4309,95-Nojima-CellMorphology,mouseLN_d6,,GO:0060437; GO:0048535,,
4310,95-Nojima-CellMorphology,mouseLN_d7,,GO:0060437; GO:0048535,,
4311,95-Nojima-CellMorphology,mouselung_d0,,GO:0060437; GO:0048535,,
4312,95-Nojima-CellMorphology,mouselung_d2,,GO:0060437; GO:0048535,,
4313,95-Nojima-CellMorphology,mouselung_d3,,GO:0060437; GO:0048535,,
4314,95-Nojima-CellMorphology,mouselung_d4,,GO:0060437; GO:0048535,,
4315,95-Nojima-CellMorphology,mouselung_d6,,GO:0060437; GO:0048535,,
4316,95-Nojima-CellMorphology,mouselung_d7,,GO:0060437; GO:0048535,,
4317,95-Nojima-CellMorphology,mousespleen_d0,,GO:0060437; GO:0048535,,
4318,95-Nojima-CellMorphology,mousespleen_d2,,GO:0060437; GO:0048535,,
4319,95-Nojima-CellMorphology,mousespleen_d3,,GO:0060437; GO:0048535,,
4320,95-Nojima-CellMorphology,mousespleen_d5,,GO:0060437; GO:0048535,,
4321,95-Nojima-CellMorphology,mousespleen_d8,,GO:0060437; GO:0048535,,
4322,95-Nojima-CellMorphology,mousespleen_d16,,GO:0060437; GO:0048535,,
4323,95-Nojima-CellMorphology,muosebrain_d0,,GO:0060437; GO:0048535,,
4324,95-Nojima-CellMorphology,muosebrain_d2,,GO:0060437; GO:0048535,,
4325,95-Nojima-CellMorphology,muosebrain_d3,,GO:0060437; GO:0048535,,
4326,95-Nojima-CellMorphology,muosebrain_d5,,GO:0060437; GO:0048535,,
4327,95-Nojima-CellMorphology,muosebrain_d8,,GO:0060437; GO:0048535,,
4328,95-Nojima-CellMorphology,muosebrain_d16,,GO:0060437; GO:0048535,,
4329,96-Kamimura-ChemotaxisDyn,movieS1,,GO:0006935,GO:0008603,
4330,96-Kamimura-ChemotaxisDyn,movieS2,,GO:0006935,GO:0008603,
4331,96-Kamimura-ChemotaxisDyn,movieS3,,GO:0006935,GO:0008603,
4332,96-Kamimura-ChemotaxisDyn,movieS4,,GO:0006935,GO:0008603,
4333,96-Kamimura-ChemotaxisDyn,movieS5,,GO:0006935,GO:0008603,
4334,98-Morita-ToothEpiCellDyn,fig2ab_trajectory_epithelialcell,,GO:0007427; GO:0042476,,
4335,98-Morita-ToothEpiCellDyn,fig2ab_trajectory_epithelialcell,,GO:0007427; GO:0042476,,
4336,98-Morita-ToothEpiCellDyn,figS4_deformation_epithelialtissue,,GO:0007427; GO:0042476,,
4337,98-Morita-ToothEpiCellDyn,figS5_region1_elongation,,GO:0007427; GO:0042476,,
4338,98-Morita-ToothEpiCellDyn,figS5_region2_elongation,,GO:0007427; GO:0042476,,
4339,98-Morita-ToothEpiCellDyn,figS5_region3_elongation,,GO:0007427; GO:0042476,,
4340,99-Takagi-HairRegiPSCell,fig4D_bioengineeredhair_day14,,GO:0048513; GO:0001943; GO:0042633,,
4341,99-Takagi-HairRegiPSCell,fig4D_bioengineeredhair_day23,,GO:0048513; GO:0001943; GO:0042633,,
4342,99-Takagi-HairRegiPSCell,fig4D_bioengineeredhair_day39,,GO:0048513; GO:0001943; GO:0042633,,
4343,99-Takagi-HairRegiPSCell,fig4D_bioengineeredhair_day51,,GO:0048513; GO:0001943; GO:0042633,,
4344,99-Takagi-HairRegiPSCell,fig4D_bioengineeredhair_day57,,GO:0048513; GO:0001943; GO:0042633,,
4345,99-Takagi-HairRegiPSCell,fig4D_bioengineeredhair_day69,,GO:0048513; GO:0001943; GO:0042633,,
4346,100-Yamamoto-ToothDev,fig1e_naturaltooth,,GO:0042476,,
4347,100-Yamamoto-ToothDev,fig1e_splittooth,,GO:0042476,,
4348,100-Yamamoto-ToothDev,fig2a_split_toothgerm,,GO:0042476,,
4349,100-Yamamoto-ToothDev,fig2b_enamelknot,,GO:0042476,,
4350,100-Yamamoto-ToothDev,fig3b_day10_eruption,,GO:0042476,,
4351,100-Yamamoto-ToothDev,fig3b_day20_eruption,,GO:0042476,,
4352,100-Yamamoto-ToothDev,fig3b_day50_eruption,,GO:0042476,,
4353,101-Oshima-ToothBioImplant,fig1d_HAImplant,,GO:0071529,,
4354,101-Oshima-ToothBioImplant,fig1d_TitaniumImplant,,GO:0071529,,
4355,101-Oshima-ToothBioImplant,fig2a_biohybridImplant,,GO:0071529,,
4356,101-Oshima-ToothBioImplant,fig2a_biohybridImplant_higher,,GO:0071529,,
4357,101-Oshima-ToothBioImplant,fig2a_naturaltooth,,GO:0071529,,
4358,101-Oshima-ToothBioImplant,fig2a_naturaltooth_higher,,GO:0071529,,
4359,101-Oshima-ToothBioImplant,fig2a_osseoImplant,,GO:0071529,,
4360,101-Oshima-ToothBioImplant,fig2a_osseoImplant_higher,,GO:0071529,,
4361,102-Ogawa-SalivaryGlandDev,Palotid_bioengineered,,GO:0007431,,
4362,102-Ogawa-SalivaryGlandDev,Palotid_natural,,GO:0007431,,
4363,102-Ogawa-SalivaryGlandDev,Sublingual_bioengineered,,GO:0007431,,
4364,102-Ogawa-SalivaryGlandDev,Sublingual_natural,,GO:0007431,,
4365,102-Ogawa-SalivaryGlandDev,Submandibular_bioengineered,,GO:0007431,,
4366,102-Ogawa-SalivaryGlandDev,Submandibular_natural,,GO:0007431,,
4367,103-Hirayama-GlandReg,harderian_bioengineered_D0,,GO:0032808; GO:0070384,,
4368,103-Hirayama-GlandReg,harderian_bioengineered_D1,,GO:0032808; GO:0070384,,
4369,103-Hirayama-GlandReg,harderian_bioengineered_D2,,GO:0032808; GO:0070384,,
4370,103-Hirayama-GlandReg,harderian_bioengineered_D3,,GO:0032808; GO:0070384,,
4371,103-Hirayama-GlandReg,harderian_bioengineered_D4,,GO:0032808; GO:0070384,,
4372,103-Hirayama-GlandReg,harderian_bioengineered_D5,,GO:0032808; GO:0070384,,
4373,103-Hirayama-GlandReg,harderian_natural_D0,,GO:0032808; GO:0070384,,
4374,103-Hirayama-GlandReg,harderian_natural_D1,,GO:0032808; GO:0070384,,
4375,103-Hirayama-GlandReg,harderian_natural_D2,,GO:0032808; GO:0070384,,
4376,103-Hirayama-GlandReg,harderian_natural_D3,,GO:0032808; GO:0070384,,
4377,103-Hirayama-GlandReg,harderian_natural_D4,,GO:0032808; GO:0070384,,
4378,103-Hirayama-GlandReg,harderian_natural_D5,,GO:0032808; GO:0070384,,
4379,103-Hirayama-GlandReg,lacrimal_bioengineered_D0,,GO:0032808; GO:0070384,,
4380,103-Hirayama-GlandReg,lacrimal_bioengineered_D1,,GO:0032808; GO:0070384,,
4381,103-Hirayama-GlandReg,lacrimal_bioengineered_D2,,GO:0032808; GO:0070384,,
4382,103-Hirayama-GlandReg,lacrimal_bioengineered_D3,,GO:0032808; GO:0070384,,
4383,103-Hirayama-GlandReg,lacrimal_bioengineered_D4,,GO:0032808; GO:0070384,,
4384,103-Hirayama-GlandReg,lacrimal_bioengineered_D5,,GO:0032808; GO:0070384,,
4385,103-Hirayama-GlandReg,lacrimal_natural_D0,,GO:0032808; GO:0070384,,
4386,103-Hirayama-GlandReg,lacrimal_natural_D1,,GO:0032808; GO:0070384,,
4387,103-Hirayama-GlandReg,lacrimal_natural_D2,,GO:0032808; GO:0070384,,
4388,103-Hirayama-GlandReg,lacrimal_natural_D3,,GO:0032808; GO:0070384,,
4389,103-Hirayama-GlandReg,lacrimal_natural_D4,,GO:0032808; GO:0070384,,
4390,103-Hirayama-GlandReg,lacrimal_natural_D5,,GO:0032808; GO:0070384,,
4391,104-Bin-SkinImmuno,fig1C_E14.5,,GO:0042592; GO:0006829,,
4392,104-Bin-SkinImmuno,fig1C_E17.5,,GO:0042592; GO:0006829,,
4393,104-Bin-SkinImmuno,fig1C_P2,,GO:0042592; GO:0006829,,
4394,104-Bin-SkinImmuno,fig1D_immuno,,GO:0042592; GO:0006829,,
4395,104-Bin-SkinImmuno,fig1D_original,,GO:0042592; GO:0006829,,
4396,105-Ono-ToothDev,fig4C_natrural_after,,GO:0042476,,
4397,105-Ono-ToothDev,fig4C_natrural_before,,GO:0042476,,
4398,105-Ono-ToothDev,fig4C_reconstructed_after,,GO:0042476,,
4399,105-Ono-ToothDev,fig4C_reconstructed_before,,GO:0042476,,
4400,105-Ono-ToothDev,Supfig5_day0,,GO:0042476,,
4401,105-Ono-ToothDev,Supfig5_day60,,GO:0042476,,
4402,105-Ono-ToothDev,Supfig5_day120,,GO:0042476,,
4403,105-Ono-ToothDev,Supfig5_day180,,GO:0042476,,
4404,105-Ono-ToothDev,Supfig5_sagital,,GO:0042476,,
4405,106-Jin-BreastTumorFlu,fig10a-1,,GO:0018984,,
4406,106-Jin-BreastTumorFlu,fig10a-2,,GO:0018984,,
4407,106-Jin-BreastTumorFlu,fig10b-1,,GO:0018984,,
4408,106-Jin-BreastTumorFlu,fig10b-2,,GO:0018984,,
4409,106-Jin-BreastTumorFlu,fig10b-3,,GO:0018984,,
4410,106-Jin-BreastTumorFlu,fig10b-4,,GO:0018984,,
4411,106-Jin-BreastTumorFlu,fig10b-5,,GO:0018984,,
4412,106-Jin-BreastTumorFlu,fig10b-6,,GO:0018984,,
4413,107-Tsuboi-BreastTumorFlu,fig5a-1,,,GO:0019814,
4414,107-Tsuboi-BreastTumorFlu,fig5a-2,,,GO:0019814,
4415,107-Tsuboi-BreastTumorFlu,fig5b-1,,,GO:0019814,
4416,107-Tsuboi-BreastTumorFlu,fig5b-2,,,GO:0019814,
4417,107-Tsuboi-BreastTumorFlu,figs9-m1-1,,,GO:0019814,
4418,107-Tsuboi-BreastTumorFlu,figs9-m1-2,,,GO:0019814,
4419,107-Tsuboi-BreastTumorFlu,figs9-m1-3,,,GO:0019814,
4420,107-Tsuboi-BreastTumorFlu,figs9-m2-1,,,GO:0019814,
4421,107-Tsuboi-BreastTumorFlu,figs9-m2-2,,,GO:0019814,
4422,107-Tsuboi-BreastTumorFlu,figs9-m2-3,,,GO:0019814,
4423,107-Tsuboi-BreastTumorFlu,figs9-m3-1,,,GO:0019814,
4424,107-Tsuboi-BreastTumorFlu,figs9-m3-2,,,GO:0019814,
4425,107-Tsuboi-BreastTumorFlu,figs9-m3-3,,,GO:0019814,
4426,108-Sugita-RPEiPSCell,fig7_RSAdetection_0w,,GO:0003406,GO:0005623,
4427,108-Sugita-RPEiPSCell,fig7_RSAdetection_1w,,GO:0003406,GO:0005623,
4428,108-Sugita-RPEiPSCell,fig7_RSAdetection_4w,,GO:0003406,GO:0005623,
4429,108-Sugita-RPEiPSCell,fig7_RSAdetection_6w,,GO:0003406,GO:0005623,
4430,108-Sugita-RPEiPSCell,fig7_RSAdetection_8w,,GO:0003406,GO:0005623,
4431,108-Sugita-RPEiPSCell,fig7_RSAdetection_12w,,GO:0003406,GO:0005623,
4432,108-Sugita-RPEiPSCell,fig7_RSAdetection_16w,,GO:0003406,GO:0005623,
4433,108-Sugita-RPEiPSCell,fig7_Antihuman_NucleiMab,,GO:0003406,GO:0005623,
4434,108-Sugita-RPEiPSCell,fig7_MouseIgG,,GO:0003406,GO:0005623,
4435,109-Mandai-RPEiPSCell,figS10B_1Y_2.56min,,GO:0003406,,
4436,109-Mandai-RPEiPSCell,figS10B_1Y_7.23min,,GO:0003406,,
4437,109-Mandai-RPEiPSCell,figS10B_1Y_25sec,,GO:0003406,,
4438,109-Mandai-RPEiPSCell,figS10B_6M_1.34min,,GO:0003406,,
4439,109-Mandai-RPEiPSCell,figS10B_6M_8.05min,,GO:0003406,,
4440,109-Mandai-RPEiPSCell,figS10B_6M_33sec,,GO:0003406,,
4441,109-Mandai-RPEiPSCell,figS11_1week,,GO:0003406,,
4442,109-Mandai-RPEiPSCell,figS11_3days,,GO:0003406,,
4443,109-Mandai-RPEiPSCell,figS11_3months,,GO:0003406,,
4444,109-Mandai-RPEiPSCell,figS11_4weeks,,GO:0003406,,
4445,109-Mandai-RPEiPSCell,figS11_6months,,GO:0003406,,
4446,109-Mandai-RPEiPSCell,figS13B_1Y,,GO:0003406,,
4447,109-Mandai-RPEiPSCell,figS13B_2nd,,GO:0003406,,
4448,109-Mandai-RPEiPSCell,figS13B_2Y,,GO:0003406,,
4449,109-Mandai-RPEiPSCell,figS13B_3Y,,GO:0003406,,
4450,110-Makino-MembraneDyn,fig6A_cryosection,,GO:0065005,GO:0032994; GO:0005886,
4451,110-Makino-MembraneDyn,fig6B_plasmamembrane,,GO:0065005,GO:0032994; GO:0005886,
4452,110-Makino-MembraneDyn,fig8B_cryosection,,GO:0065005,GO:0032994; GO:0005886,
4453,110-Makino-MembraneDyn,fig8C_cryosection_double,,GO:0065005,GO:0032994; GO:0005886,
4454,110-Makino-MembraneDyn,fig11C_normal_1,,GO:0065005,GO:0032994; GO:0005886,
4455,110-Makino-MembraneDyn,fig11C_normal_2,,GO:0065005,GO:0032994; GO:0005886,
4456,110-Makino-MembraneDyn,fig11C_normal_3,,GO:0065005,GO:0032994; GO:0005886,
4457,110-Makino-MembraneDyn,fig11C_NPC_1,,GO:0065005,GO:0032994; GO:0005886,
4458,110-Makino-MembraneDyn,fig11C_NPC_2,,GO:0065005,GO:0032994; GO:0005886,
4459,110-Makino-MembraneDyn,fig11C_NPC_3,,GO:0065005,GO:0032994; GO:0005886,
4460,111-Kawaguchi-NPCellsDyn,fig1a_FullRaw_mCh,,GO:0022027,GO:0005634,
4461,111-Kawaguchi-NPCellsDyn,fig1a_FullRaw_Ph,,GO:0022027,GO:0005634,
4462,111-Kawaguchi-NPCellsDyn,fig4a_bottom,,GO:0022027,GO:0005634,
4463,111-Kawaguchi-NPCellsDyn,fig4a_top,,GO:0022027,GO:0005634,
4464,111-Kawaguchi-NPCellsDyn,fig4b_merge,,GO:0022027,GO:0005634,
4465,111-Kawaguchi-NPCellsDyn,fig4g_left,,GO:0022027,GO:0005634,
4466,111-Kawaguchi-NPCellsDyn,fig4g_right,,GO:0022027,GO:0005634,
4467,111-Kawaguchi-NPCellsDyn,extended_Fig7,,GO:0022027,GO:0005634,
4468,111-Kawaguchi-NPCellsDyn,extended_Fig8,,GO:0022027,GO:0005634,
4469,111-Kawaguchi-NPCellsDyn,extended_Fig9c_bottomleft,,GO:0022027,GO:0005634,
4470,111-Kawaguchi-NPCellsDyn,extended_Fig9c_bottomright,,GO:0022027,GO:0005634,
4471,111-Kawaguchi-NPCellsDyn,extended_Fig9c_topleft,,GO:0022027,GO:0005634,
4472,111-Kawaguchi-NPCellsDyn,extended_Fig9c_topright,,GO:0022027,GO:0005634,
4473,111-Kawaguchi-NPCellsDyn,extended_Fig10a_bottom,,GO:0022027,GO:0005634,
4474,111-Kawaguchi-NPCellsDyn,extended_Fig10a_top,,GO:0022027,GO:0005634,
4475,111-Kawaguchi-NPCellsDyn,SuppMovie_SV1_left,,GO:0022027,GO:0005634,
4476,111-Kawaguchi-NPCellsDyn,SuppMovie_SV1_right,,GO:0022027,GO:0005634,
4477,111-Kawaguchi-NPCellsDyn,SuppMovie_SV2_left,,GO:0022027,GO:0005634,
4478,111-Kawaguchi-NPCellsDyn,SuppMovie_SV2_right,,GO:0022027,GO:0005634,
4479,111-Kawaguchi-NPCellsDyn,SuppMovie_SV3,,GO:0022027,GO:0005634,
4480,111-Kawaguchi-NPCellsDyn,SuppMovie_SV4_left,,GO:0022027,GO:0005634,
4481,111-Kawaguchi-NPCellsDyn,SuppMovie_SV4_right,,GO:0022027,GO:0005634,
4482,111-Kawaguchi-NPCellsDyn,SuppMovie_SV5_bottom,,GO:0022027,GO:0005634,
4483,111-Kawaguchi-NPCellsDyn,SuppMovie_SV5_top,,GO:0022027,GO:0005634,
4484,111-Kawaguchi-NPCellsDyn,SuppMovie_SV6_green,,GO:0022027,GO:0005634,
4485,111-Kawaguchi-NPCellsDyn,SuppMovie_SV6_red,,GO:0022027,GO:0005634,
4486,111-Kawaguchi-NPCellsDyn,SuppMovie_SV7_left,,GO:0022027,GO:0005634,
4487,111-Kawaguchi-NPCellsDyn,SuppMovie_SV7_right,,GO:0022027,GO:0005634,
4488,111-Kawaguchi-NPCellsDyn,SuppMovie_SV8_left,,GO:0022027,GO:0005634,
4489,111-Kawaguchi-NPCellsDyn,SuppMovie_SV8_right,,GO:0022027,GO:0005634,
4490,111-Kawaguchi-NPCellsDyn,fig2a_track1,,GO:0022027,GO:0005634,
4491,111-Kawaguchi-NPCellsDyn,fig2a_track2,,GO:0022027,GO:0005634,
4492,113-Kamioka-CellDyn,fig1f_ERKactivation,,GO:0007555,GO:0005623,
4493,113-Kamioka-CellDyn,fig3b_scr4T1_PMN,,GO:0007555,GO:0005623,
4494,113-Kamioka-CellDyn,fig3c_sh8704T1_PMN,,GO:0007555,GO:0005623,
4495,113-Kamioka-CellDyn,figS8_ERK_OPN,,GO:0007555,GO:0005623,
4496,113-Kamioka-CellDyn,figS10_OPN_ERK,,GO:0007555,GO:0005623,
4497,114-Shiura-MouseEmbryoDyn,Fig1a-g_E3.5_1,,GO:0010467; GO:0009048,GO:0005634,
4498,114-Shiura-MouseEmbryoDyn,Fig1a-g_E3.5_2,,GO:0010467; GO:0009048,GO:0005634,
4499,114-Shiura-MouseEmbryoDyn,Fig1a-g_E3.5_3,,GO:0010467; GO:0009048,GO:0005634,
4500,114-Shiura-MouseEmbryoDyn,Fig1a-g_E3.75_1,,GO:0010467; GO:0009048,GO:0005634,
4501,114-Shiura-MouseEmbryoDyn,Fig1a-g_E3.75_2,,GO:0010467; GO:0009048,GO:0005634,
4502,114-Shiura-MouseEmbryoDyn,Fig1a-g_E3.75_3,,GO:0010467; GO:0009048,GO:0005634,
4503,114-Shiura-MouseEmbryoDyn,Fig1a-g_E3.75_4,,GO:0010467; GO:0009048,GO:0005634,
4504,114-Shiura-MouseEmbryoDyn,Fig1a-g_E4.0_1,,GO:0010467; GO:0009048,GO:0005634,
4505,114-Shiura-MouseEmbryoDyn,Fig1a-g_E4.0_2,,GO:0010467; GO:0009048,GO:0005634,
4506,114-Shiura-MouseEmbryoDyn,Fig1a-g_E4.0_3,,GO:0010467; GO:0009048,GO:0005634,
4507,114-Shiura-MouseEmbryoDyn,Fig1a-g_E4.25_1,,GO:0010467; GO:0009048,GO:0005634,
4508,114-Shiura-MouseEmbryoDyn,Fig1a-g_E4.25_2,,GO:0010467; GO:0009048,GO:0005634,
4509,114-Shiura-MouseEmbryoDyn,Fig1a-g_E4.25_3,,GO:0010467; GO:0009048,GO:0005634,
4510,114-Shiura-MouseEmbryoDyn,Fig1a-g_E4.25_4,,GO:0010467; GO:0009048,GO:0005634,
4511,114-Shiura-MouseEmbryoDyn,Fig1a-g_E4.25_5,,GO:0010467; GO:0009048,GO:0005634,
4512,114-Shiura-MouseEmbryoDyn,Fig1a-g_E4.25_6,,GO:0010467; GO:0009048,GO:0005634,
4513,114-Shiura-MouseEmbryoDyn,Fig1a-g_E4.50_1,,GO:0010467; GO:0009048,GO:0005634,
4514,114-Shiura-MouseEmbryoDyn,Fig1a-g_E4.50_2,,GO:0010467; GO:0009048,GO:0005634,
4515,114-Shiura-MouseEmbryoDyn,Fig1a-g_E4.50_3,,GO:0010467; GO:0009048,GO:0005634,
4516,114-Shiura-MouseEmbryoDyn,Fig1a-g_E4.75_1,,GO:0010467; GO:0009048,GO:0005634,
4517,114-Shiura-MouseEmbryoDyn,Fig1a-g_E4.75_2,,GO:0010467; GO:0009048,GO:0005634,
4518,114-Shiura-MouseEmbryoDyn,Fig1a-g_E4.75_3,,GO:0010467; GO:0009048,GO:0005634,
4519,114-Shiura-MouseEmbryoDyn,Fig1a-g_E4.75_4,,GO:0010467; GO:0009048,GO:0005634,
4520,114-Shiura-MouseEmbryoDyn,Fig1a-g_E4.75_5,,GO:0010467; GO:0009048,GO:0005634,
4521,114-Shiura-MouseEmbryoDyn,Fig1a-g_E4.75_6,,GO:0010467; GO:0009048,GO:0005634,
4522,114-Shiura-MouseEmbryoDyn,Fig1a-g_E5.0_1,,GO:0010467; GO:0009048,GO:0005634,
4523,114-Shiura-MouseEmbryoDyn,Fig1a-g_E5.0_2,,GO:0010467; GO:0009048,GO:0005634,
4524,114-Shiura-MouseEmbryoDyn,Fig1a-g_E5.0_3,,GO:0010467; GO:0009048,GO:0005634,
4525,114-Shiura-MouseEmbryoDyn,Fig1a-g_E5.0_4,,GO:0010467; GO:0009048,GO:0005634,
4526,114-Shiura-MouseEmbryoDyn,Fig1a-g_E5.25_1,,GO:0010467; GO:0009048,GO:0005634,
4527,114-Shiura-MouseEmbryoDyn,Fig1a-g_E5.25_2,,GO:0010467; GO:0009048,GO:0005634,
4528,114-Shiura-MouseEmbryoDyn,Fig1a-g_E5.25_3,,GO:0010467; GO:0009048,GO:0005634,
4529,114-Shiura-MouseEmbryoDyn,Fig1a-g_E5.50_1,,GO:0010467; GO:0009048,GO:0005634,
4530,114-Shiura-MouseEmbryoDyn,Fig1a-g_E5.50_2,,GO:0010467; GO:0009048,GO:0005634,
4531,114-Shiura-MouseEmbryoDyn,Fig1a-g_E5.50_3,,GO:0010467; GO:0009048,GO:0005634,
4532,114-Shiura-MouseEmbryoDyn,Fig1a-g_E5.50_4,,GO:0010467; GO:0009048,GO:0005634,
4533,114-Shiura-MouseEmbryoDyn,Fig1a-g_E6.5_1,,GO:0010467; GO:0009048,GO:0005634,
4534,114-Shiura-MouseEmbryoDyn,Fig1a-g_E6.5_2,,GO:0010467; GO:0009048,GO:0005634,
4535,114-Shiura-MouseEmbryoDyn,Fig1h_E4.75,,GO:0010467; GO:0009048,GO:0005634,
4536,114-Shiura-MouseEmbryoDyn,Fig1i_E5.5,,GO:0010467; GO:0009048,GO:0005634,
4537,114-Shiura-MouseEmbryoDyn,Fig1j_Lamp2_1,,GO:0010467; GO:0009048,GO:0005634,
4538,114-Shiura-MouseEmbryoDyn,Fig1j_Lamp2_2,,GO:0010467; GO:0009048,GO:0005634,
4539,114-Shiura-MouseEmbryoDyn,Fig1j_Lamp2_3,,GO:0010467; GO:0009048,GO:0005634,
4540,114-Shiura-MouseEmbryoDyn,Fig1j_Pgk1_1,,GO:0010467; GO:0009048,GO:0005634,
4541,114-Shiura-MouseEmbryoDyn,Fig1j_Pgk1_2,,GO:0010467; GO:0009048,GO:0005634,
4542,114-Shiura-MouseEmbryoDyn,Fig2a_E3.75_1,,GO:0010467; GO:0009048,GO:0005634,
4543,114-Shiura-MouseEmbryoDyn,Fig2a_E3.75_2,,GO:0010467; GO:0009048,GO:0005634,
4544,114-Shiura-MouseEmbryoDyn,Fig2a_E3.75_3,,GO:0010467; GO:0009048,GO:0005634,
4545,114-Shiura-MouseEmbryoDyn,Fig2a_E3.75_4,,GO:0010467; GO:0009048,GO:0005634,
4546,114-Shiura-MouseEmbryoDyn,Fig2a_E4.0_1,,GO:0010467; GO:0009048,GO:0005634,
4547,114-Shiura-MouseEmbryoDyn,Fig2a_E4.0_2,,GO:0010467; GO:0009048,GO:0005634,
4548,114-Shiura-MouseEmbryoDyn,Fig2a_E4.0_3,,GO:0010467; GO:0009048,GO:0005634,
4549,114-Shiura-MouseEmbryoDyn,Fig2a_E4.0_4,,GO:0010467; GO:0009048,GO:0005634,
4550,114-Shiura-MouseEmbryoDyn,Fig2a_E4.0_5,,GO:0010467; GO:0009048,GO:0005634,
4551,114-Shiura-MouseEmbryoDyn,Fig2a_E4.25_1,,GO:0010467; GO:0009048,GO:0005634,
4552,114-Shiura-MouseEmbryoDyn,Fig2a_E4.25_2,,GO:0010467; GO:0009048,GO:0005634,
4553,114-Shiura-MouseEmbryoDyn,Fig2a_E4.25_3,,GO:0010467; GO:0009048,GO:0005634,
4554,114-Shiura-MouseEmbryoDyn,Fig2a_E4.25_4,,GO:0010467; GO:0009048,GO:0005634,
4555,114-Shiura-MouseEmbryoDyn,Fig2a_E4.50_1,,GO:0010467; GO:0009048,GO:0005634,
4556,114-Shiura-MouseEmbryoDyn,Fig2a_E4.50_2,,GO:0010467; GO:0009048,GO:0005634,
4557,114-Shiura-MouseEmbryoDyn,Fig2a_E4.50_3,,GO:0010467; GO:0009048,GO:0005634,
4558,114-Shiura-MouseEmbryoDyn,Fig2a_E4.50_4,,GO:0010467; GO:0009048,GO:0005634,
4559,114-Shiura-MouseEmbryoDyn,Fig2a_E4.75_1,,GO:0010467; GO:0009048,GO:0005634,
4560,114-Shiura-MouseEmbryoDyn,Fig2a_E4.75_2,,GO:0010467; GO:0009048,GO:0005634,
4561,114-Shiura-MouseEmbryoDyn,Fig2a_E4.75_3,,GO:0010467; GO:0009048,GO:0005634,
4562,114-Shiura-MouseEmbryoDyn,Fig2a_E5.0_1,,GO:0010467; GO:0009048,GO:0005634,
4563,114-Shiura-MouseEmbryoDyn,Fig2a_E5.0_2,,GO:0010467; GO:0009048,GO:0005634,
4564,114-Shiura-MouseEmbryoDyn,Fig2a_E5.0_3,,GO:0010467; GO:0009048,GO:0005634,
4565,114-Shiura-MouseEmbryoDyn,Fig2a_E5.0_4,,GO:0010467; GO:0009048,GO:0005634,
4566,114-Shiura-MouseEmbryoDyn,Fig2a_E5.0_5,,GO:0010467; GO:0009048,GO:0005634,
4567,114-Shiura-MouseEmbryoDyn,Fig2a_E5.25_1,,GO:0010467; GO:0009048,GO:0005634,
4568,114-Shiura-MouseEmbryoDyn,Fig2a_E5.25_2,,GO:0010467; GO:0009048,GO:0005634,
4569,114-Shiura-MouseEmbryoDyn,Fig2a_E5.25_3,,GO:0010467; GO:0009048,GO:0005634,
4570,114-Shiura-MouseEmbryoDyn,Fig2a_E5.25_4,,GO:0010467; GO:0009048,GO:0005634,
4571,114-Shiura-MouseEmbryoDyn,Fig2a_E5.50_1,,GO:0010467; GO:0009048,GO:0005634,
4572,114-Shiura-MouseEmbryoDyn,Fig2a_E5.50_2,,GO:0010467; GO:0009048,GO:0005634,
4573,114-Shiura-MouseEmbryoDyn,Fig2a_E5.50_3,,GO:0010467; GO:0009048,GO:0005634,
4574,114-Shiura-MouseEmbryoDyn,Fig2a_E5.50_4,,GO:0010467; GO:0009048,GO:0005634,
4575,114-Shiura-MouseEmbryoDyn,Fig2b_E3.50_1,,GO:0010467; GO:0009048,GO:0005634,
4576,114-Shiura-MouseEmbryoDyn,Fig2b_E3.50_2,,GO:0010467; GO:0009048,GO:0005634,
4577,114-Shiura-MouseEmbryoDyn,Fig2b_E3.50_3,,GO:0010467; GO:0009048,GO:0005634,
4578,114-Shiura-MouseEmbryoDyn,Fig2b_E3.50_4,,GO:0010467; GO:0009048,GO:0005634,
4579,114-Shiura-MouseEmbryoDyn,Fig2b_E3.75_1,,GO:0010467; GO:0009048,GO:0005634,
4580,114-Shiura-MouseEmbryoDyn,Fig2b_E3.75_2,,GO:0010467; GO:0009048,GO:0005634,
4581,114-Shiura-MouseEmbryoDyn,Fig2b_E3.75_3,,GO:0010467; GO:0009048,GO:0005634,
4582,114-Shiura-MouseEmbryoDyn,Fig2b_E3.75_4,,GO:0010467; GO:0009048,GO:0005634,
4583,114-Shiura-MouseEmbryoDyn,Fig2b_E3.75_5,,GO:0010467; GO:0009048,GO:0005634,
4584,114-Shiura-MouseEmbryoDyn,Fig2b_E3.75_6,,GO:0010467; GO:0009048,GO:0005634,
4585,114-Shiura-MouseEmbryoDyn,Fig2b_E4.0_1,,GO:0010467; GO:0009048,GO:0005634,
4586,114-Shiura-MouseEmbryoDyn,Fig2b_E4.0_2,,GO:0010467; GO:0009048,GO:0005634,
4587,114-Shiura-MouseEmbryoDyn,Fig2b_E4.0_3,,GO:0010467; GO:0009048,GO:0005634,
4588,114-Shiura-MouseEmbryoDyn,Fig2b_E4.25_1,,GO:0010467; GO:0009048,GO:0005634,
4589,114-Shiura-MouseEmbryoDyn,Fig2b_E4.25_2,,GO:0010467; GO:0009048,GO:0005634,
4590,114-Shiura-MouseEmbryoDyn,Fig2b_E4.25_3,,GO:0010467; GO:0009048,GO:0005634,
4591,114-Shiura-MouseEmbryoDyn,Fig2b_E4.25_4,,GO:0010467; GO:0009048,GO:0005634,
4592,114-Shiura-MouseEmbryoDyn,Fig2b_E4.50_1,,GO:0010467; GO:0009048,GO:0005634,
4593,114-Shiura-MouseEmbryoDyn,Fig2b_E4.50_2,,GO:0010467; GO:0009048,GO:0005634,
4594,114-Shiura-MouseEmbryoDyn,Fig2b_E4.50_3,,GO:0010467; GO:0009048,GO:0005634,
4595,114-Shiura-MouseEmbryoDyn,Fig2b_E4.50_4,,GO:0010467; GO:0009048,GO:0005634,
4596,114-Shiura-MouseEmbryoDyn,Fig2b_E4.75_1,,GO:0010467; GO:0009048,GO:0005634,
4597,114-Shiura-MouseEmbryoDyn,Fig2b_E4.75_2,,GO:0010467; GO:0009048,GO:0005634,
4598,114-Shiura-MouseEmbryoDyn,Fig2b_E4.75_3,,GO:0010467; GO:0009048,GO:0005634,
4599,114-Shiura-MouseEmbryoDyn,Fig2b_E4.75_4,,GO:0010467; GO:0009048,GO:0005634,
4600,114-Shiura-MouseEmbryoDyn,Fig2b_E5.0_1,,GO:0010467; GO:0009048,GO:0005634,
4601,114-Shiura-MouseEmbryoDyn,Fig2b_E5.0_2,,GO:0010467; GO:0009048,GO:0005634,
4602,114-Shiura-MouseEmbryoDyn,Fig2b_E5.0_3,,GO:0010467; GO:0009048,GO:0005634,
4603,114-Shiura-MouseEmbryoDyn,Fig2b_E5.0_4,,GO:0010467; GO:0009048,GO:0005634,
4604,114-Shiura-MouseEmbryoDyn,Fig2b_E5.25_1,,GO:0010467; GO:0009048,GO:0005634,
4605,114-Shiura-MouseEmbryoDyn,Fig2b_E5.25_2,,GO:0010467; GO:0009048,GO:0005634,
4606,114-Shiura-MouseEmbryoDyn,Fig2b_E5.25_3,,GO:0010467; GO:0009048,GO:0005634,
4607,114-Shiura-MouseEmbryoDyn,Fig2b_E5.25_4,,GO:0010467; GO:0009048,GO:0005634,
4608,114-Shiura-MouseEmbryoDyn,Fig2b_E5.25_5,,GO:0010467; GO:0009048,GO:0005634,
4609,114-Shiura-MouseEmbryoDyn,Fig2b_E5.50_1,,GO:0010467; GO:0009048,GO:0005634,
4610,114-Shiura-MouseEmbryoDyn,Fig2b_E5.50_2,,GO:0010467; GO:0009048,GO:0005634,
4611,114-Shiura-MouseEmbryoDyn,Fig2b_E5.50_3,,GO:0010467; GO:0009048,GO:0005634,
4612,114-Shiura-MouseEmbryoDyn,Fig2b_E5.50_4,,GO:0010467; GO:0009048,GO:0005634,
4613,114-Shiura-MouseEmbryoDyn,Fig2c_E5.0,,GO:0010467; GO:0009048,GO:0005634,
4614,114-Shiura-MouseEmbryoDyn,Fig2d_E4.25,,GO:0010467; GO:0009048,GO:0005634,
4615,114-Shiura-MouseEmbryoDyn,Fig2e-g_E4.5,,GO:0010467; GO:0009048,GO:0005634,
4616,114-Shiura-MouseEmbryoDyn,Fig3a_5mC5hmc_E4.5,,GO:0010467; GO:0009048,GO:0005634,
4617,114-Shiura-MouseEmbryoDyn,Fig3a_5mC5hmc_E4.75,,GO:0010467; GO:0009048,GO:0005634,
4618,114-Shiura-MouseEmbryoDyn,Fig3a_5mC5hmc_E5.25,,GO:0010467; GO:0009048,GO:0005634,
4619,114-Shiura-MouseEmbryoDyn,Fig3b_H3K9me2_E4.5,,GO:0010467; GO:0009048,GO:0005634,
4620,114-Shiura-MouseEmbryoDyn,Fig3b_H3K9me2_E4.75,,GO:0010467; GO:0009048,GO:0005634,
4621,114-Shiura-MouseEmbryoDyn,Fig3b_H3K9me2_E5.5,,GO:0010467; GO:0009048,GO:0005634,
4622,114-Shiura-MouseEmbryoDyn,Fig3b_H3K9me3_E4.5,,GO:0010467; GO:0009048,GO:0005634,
4623,114-Shiura-MouseEmbryoDyn,Fig3b_H3K9me3_E4.75,,GO:0010467; GO:0009048,GO:0005634,
4624,114-Shiura-MouseEmbryoDyn,Fig3b_H3K9me3_E5.5,,GO:0010467; GO:0009048,GO:0005634,
4625,114-Shiura-MouseEmbryoDyn,Fig3c_H3K27me3_E3.5,,GO:0010467; GO:0009048,GO:0005634,
4626,114-Shiura-MouseEmbryoDyn,Fig3c_H3K27me3_E4.5,,GO:0010467; GO:0009048,GO:0005634,
4627,114-Shiura-MouseEmbryoDyn,Fig3c_H3K27me3_E4.75,,GO:0010467; GO:0009048,GO:0005634,
4628,114-Shiura-MouseEmbryoDyn,Fig3a_H3K27me3_E5.25,,GO:0010467; GO:0009048,GO:0005634,
4629,114-Shiura-MouseEmbryoDyn,Fig3d_E4.5,,GO:0010467; GO:0009048,GO:0005634,
4630,114-Shiura-MouseEmbryoDyn,Fig3d_E5.5,,GO:0010467; GO:0009048,GO:0005634,
4631,114-Shiura-MouseEmbryoDyn,FigS1a_E3.5_ICM-Epi,,GO:0010467; GO:0009048,GO:0005634,
4632,114-Shiura-MouseEmbryoDyn,FigS1a_E3.5_TE-ExE,,GO:0010467; GO:0009048,GO:0005634,
4633,114-Shiura-MouseEmbryoDyn,FigS1a_E3.75_ICM-Epi,,GO:0010467; GO:0009048,GO:0005634,
4634,114-Shiura-MouseEmbryoDyn,FigS1a_E3.75_PE-VE,,GO:0010467; GO:0009048,GO:0005634,
4635,114-Shiura-MouseEmbryoDyn,FigS1a_E3.75_TE-ExE,,GO:0010467; GO:0009048,GO:0005634,
4636,114-Shiura-MouseEmbryoDyn,FigS1a_E4.0_ICM-Epi,,GO:0010467; GO:0009048,GO:0005634,
4637,114-Shiura-MouseEmbryoDyn,FigS1a_E4.0_PE-VE,,GO:0010467; GO:0009048,GO:0005634,
4638,114-Shiura-MouseEmbryoDyn,FigS1a_E4.0_TE-ExE,,GO:0010467; GO:0009048,GO:0005634,
4639,114-Shiura-MouseEmbryoDyn,FigS1a_E4.25_ICM-Epi,,GO:0010467; GO:0009048,GO:0005634,
4640,114-Shiura-MouseEmbryoDyn,FigS1a_E4.25_PE-VE,,GO:0010467; GO:0009048,GO:0005634,
4641,114-Shiura-MouseEmbryoDyn,FigS1a_E4.25_TE-ExE,,GO:0010467; GO:0009048,GO:0005634,
4642,114-Shiura-MouseEmbryoDyn,FigS1a_E4.50_ICM-Epi,,GO:0010467; GO:0009048,GO:0005634,
4643,114-Shiura-MouseEmbryoDyn,FigS1a_E4.50_PE-VE,,GO:0010467; GO:0009048,GO:0005634,
4644,114-Shiura-MouseEmbryoDyn,FigS1a_E4.50_TE-ExE,,GO:0010467; GO:0009048,GO:0005634,
4645,114-Shiura-MouseEmbryoDyn,FigS1a_E4.75_ICM-Epi,,GO:0010467; GO:0009048,GO:0005634,
4646,114-Shiura-MouseEmbryoDyn,FigS1a_E4.75_PE-VE,,GO:0010467; GO:0009048,GO:0005634,
4647,114-Shiura-MouseEmbryoDyn,FigS1a_E4.75_TE-ExE,,GO:0010467; GO:0009048,GO:0005634,
4648,114-Shiura-MouseEmbryoDyn,FigS1a_E5.0_ICM-Epi,,GO:0010467; GO:0009048,GO:0005634,
4649,114-Shiura-MouseEmbryoDyn,FigS1a_E5.0_PE-VE,,GO:0010467; GO:0009048,GO:0005634,
4650,114-Shiura-MouseEmbryoDyn,FigS1a_E5.0_TE-ExE,,GO:0010467; GO:0009048,GO:0005634,
4651,114-Shiura-MouseEmbryoDyn,FigS1a_E5.25_ICM-Epi,,GO:0010467; GO:0009048,GO:0005634,
4652,114-Shiura-MouseEmbryoDyn,FigS1a_E5.25_PE-VE,,GO:0010467; GO:0009048,GO:0005634,
4653,114-Shiura-MouseEmbryoDyn,FigS1a_E5.25_TE-ExE,,GO:0010467; GO:0009048,GO:0005634,
4654,114-Shiura-MouseEmbryoDyn,FigS1a_E5.50_ICM-Epi,,GO:0010467; GO:0009048,GO:0005634,
4655,114-Shiura-MouseEmbryoDyn,FigS1a_E5.50_PE-VE,,GO:0010467; GO:0009048,GO:0005634,
4656,114-Shiura-MouseEmbryoDyn,FigS1a_E5.50_TE-ExE,,GO:0010467; GO:0009048,GO:0005634,
4657,114-Shiura-MouseEmbryoDyn,FigS1b_NANOG_GATA6_E4.0,,GO:0010467; GO:0009048,GO:0005634,
4658,114-Shiura-MouseEmbryoDyn,FigS2_Lamp2_1,,GO:0010467; GO:0009048,GO:0005634,
4659,114-Shiura-MouseEmbryoDyn,FigS2_Lamp2_2,,GO:0010467; GO:0009048,GO:0005634,
4660,114-Shiura-MouseEmbryoDyn,FigS2_Lamp2_3,,GO:0010467; GO:0009048,GO:0005634,
4661,114-Shiura-MouseEmbryoDyn,FigS2_Pgk1_1,,GO:0010467; GO:0009048,GO:0005634,
4662,114-Shiura-MouseEmbryoDyn,FigS2_Pgk1_2,,GO:0010467; GO:0009048,GO:0005634,
4663,114-Shiura-MouseEmbryoDyn,FigS3a_E5.25_1,,GO:0010467; GO:0009048,GO:0005634,
4664,114-Shiura-MouseEmbryoDyn,FigS3a_E5.25_2,,GO:0010467; GO:0009048,GO:0005634,
4665,114-Shiura-MouseEmbryoDyn,FigS3a_E5.25_3,,GO:0010467; GO:0009048,GO:0005634,
4666,114-Shiura-MouseEmbryoDyn,FigS3a_E5.50_1,,GO:0010467; GO:0009048,GO:0005634,
4667,114-Shiura-MouseEmbryoDyn,FigS3a_E5.50_2,,GO:0010467; GO:0009048,GO:0005634,
4668,114-Shiura-MouseEmbryoDyn,FigS3a_E5.50_3,,GO:0010467; GO:0009048,GO:0005634,
4669,114-Shiura-MouseEmbryoDyn,FigS3a_E5.50_4,,GO:0010467; GO:0009048,GO:0005634,
4670,114-Shiura-MouseEmbryoDyn,FigS3b_E5.5,,GO:0010467; GO:0009048,GO:0005634,
4671,114-Shiura-MouseEmbryoDyn,FigS3c_E5.5,,GO:0010467; GO:0009048,GO:0005634,
4672,114-Shiura-MouseEmbryoDyn,FigS4a_E5.5,,GO:0010467; GO:0009048,GO:0005634,
4673,114-Shiura-MouseEmbryoDyn,FigS4b_E5.5,,GO:0010467; GO:0009048,GO:0005634,
4674,114-Shiura-MouseEmbryoDyn,VideoS1_E5.5,,GO:0010467; GO:0009048,GO:0005634,
4675,114-Shiura-MouseEmbryoDyn,VideoS2_E3.5,,GO:0010467; GO:0009048,GO:0005634,
4676,115-Nabeshima-DuodenumVilliCell,fig2G_tamoxifen_day1,,GO:0009790; GO:0006306,,
4677,115-Nabeshima-DuodenumVilliCell,fig2H_tamoxifen_day3,,GO:0009790; GO:0006306,,
4678,115-Nabeshima-DuodenumVilliCell,fig2I_tamoxifen_day5,,GO:0009790; GO:0006306,,
4679,116-Yamada-Glycogen,1E3rdMSGlc-2_Render_SeriesR,,GO:0005980,GO:0005623,
4680,116-Yamada-Glycogen,1E3rdMSGlc-2_Render_SeriesRGB,,GO:0005980,GO:0005623,
4681,116-Yamada-Glycogen,2E3rdFBGlc-1_Render_SeriesR,,GO:0005980,GO:0005623,
4682,116-Yamada-Glycogen,2E3rdFBGlc-1_Render_SeriesRGB,,GO:0005980,GO:0005623,
4683,116-Yamada-Glycogen,5E3rd4hrSTMSGlc-1_Render_SeriesR,,GO:0005980,GO:0005623,
4684,116-Yamada-Glycogen,5E3rd4hrSTMSGlc-1_Render_SeriesRGB,,GO:0005980,GO:0005623,
4685,116-Yamada-Glycogen,6E3rd4hrSTFBGlc-1_Render_SeriesR,,GO:0005980,GO:0005623,
4686,116-Yamada-Glycogen,6E3rd4hrSTFBGlc-1_Render_SeriesRGB,,GO:0005980,GO:0005623,
4687,116-Yamada-Glycogen,9E3rd24hrSTMSGlc-1_Render_SeriesR,,GO:0005980,GO:0005623,
4688,116-Yamada-Glycogen,9E3rd24hrSTMSGlc-1_Render_SeriesRGB,,GO:0005980,GO:0005623,
4689,116-Yamada-Glycogen,10E3rd24hrSTFBGlc-1_Render_SeriesR,,GO:0005980,GO:0005623,
4690,116-Yamada-Glycogen,10E3rd24hrSTFBGlc-1_Render_SeriesRGB,,GO:0005980,GO:0005623,
4691,118-Iraha-hESCRetina,Fig4F_photoreceptor,,GO:0060041; GO:0042462,GO:0097733,
4692,118-Iraha-hESCRetina,Fig4F_photoreceptor_high1,,GO:0060041; GO:0042462,GO:0097733,
4693,118-Iraha-hESCRetina,Fig4F_photoreceptor_high2,,GO:0060041; GO:0042462,GO:0097733,
4694,118-Iraha-hESCRetina,Fig4G_photoreceptor_cilia,,GO:0060041; GO:0042462,GO:0097733,
4695,119-Sakashita-FishVertebrae,Acropoma_hanedai_SL82mm.zip,,GO:0060343; GO:0061056,,
4696,119-Sakashita-FishVertebrae,Acropoma_hanedai_SL82mm.zip,,GO:0060343; GO:0061056,,
4697,119-Sakashita-FishVertebrae,Acropoma_hanedai_SL82mm.zip,,GO:0060343; GO:0061056,,
4698,119-Sakashita-FishVertebrae,Chaunax_abei_SL178mm.zip,,GO:0060343; GO:0061056,,
4699,119-Sakashita-FishVertebrae,Chaunax_abei_SL178mm.zip,,GO:0060343; GO:0061056,,
4700,119-Sakashita-FishVertebrae,Chaunax_abei_SL178mm.zip,,GO:0060343; GO:0061056,,
4701,119-Sakashita-FishVertebrae,Chaunax_abei_SL188mm.zip,,GO:0060343; GO:0061056,,
4702,119-Sakashita-FishVertebrae,Chaunax_abei_SL188mm.zip,,GO:0060343; GO:0061056,,
4703,119-Sakashita-FishVertebrae,Chaunax_abei_SL188mm.zip,,GO:0060343; GO:0061056,,
4704,119-Sakashita-FishVertebrae,Chaunax_abei_SL209mm.zip,,GO:0060343; GO:0061056,,
4705,119-Sakashita-FishVertebrae,Chaunax_abei_SL209mm.zip,,GO:0060343; GO:0061056,,
4706,119-Sakashita-FishVertebrae,Chaunax_abei_SL209mm.zip,,GO:0060343; GO:0061056,,
4707,119-Sakashita-FishVertebrae,Chelidonichthys_spinosus_SL223mm.zip,,GO:0060343; GO:0061056,,
4708,119-Sakashita-FishVertebrae,Chelidonichthys_spinosus_SL223mm.zip,,GO:0060343; GO:0061056,,
4709,119-Sakashita-FishVertebrae,Chelidonichthys_spinosus_SL223mm.zip,,GO:0060343; GO:0061056,,
4710,119-Sakashita-FishVertebrae,Chelidonichthys_spinosus_SL237mm.zip,,GO:0060343; GO:0061056,,
4711,119-Sakashita-FishVertebrae,Chelidonichthys_spinosus_SL237mm.zip,,GO:0060343; GO:0061056,,
4712,119-Sakashita-FishVertebrae,Chelidonichthys_spinosus_SL237mm.zip,,GO:0060343; GO:0061056,,
4713,119-Sakashita-FishVertebrae,Cololabis_saira_SL274mm.zip,,GO:0060343; GO:0061056,,
4714,119-Sakashita-FishVertebrae,Cololabis_saira_SL274mm.zip,,GO:0060343; GO:0061056,,
4715,119-Sakashita-FishVertebrae,Cololabis_saira_SL274mm.zip,,GO:0060343; GO:0061056,,
4716,119-Sakashita-FishVertebrae,Cololabis_saira_SL281mm.zip,,GO:0060343; GO:0061056,,
4717,119-Sakashita-FishVertebrae,Cololabis_saira_SL281mm.zip,,GO:0060343; GO:0061056,,
4718,119-Sakashita-FishVertebrae,Cololabis_saira_SL281mm.zip,,GO:0060343; GO:0061056,,
4719,119-Sakashita-FishVertebrae,Helicolenus_hilgendorfii_SL145mm.zip,,GO:0060343; GO:0061056,,
4720,119-Sakashita-FishVertebrae,Helicolenus_hilgendorfii_SL145mm.zip,,GO:0060343; GO:0061056,,
4721,119-Sakashita-FishVertebrae,Helicolenus_hilgendorfii_SL145mm.zip,,GO:0060343; GO:0061056,,
4722,119-Sakashita-FishVertebrae,Helicolenus_hilgendorfii_SL177mm.zip,,GO:0060343; GO:0061056,,
4723,119-Sakashita-FishVertebrae,Helicolenus_hilgendorfii_SL177mm.zip,,GO:0060343; GO:0061056,,
4724,119-Sakashita-FishVertebrae,Helicolenus_hilgendorfii_SL177mm.zip,,GO:0060343; GO:0061056,,
4725,119-Sakashita-FishVertebrae,Hippoglossoides_dubius_SLV150mm.zip,,GO:0060343; GO:0061056,,
4726,119-Sakashita-FishVertebrae,Hippoglossoides_dubius_SLV150mm.zip,,GO:0060343; GO:0061056,,
4727,119-Sakashita-FishVertebrae,Histiopterus_typus_SL80mm.zip,,GO:0060343; GO:0061056,,
4728,119-Sakashita-FishVertebrae,Histiopterus_typus_SL80mm.zip,,GO:0060343; GO:0061056,,
4729,119-Sakashita-FishVertebrae,Histiopterus_typus_SL80mm.zip,,GO:0060343; GO:0061056,,
4730,119-Sakashita-FishVertebrae,Konosirus_punctatus_SL127mm.zip,,GO:0060343; GO:0061056,,
4731,119-Sakashita-FishVertebrae,Konosirus_punctatus_SL127mm.zip,,GO:0060343; GO:0061056,,
4732,119-Sakashita-FishVertebrae,Konosirus_punctatus_SL127mm.zip,,GO:0060343; GO:0061056,,
4733,119-Sakashita-FishVertebrae,Konosirus_punctatus_SL130mm.zip,,GO:0060343; GO:0061056,,
4734,119-Sakashita-FishVertebrae,Konosirus_punctatus_SL130mm.zip,,GO:0060343; GO:0061056,,
4735,119-Sakashita-FishVertebrae,Konosirus_punctatus_SL130mm.zip,,GO:0060343; GO:0061056,,
4736,119-Sakashita-FishVertebrae,Konosirus_punctatus_SL131mm.zip,,GO:0060343; GO:0061056,,
4737,119-Sakashita-FishVertebrae,Konosirus_punctatus_SL131mm.zip,,GO:0060343; GO:0061056,,
4738,119-Sakashita-FishVertebrae,Konosirus_punctatus_SL131mm.zip,,GO:0060343; GO:0061056,,
4739,119-Sakashita-FishVertebrae,Konosirus_punctatus_SL135mm.zip,,GO:0060343; GO:0061056,,
4740,119-Sakashita-FishVertebrae,Konosirus_punctatus_SL135mm.zip,,GO:0060343; GO:0061056,,
4741,119-Sakashita-FishVertebrae,Konosirus_punctatus_SL135mm.zip,,GO:0060343; GO:0061056,,
4742,119-Sakashita-FishVertebrae,Lophiomus_setigerus_SL285mm.zip,,GO:0060343; GO:0061056,,
4743,119-Sakashita-FishVertebrae,Lophiomus_setigerus_SL285mm.zip,,GO:0060343; GO:0061056,,
4744,119-Sakashita-FishVertebrae,Lophiomus_setigerus_SL285mm.zip,,GO:0060343; GO:0061056,,
4745,119-Sakashita-FishVertebrae,Lophius_litulon_SL452mm.zip,,GO:0060343; GO:0061056,,
4746,119-Sakashita-FishVertebrae,Lophius_litulon_SL452mm.zip,,GO:0060343; GO:0061056,,
4747,119-Sakashita-FishVertebrae,Lophius_litulon_SL452mm.zip,,GO:0060343; GO:0061056,,
4748,119-Sakashita-FishVertebrae,Lophius_litulon_SL623mm.zip,,GO:0060343; GO:0061056,,
4749,119-Sakashita-FishVertebrae,Lophius_litulon_SL623mm.zip,,GO:0060343; GO:0061056,,
4750,119-Sakashita-FishVertebrae,Lophius_litulon_SL623mm.zip,,GO:0060343; GO:0061056,,
4751,119-Sakashita-FishVertebrae,Macroramphosus_sagifue_SL89mm.zip,,GO:0060343; GO:0061056,,
4752,119-Sakashita-FishVertebrae,Macroramphosus_sagifue_SL89mm.zip,,GO:0060343; GO:0061056,,
4753,119-Sakashita-FishVertebrae,Macroramphosus_sagifue_SL89mm.zip,,GO:0060343; GO:0061056,,
4754,119-Sakashita-FishVertebrae,Macroramphosus_sagifue_SL90mm.zip,,GO:0060343; GO:0061056,,
4755,119-Sakashita-FishVertebrae,Macroramphosus_sagifue_SL90mm.zip,,GO:0060343; GO:0061056,,
4756,119-Sakashita-FishVertebrae,Macroramphosus_sagifue_SL90mm.zip,,GO:0060343; GO:0061056,,
4757,119-Sakashita-FishVertebrae,Macrorhamphosodes_uradoi_SL126mm.zip,,GO:0060343; GO:0061056,,
4758,119-Sakashita-FishVertebrae,Macrorhamphosodes_uradoi_SL126mm.zip,,GO:0060343; GO:0061056,,
4759,119-Sakashita-FishVertebrae,Macrorhamphosodes_uradoi_SL126mm.zip,,GO:0060343; GO:0061056,,
4760,119-Sakashita-FishVertebrae,Macrorhamphosodes_uradoi_SL146mm.zip,,GO:0060343; GO:0061056,,
4761,119-Sakashita-FishVertebrae,Macrorhamphosodes_uradoi_SL146mm.zip,,GO:0060343; GO:0061056,,
4762,119-Sakashita-FishVertebrae,Macrorhamphosodes_uradoi_SL146mm.zip,,GO:0060343; GO:0061056,,
4763,119-Sakashita-FishVertebrae,Macrorhamphosodes_uradoi_SL93mm.zip,,GO:0060343; GO:0061056,,
4764,119-Sakashita-FishVertebrae,Macrorhamphosodes_uradoi_SL93mm.zip,,GO:0060343; GO:0061056,,
4765,119-Sakashita-FishVertebrae,Macrorhamphosodes_uradoi_SL93mm.zip,,GO:0060343; GO:0061056,,
4766,119-Sakashita-FishVertebrae,Muraenesox_cinereus_TL860mm.zip,,GO:0060343; GO:0061056,,
4767,119-Sakashita-FishVertebrae,Muraenesox_cinereus_TL860mm.zip,,GO:0060343; GO:0061056,,
4768,119-Sakashita-FishVertebrae,Muraenesox_cinereus_TL860mm.zip,,GO:0060343; GO:0061056,,
4769,119-Sakashita-FishVertebrae,Pagrus_major_TL230mm.zip,,GO:0060343; GO:0061056,,
4770,119-Sakashita-FishVertebrae,Pagrus_major_TL230mm.zip,,GO:0060343; GO:0061056,,
4771,119-Sakashita-FishVertebrae,Pagrus_major_TL230mm.zip,,GO:0060343; GO:0061056,,
4772,119-Sakashita-FishVertebrae,Paralichthys_olivaceus_SL218mm.zip,,GO:0060343; GO:0061056,,
4773,119-Sakashita-FishVertebrae,Paralichthys_olivaceus_SL218mm.zip,,GO:0060343; GO:0061056,,
4774,119-Sakashita-FishVertebrae,Plecoglossus_altivelis_altivelis_SL227mm.zip,,GO:0060343; GO:0061056,,
4775,119-Sakashita-FishVertebrae,Plecoglossus_altivelis_altivelis_SL227mm.zip,,GO:0060343; GO:0061056,,
4776,119-Sakashita-FishVertebrae,Rexea_prometheoides_SL278mm.zip,,GO:0060343; GO:0061056,,
4777,119-Sakashita-FishVertebrae,Rexea_prometheoides_SL278mm.zip,,GO:0060343; GO:0061056,,
4778,119-Sakashita-FishVertebrae,Rexea_prometheoides_SL278mm.zip,,GO:0060343; GO:0061056,,
4779,119-Sakashita-FishVertebrae,Sardinops_melanostictus_SL185mm.zip,,GO:0060343; GO:0061056,,
4780,119-Sakashita-FishVertebrae,Sardinops_melanostictus_SL185mm.zip,,GO:0060343; GO:0061056,,
4781,119-Sakashita-FishVertebrae,Sardinops_melanostictus_SL185mm.zip,,GO:0060343; GO:0061056,,
4782,119-Sakashita-FishVertebrae,Scarus_forsteni_SL182mm.zip,,GO:0060343; GO:0061056,,
4783,119-Sakashita-FishVertebrae,Scarus_forsteni_SL182mm.zip,,GO:0060343; GO:0061056,,
4784,119-Sakashita-FishVertebrae,Scarus_forsteni_SL182mm.zip,,GO:0060343; GO:0061056,,
4785,119-Sakashita-FishVertebrae,Scomber_japonicus_SL298mm.zip,,GO:0060343; GO:0061056,,
4786,119-Sakashita-FishVertebrae,Scomber_japonicus_SL298mm.zip,,GO:0060343; GO:0061056,,
4787,119-Sakashita-FishVertebrae,Scomber_japonicus_SL298mm.zip,,GO:0060343; GO:0061056,,
4788,119-Sakashita-FishVertebrae,Sebastes_oblongus_TL240mm.zip,,GO:0060343; GO:0061056,,
4789,119-Sakashita-FishVertebrae,Sebastes_oblongus_TL240mm.zip,,GO:0060343; GO:0061056,,
4790,119-Sakashita-FishVertebrae,Sebastes_oblongus_TL240mm.zip,,GO:0060343; GO:0061056,,
4791,119-Sakashita-FishVertebrae,Sebastes_zonatus_SLV120mm.zip,,GO:0060343; GO:0061056,,
4792,119-Sakashita-FishVertebrae,Sebastes_zonatus_SLV120mm.zip,,GO:0060343; GO:0061056,,
4793,119-Sakashita-FishVertebrae,Sebastes_zonatus_SLV120mm.zip,,GO:0060343; GO:0061056,,
4794,119-Sakashita-FishVertebrae,Sillago_japonica_SL188mm.zip,,GO:0060343; GO:0061056,,
4795,119-Sakashita-FishVertebrae,Sillago_japonica_SL188mm.zip,,GO:0060343; GO:0061056,,
4796,119-Sakashita-FishVertebrae,Sillago_japonica_SL188mm.zip,,GO:0060343; GO:0061056,,
4797,119-Sakashita-FishVertebrae,Sillago_japonica_SL211mm.zip,,GO:0060343; GO:0061056,,
4798,119-Sakashita-FishVertebrae,Sillago_japonica_SL211mm.zip,,GO:0060343; GO:0061056,,
4799,119-Sakashita-FishVertebrae,Sillago_japonica_SL211mm.zip,,GO:0060343; GO:0061056,,
4800,119-Sakashita-FishVertebrae,Sphyraena_pinguis_SL264mm.zip,,GO:0060343; GO:0061056,,
4801,119-Sakashita-FishVertebrae,Sphyraena_pinguis_SL264mm.zip,,GO:0060343; GO:0061056,,
4802,119-Sakashita-FishVertebrae,Sphyraena_pinguis_SL264mm.zip,,GO:0060343; GO:0061056,,
4803,119-Sakashita-FishVertebrae,Sphyraena_pinguis_SL291mm.zip,,GO:0060343; GO:0061056,,
4804,119-Sakashita-FishVertebrae,Sphyraena_pinguis_SL291mm.zip,,GO:0060343; GO:0061056,,
4805,119-Sakashita-FishVertebrae,Sphyraena_pinguis_SL291mm.zip,,GO:0060343; GO:0061056,,
4806,119-Sakashita-FishVertebrae,Takifugu_pardalis_TL170mm.zip,,GO:0060343; GO:0061056,,
4807,119-Sakashita-FishVertebrae,Takifugu_pardalis_TL170mm.zip,,GO:0060343; GO:0061056,,
4808,119-Sakashita-FishVertebrae,Takifugu_pardalis_TL170mm.zip,,GO:0060343; GO:0061056,,
4809,119-Sakashita-FishVertebrae,Takifugu_snyderi_TL210mm.zip,,GO:0060343; GO:0061056,,
4810,119-Sakashita-FishVertebrae,Takifugu_snyderi_TL210mm.zip,,GO:0060343; GO:0061056,,
4811,119-Sakashita-FishVertebrae,Takifugu_stictonotus_SLV93mm.zip,,GO:0060343; GO:0061056,,
4812,119-Sakashita-FishVertebrae,Takifugu_stictonotus_SLV93mm.zip,,GO:0060343; GO:0061056,,
4813,119-Sakashita-FishVertebrae,Takifugu_stictonotus_SLV93mm.zip,,GO:0060343; GO:0061056,,
4814,119-Sakashita-FishVertebrae,Thunnus_orientalis_SL429mm.zip,,GO:0060343; GO:0061056,,
4815,119-Sakashita-FishVertebrae,Thunnus_orientalis_SL429mm.zip,,GO:0060343; GO:0061056,,
4816,119-Sakashita-FishVertebrae,Thunnus_orientalis_SL429mm.zip,,GO:0060343; GO:0061056,,
4817,119-Sakashita-FishVertebrae,Thunnus_orientalis_SL558mm.zip,,GO:0060343; GO:0061056,,
4818,119-Sakashita-FishVertebrae,Thunnus_orientalis_SL558mm.zip,,GO:0060343; GO:0061056,,
4819,119-Sakashita-FishVertebrae,Thunnus_orientalis_SL558mm.zip,,GO:0060343; GO:0061056,,
4820,119-Sakashita-FishVertebrae,Thunnus_tonggol_TL550mm.zip,,GO:0060343; GO:0061056,,
4821,119-Sakashita-FishVertebrae,Thunnus_tonggol_TL550mm.zip,,GO:0060343; GO:0061056,,
4822,119-Sakashita-FishVertebrae,Trachurus_japonicus_TL320mm.zip,,GO:0060343; GO:0061056,,
4823,119-Sakashita-FishVertebrae,Trachurus_japonicus_TL320mm.zip,,GO:0060343; GO:0061056,,
4824,119-Sakashita-FishVertebrae,Trachurus_japonicus_TL320mm.zip,,GO:0060343; GO:0061056,,
4825,119-Sakashita-FishVertebrae,Zenopsis_nebulosa_SL360mm.zip,,GO:0060343; GO:0061056,,
4826,119-Sakashita-FishVertebrae,Zenopsis_nebulosa_SL360mm.zip,,GO:0060343; GO:0061056,,
4827,119-Sakashita-FishVertebrae,Zenopsis_nebulosa_SL360mm.zip,,GO:0060343; GO:0061056,,
4828,119-Sakashita-FishVertebrae,Zeus_faber_SL359mm.zip,,GO:0060343; GO:0061056,,
4829,119-Sakashita-FishVertebrae,Zeus_faber_SL359mm.zip,,GO:0060343; GO:0061056,,
4830,119-Sakashita-FishVertebrae,Zeus_faber_TL210mm.zip,,GO:0060343; GO:0061056,,
4831,119-Sakashita-FishVertebrae,Zeus_faber_TL210mm.zip,,GO:0060343; GO:0061056,,
4832,119-Sakashita-FishVertebrae,Zeus_faber_TL210mm.zip,,GO:0060343; GO:0061056,,
4833,119-Sakashita-FishVertebrae,Zeus_faber_TL300mm.zip,,GO:0060343; GO:0061056,,
4834,119-Sakashita-FishVertebrae,Zeus_faber_TL300mm.zip,,GO:0060343; GO:0061056,,
4835,119-Sakashita-FishVertebrae,Zeus_faber_TL300mm.zip,,GO:0060343; GO:0061056,,
4836,121-Inoue-SingleCellDyn,Fig1_7_170214_nonstim_S6K_w2CFP,,GO:0014902,,
4837,121-Inoue-SingleCellDyn,Fig1_7_170214_nonstim_S6K_w3FRET_YFP,,GO:0014902,,
4838,121-Inoue-SingleCellDyn,Fig11_Eevee_S6K_GMM_ratio_s1,,GO:0014902,,
4839,121-Inoue-SingleCellDyn,Fig11_Eevee_S6K_GMM_ratio_s2,,GO:0014902,,
4840,121-Inoue-SingleCellDyn,Fig11_Eevee_S6K_GMM_ratio_s3,,GO:0014902,,
4841,121-Inoue-SingleCellDyn,Fig11_Eevee_S6K_GMM_ratio_s4,,GO:0014902,,
4842,121-Inoue-SingleCellDyn,Fig11_Eevee_S6K_GMM_ratio_s5,,GO:0014902,,
4843,121-Inoue-SingleCellDyn,Fig11_Eevee_S6K_GMM_ratio_s6,,GO:0014902,,
4844,121-Inoue-SingleCellDyn,Fig11_Eevee_S6K_GMM_ratio_s7,,GO:0014902,,
4845,121-Inoue-SingleCellDyn,Fig11_Eevee_S6K_GMM_ratio_s8,,GO:0014902,,
4846,121-Inoue-SingleCellDyn,Fig11_Eevee_S6K_GMM_w2CFP_s1,,GO:0014902,,
4847,121-Inoue-SingleCellDyn,Fig11_Eevee_S6K_GMM_w2CFP_s2,,GO:0014902,,
4848,121-Inoue-SingleCellDyn,Fig11_Eevee_S6K_GMM_w2CFP_s3,,GO:0014902,,
4849,121-Inoue-SingleCellDyn,Fig11_Eevee_S6K_GMM_w2CFP_s4,,GO:0014902,,
4850,121-Inoue-SingleCellDyn,Fig11_Eevee_S6K_GMM_w2CFP_s5,,GO:0014902,,
4851,121-Inoue-SingleCellDyn,Fig11_Eevee_S6K_GMM_w2CFP_s6,,GO:0014902,,
4852,121-Inoue-SingleCellDyn,Fig11_Eevee_S6K_GMM_w2CFP_s7,,GO:0014902,,
4853,121-Inoue-SingleCellDyn,Fig11_Eevee_S6K_GMM_w2CFP_s8,,GO:0014902,,
4854,121-Inoue-SingleCellDyn,Fig11_Eevee_S6K_GMM_w3FRET_YFP_s1,,GO:0014902,,
4855,121-Inoue-SingleCellDyn,Fig11_Eevee_S6K_GMM_w3FRET_YFP_s2,,GO:0014902,,
4856,121-Inoue-SingleCellDyn,Fig11_Eevee_S6K_GMM_w3FRET_YFP_s3,,GO:0014902,,
4857,121-Inoue-SingleCellDyn,Fig11_Eevee_S6K_GMM_w3FRET_YFP_s4,,GO:0014902,,
4858,121-Inoue-SingleCellDyn,Fig11_Eevee_S6K_GMM_w3FRET_YFP_s5,,GO:0014902,,
4859,121-Inoue-SingleCellDyn,Fig11_Eevee_S6K_GMM_w3FRET_YFP_s6,,GO:0014902,,
4860,121-Inoue-SingleCellDyn,Fig11_Eevee_S6K_GMM_w3FRET_YFP_s7,,GO:0014902,,
4861,121-Inoue-SingleCellDyn,Fig11_Eevee_S6K_GMM_w3FRET_YFP_s8,,GO:0014902,,
4862,121-Inoue-SingleCellDyn,Fig11_mitAT1.03_GMM_ratio,,GO:0014902,,
4863,121-Inoue-SingleCellDyn,Fig11_mitAT1.03_GMM_w1CFP,,GO:0014902,,
4864,121-Inoue-SingleCellDyn,Fig11_mitAT1.03_GMM_w2YFP,,GO:0014902,,
4865,123-Yalikun-ZygoteDyn,Beads_rotation,,GO:0009566,,
4866,123-Yalikun-ZygoteDyn,whole_surface_rotation,,GO:0009566,,
4867,124-Ueda-miPSRetina,DD17_Rod_CRX_EtOH/0524 DD17 Rod CRX EtOH 1.lsm,,GO:0060221; GO:0008594,GO:0032391,
4868,124-Ueda-miPSRetina,DD17_Rod_CRX_RA/0524 DD17 Rod CRX RA 1.lsm,,GO:0060221; GO:0008594,GO:0032391,
4869,124-Ueda-miPSRetina,DD17_Rod_CRX_T3/0524 DD17 Rod CRX T3 1.lsm,,GO:0060221; GO:0008594,GO:0032391,
4870,124-Ueda-miPSRetina,DD17_Sop_Trb2_EtOH/0524 DD17 Sop Trb2 EtOH 1.lsm,,GO:0060221; GO:0008594,GO:0032391,
4871,124-Ueda-miPSRetina,DD17_Sop_Trb2_RA/Nrl DD17 Sop Trb2 RA.lsm,,GO:0060221; GO:0008594,GO:0032391,
4872,124-Ueda-miPSRetina,DD17_Sop_Trb2_T3/0524 DD17 Sop Trb2 T3 1.lsm,,GO:0060221; GO:0008594,GO:0032391,
4873,124-Ueda-miPSRetina,DD20_Rod_CRX_EtOH/0606 Nrl D20 Rod CRX EtOH 1.lsm,,GO:0060221; GO:0008594,GO:0032391,
4874,124-Ueda-miPSRetina,DD20_Rod_CRX_RA/0606 Nrl D20 Rod CRX RA 1.lsm,,GO:0060221; GO:0008594,GO:0032391,
4875,124-Ueda-miPSRetina,DD20_Rod_CRX_T3/0606 Nrl D20 Rod CRX T3 1.lsm,,GO:0060221; GO:0008594,GO:0032391,
4876,124-Ueda-miPSRetina,DD20_Sop_RXRg_EtOH/0606 Nrl D20 Sop RXRg EtOH 2.lsm,,GO:0060221; GO:0008594,GO:0032391,
4877,124-Ueda-miPSRetina,DD20_Sop_RXRg_RA/0606 Nrl D20 Sop RXRg RA 1.lsm,,GO:0060221; GO:0008594,GO:0032391,
4878,124-Ueda-miPSRetina,DD20_Sop_RXRg_T3/0606 Nrl D20 Sop RXRg T3 1.lsm,,GO:0060221; GO:0008594,GO:0032391,
4879,124-Ueda-miPSRetina,DD20_Sop_Trb2_EtOH/0606 Nrl D20 Sop Trb2 EtOH 1.lsm,,GO:0060221; GO:0008594,GO:0032391,
4880,124-Ueda-miPSRetina,DD20_Sop_Trb2_RA/0606 Nrl D20 Sop Trb2 RA 1.lsm,,GO:0060221; GO:0008594,GO:0032391,
4881,124-Ueda-miPSRetina,DD20_Sop_Trb2_T3/0606 Nrl D20 Sop Trb2 T3 1.lsm,,GO:0060221; GO:0008594,GO:0032391,
4882,124-Ueda-miPSRetina,DD25_Rod_CRX_E/170517 Nrl-GFP DD25  Rod CRX E 1.lsm,,GO:0060221; GO:0008594,GO:0032391,
4883,124-Ueda-miPSRetina,DD25_Rod_CRX_R/170517 Nrl-GFP DD25  Rod CRX R 1.lsm,,GO:0060221; GO:0008594,GO:0032391,
4884,124-Ueda-miPSRetina,DD25_Rod_CRX_T/170517 Nrl-GFP DD25  Rod CRX T 1.lsm,,GO:0060221; GO:0008594,GO:0032391,
4885,124-Ueda-miPSRetina,DD25_Rod_Sop_E/170517 Nrl-GFP DD25 Rod Sop E 1.lsm,,GO:0060221; GO:0008594,GO:0032391,
4886,124-Ueda-miPSRetina,DD25_Sop_RXRg_R/170517 Nrl-GFP DD25  Sop RXRg R 1.lsm,,GO:0060221; GO:0008594,GO:0032391,
4887,124-Ueda-miPSRetina,DD25_Sop_RXRg_T/170517 Nrl-GFP DD25  Sop RXRg T 2.lsm,,GO:0060221; GO:0008594,GO:0032391,
4888,124-Ueda-miPSRetina,DD25_Sop_Trb2_E/170517 Nrl-GFP DD25  Sop Trb2 E 2.lsm,,GO:0060221; GO:0008594,GO:0032391,
4889,124-Ueda-miPSRetina,DD25_Sop_Trb2_EtOH/Nrl DD25 Sop Trb2 EtOH 2.lsm,,GO:0060221; GO:0008594,GO:0032391,
4890,124-Ueda-miPSRetina,DD25_Sop_Trb2_R/170517 Nrl-GFP DD25  Sop Trb2 R 1.lsm,,GO:0060221; GO:0008594,GO:0032391,
4891,124-Ueda-miPSRetina,DD25_Sop_Trb2_T/170517 Nrl-GFP DD25  Sop Trb2 T 2.lsm,,GO:0060221; GO:0008594,GO:0032391,
4892,124-Ueda-miPSRetina,DD30_Rod_CRX_EtOH/0524 DD30 Rod CRX EtOH 2.lsm,,GO:0060221; GO:0008594,GO:0032391,
4893,124-Ueda-miPSRetina,DD30_Rod_CRX_RA/0524 DD30 Rod CRX RA 1.lsm,,GO:0060221; GO:0008594,GO:0032391,
4894,124-Ueda-miPSRetina,DD30_Rod_CRX_T3/0524 DD30 Rod CRX T3 1.lsm,,GO:0060221; GO:0008594,GO:0032391,
4895,124-Ueda-miPSRetina,DD30_Sop_Trb2_EtOH/0524 DD30 Sop Trb2 EtOH 2.lsm,,GO:0060221; GO:0008594,GO:0032391,
4896,124-Ueda-miPSRetina,DD30_Sop_Trb2_RA/0524 DD30 Sop Trb2 RA 1.lsm,,GO:0060221; GO:0008594,GO:0032391,
4897,124-Ueda-miPSRetina,DD30_Sop_Trb2_T3/0524 DD30 Sop Trb2 T3 1.lsm,,GO:0060221; GO:0008594,GO:0032391,
4898,125-Gessesse-CX3CR1nanodisc,TEM_CX3CR1nanodisc_homogeneity,,GO:0032594,GO:0098796; GO:0097648,
4899,132-Goto-CellMor,Figure3A_EM_KO_Dorsal,,GO:0003406,GO:0097733,
4900,132-Goto-CellMor,Figure3A_EM_KO_Ventral,,GO:0003406,GO:0097733,
4901,132-Goto-CellMor,Figure3A_EM_WT_Dorsal,,GO:0003406,GO:0097733,
4902,132-Goto-CellMor,Figure3A_EM_WT_Ventral,,GO:0003406,GO:0097733,
4903,132-Goto-CellMor,Figure3B_EM_KO_Dorsal_RPE_BrM,,GO:0003406,GO:0097733,
4904,132-Goto-CellMor,Figure3B_EM_KO_Ventral_RPE_BrM,,GO:0003406,GO:0097733,
4905,132-Goto-CellMor,Figure3B_EM_WT_Dorsal_RPE_BrM,,GO:0003406,GO:0097733,
4906,132-Goto-CellMor,Figure3B_EM_WT_Ventral_RPE_BrM,,GO:0003406,GO:0097733,
4907,132-Goto-CellMor,Figure3C_EM_KO_Dorsal_choriocapillaris,,GO:0003406,GO:0097733,
4908,132-Goto-CellMor,Figure3C_EM_KO_Ventral_choriocapillaris,,GO:0003406,GO:0097733,
4909,132-Goto-CellMor,Figure3C_EM_WT_Dorsal_choriocapillaris,,GO:0003406,GO:0097733,
4910,132-Goto-CellMor,Figure3C_EM_WT_Ventral_choriocapillaris,,GO:0003406,GO:0097733,
4911,134-Tanaka-SalivaryglandDev,Supp_movie_1,,GO:0007431; GO:0060661,GO:0005634,
4912,134-Tanaka-SalivaryglandDev,Supp_movie_2,,GO:0007431; GO:0060661,GO:0005634,
4913,134-Tanaka-SalivaryglandDev,Supp_movie_3,,GO:0007431; GO:0060661,GO:0005634,
4914,134-Tanaka-SalivaryglandDev,SuppFigure1a_6W_pan-CK_Sox9,,GO:0007431; GO:0060661,GO:0005634,
4915,134-Tanaka-SalivaryglandDev,SuppFigure1a_E13_pan-CK_Sox9,,GO:0007431; GO:0060661,GO:0005634,
4916,134-Tanaka-SalivaryglandDev,SuppFigure1a_E16_pan-CK_Sox9,,GO:0007431; GO:0060661,GO:0005634,
4917,134-Tanaka-SalivaryglandDev,SuppFigure1a_P5_pan-CK_Sox9,,GO:0007431; GO:0060661,GO:0005634,
4918,134-Tanaka-SalivaryglandDev,SuppFigure1b_6W_K18_Sox9,,GO:0007431; GO:0060661,GO:0005634,
4919,134-Tanaka-SalivaryglandDev,SuppFigure1b_E13_K18_Sox9,,GO:0007431; GO:0060661,GO:0005634,
4920,134-Tanaka-SalivaryglandDev,SuppFigure1b_E16_K18_Sox9,,GO:0007431; GO:0060661,GO:0005634,
4921,134-Tanaka-SalivaryglandDev,SuppFigure1b_P5_K18_Sox9,,GO:0007431; GO:0060661,GO:0005634,
4922,134-Tanaka-SalivaryglandDev,SuppFigure1c_6W_AQP5_Sox9,,GO:0007431; GO:0060661,GO:0005634,
4923,134-Tanaka-SalivaryglandDev,SuppFigure1c_E13_AQP5_Sox9,,GO:0007431; GO:0060661,GO:0005634,
4924,134-Tanaka-SalivaryglandDev,SuppFigure1c_E16_AQP5_Sox9,,GO:0007431; GO:0060661,GO:0005634,
4925,134-Tanaka-SalivaryglandDev,SuppFigure1c_P5_AQP5_Sox9,,GO:0007431; GO:0060661,GO:0005634,
4926,134-Tanaka-SalivaryglandDev,SuppFigure1d_6W_Pan-CK_Foxc1,,GO:0007431; GO:0060661,GO:0005634,
4927,134-Tanaka-SalivaryglandDev,SuppFigure1d_E13_Pan-CK_Foxc1,,GO:0007431; GO:0060661,GO:0005634,
4928,134-Tanaka-SalivaryglandDev,SuppFigure1d_E16_Pan-CK_Foxc1,,GO:0007431; GO:0060661,GO:0005634,
4929,134-Tanaka-SalivaryglandDev,SuppFigure1d_P5_Pan-CK_Foxc1,,GO:0007431; GO:0060661,GO:0005634,
4930,134-Tanaka-SalivaryglandDev,SuppFigure1e_6W_K18_Foxc1,,GO:0007431; GO:0060661,GO:0005634,
4931,134-Tanaka-SalivaryglandDev,SuppFigure1e_E13_K18_Foxc1,,GO:0007431; GO:0060661,GO:0005634,
4932,134-Tanaka-SalivaryglandDev,SuppFigure1e_E16_K18_Foxc1,,GO:0007431; GO:0060661,GO:0005634,
4933,134-Tanaka-SalivaryglandDev,SuppFigure1e_P5_K18_Foxc1,,GO:0007431; GO:0060661,GO:0005634,
4934,134-Tanaka-SalivaryglandDev,SuppFigure1f_6W_AQP5_Foxc1,,GO:0007431; GO:0060661,GO:0005634,
4935,134-Tanaka-SalivaryglandDev,SuppFigure1f_E13_AQP5_Foxc1,,GO:0007431; GO:0060661,GO:0005634,
4936,134-Tanaka-SalivaryglandDev,SuppFigure1f_E16_AQP5_Foxc1,,GO:0007431; GO:0060661,GO:0005634,
4937,134-Tanaka-SalivaryglandDev,SuppFigure1f_P5_AQP5_Foxc1,,GO:0007431; GO:0060661,GO:0005634,
4938,134-Tanaka-SalivaryglandDev,SuppFigure1g_6W_Sox9_Foxc1,,GO:0007431; GO:0060661,GO:0005634,
4939,134-Tanaka-SalivaryglandDev,SuppFigure1g_E13_Sox9_Foxc1,,GO:0007431; GO:0060661,GO:0005634,
4940,134-Tanaka-SalivaryglandDev,SuppFigure1g_E16_Sox9_Foxc1,,GO:0007431; GO:0060661,GO:0005634,
4941,134-Tanaka-SalivaryglandDev,SuppFigure1g_P5_Sox9_Foxc1,,GO:0007431; GO:0060661,GO:0005634,
4942,134-Tanaka-SalivaryglandDev,SuppFigure6a_E17_AQP5_SMA_DAPI,,GO:0007431; GO:0060661,GO:0005634,
4943,134-Tanaka-SalivaryglandDev,SuppFigure6b_d23_AQP5_SMA_DAPI,,GO:0007431; GO:0060661,GO:0005634,
4944,134-Tanaka-SalivaryglandDev,SuppFigure6c_d28_AQP5_SMA_DAPI,,GO:0007431; GO:0060661,GO:0005634,
4945,134-Tanaka-SalivaryglandDev,SuppFigure7a_d23_Pan-CK_Ki67,,GO:0007431; GO:0060661,GO:0005634,
4946,134-Tanaka-SalivaryglandDev,SuppFigure7a_E15_Pan-CK_Ki67,,GO:0007431; GO:0060661,GO:0005634,
4947,134-Tanaka-SalivaryglandDev,SuppFigure7a_E18_Pan-CK_Ki67,,GO:0007431; GO:0060661,GO:0005634,
4948,134-Tanaka-SalivaryglandDev,SuppFigure7b_d23_Pan-CK_Kit,,GO:0007431; GO:0060661,GO:0005634,
4949,134-Tanaka-SalivaryglandDev,SuppFigure7b_E15_Pan-CK_Kit,,GO:0007431; GO:0060661,GO:0005634,
4950,134-Tanaka-SalivaryglandDev,SuppFigure7b_E18_Pan-CK_Kit,,GO:0007431; GO:0060661,GO:0005634,
4951,134-Tanaka-SalivaryglandDev,SuppFigure7c_d23_Zo1_Sox10,,GO:0007431; GO:0060661,GO:0005634,
4952,134-Tanaka-SalivaryglandDev,SuppFigure7c_E15_Zo1_Sox10,,GO:0007431; GO:0060661,GO:0005634,
4953,134-Tanaka-SalivaryglandDev,SuppFigure7c_E18_Zo1_Sox10,,GO:0007431; GO:0060661,GO:0005634,
4954,134-Tanaka-SalivaryglandDev,SuppFigure7d_d23_Pan-CK_CD133,,GO:0007431; GO:0060661,GO:0005634,
4955,134-Tanaka-SalivaryglandDev,SuppFigure7d_E15_Pan-CK_CD133,,GO:0007431; GO:0060661,GO:0005634,
4956,134-Tanaka-SalivaryglandDev,SuppFigure7d_E18_Pan-CK_CD133,,GO:0007431; GO:0060661,GO:0005634,
4957,134-Tanaka-SalivaryglandDev,SuppFigure7e_d23_Pan-CK_PSP,,GO:0007431; GO:0060661,GO:0005634,
4958,134-Tanaka-SalivaryglandDev,SuppFigure7e_E15_Pan-CK_PSP,,GO:0007431; GO:0060661,GO:0005634,
4959,134-Tanaka-SalivaryglandDev,SuppFigure7e_E18_Pan-CK_PSP,,GO:0007431; GO:0060661,GO:0005634,
4960,134-Tanaka-SalivaryglandDev,SuppFigure7f_d23_Pan-CK_Mist1,,GO:0007431; GO:0060661,GO:0005634,
4961,134-Tanaka-SalivaryglandDev,SuppFigure7f_E15_Pan-CK_Mist1,,GO:0007431; GO:0060661,GO:0005634,
4962,134-Tanaka-SalivaryglandDev,SuppFigure7f_E18_Pan-CK_Mist1,,GO:0007431; GO:0060661,GO:0005634,
4963,134-Tanaka-SalivaryglandDev,SuppFigure8_TEM_1,,GO:0007431; GO:0060661,GO:0005634,
4964,134-Tanaka-SalivaryglandDev,SuppFigure8_TEM_2,,GO:0007431; GO:0060661,GO:0005634,
4965,134-Tanaka-SalivaryglandDev,SuppFigure8_TEM_3,,GO:0007431; GO:0060661,GO:0005634,
4966,135-Maruyama-LymVesselImmuno,Figure4_Prox1_E9.5,,GO:1990183; GO:0060836,,
4967,135-Maruyama-LymVesselImmuno,Figure4_Prox1_E10.5,,GO:1990183; GO:0060836,,
4968,135-Maruyama-LymVesselImmuno,Figure5_E9.5_PECAM,,GO:1990183; GO:0060836,,
4969,135-Maruyama-LymVesselImmuno,Figure5_E9.5_Prox1,,GO:1990183; GO:0060836,,
4970,135-Maruyama-LymVesselImmuno,Figure5_E9.5_VEGFR3,,GO:1990183; GO:0060836,,
4971,135-Maruyama-LymVesselImmuno,Figure5_E10.5_PECAM,,GO:1990183; GO:0060836,,
4972,135-Maruyama-LymVesselImmuno,Figure5_E10.5_Prox1,,GO:1990183; GO:0060836,,
4973,135-Maruyama-LymVesselImmuno,Figure5_E10.5_VEGFR3,,GO:1990183; GO:0060836,,
4974,135-Maruyama-LymVesselImmuno,Figure5_E12.5_PECAM,,GO:1990183; GO:0060836,,
4975,135-Maruyama-LymVesselImmuno,Figure5_E12.5_Prox1,,GO:1990183; GO:0060836,,
4976,135-Maruyama-LymVesselImmuno,Figure5_E12.5_VEGFR3,,GO:1990183; GO:0060836,,
4977,135-Maruyama-LymVesselImmuno,Figure5_E15.0_PECAM,,GO:1990183; GO:0060836,,
4978,135-Maruyama-LymVesselImmuno,Figure5_E15.0_Prox1,,GO:1990183; GO:0060836,,
4979,135-Maruyama-LymVesselImmuno,Figure5_E15.0_VEGFR3,,GO:1990183; GO:0060836,,
4980,135-Maruyama-LymVesselImmuno,Figure5_E16.5_PECAM,,GO:1990183; GO:0060836,,
4981,135-Maruyama-LymVesselImmuno,Figure5_E16.5_Prox1,,GO:1990183; GO:0060836,,
4982,135-Maruyama-LymVesselImmuno,Figure5_E16.5_VEGFR3,,GO:1990183; GO:0060836,,
4983,136-Matsumiya-ESCellDyn,Fig3_iPSM_BF,,GO:0035282; GO:0061053,,
4984,136-Matsumiya-ESCellDyn,Fig3_iPSM_chemi,,GO:0035282; GO:0061053,,
4985,136-Matsumiya-ESCellDyn,Fig3_iPSM_mCh,,GO:0035282; GO:0061053,,
4986,136-Matsumiya-ESCellDyn,Fig7_DMSO-BF,,GO:0035282; GO:0061053,,
4987,136-Matsumiya-ESCellDyn,Fig7_DMSO-Chemi,,GO:0035282; GO:0061053,,
4988,136-Matsumiya-ESCellDyn,Fig7_IBET-BF,,GO:0035282; GO:0061053,,
4989,136-Matsumiya-ESCellDyn,Fig7_IBET-Chemi,,GO:0035282; GO:0061053,,
4990,136-Matsumiya-ESCellDyn,Fig7_J_BF,,GO:0035282; GO:0061053,,
4991,136-Matsumiya-ESCellDyn,Fig7_J_Chemi,,GO:0035282; GO:0061053,,
4992,141-Sato-CellMorphology,Fig1a_FIB-SEM_somatosensory,,,GO:0044309; GO:0106033,
4993,141-Sato-CellMorphology,Fig2a_FIB-SEM_spine_synapse,,,GO:0044309; GO:0106033,
4994,141-Sato-CellMorphology,Fig2b_FIB-SEM_spine_synapse,,,GO:0044309; GO:0106033,
4995,141-Sato-CellMorphology,Fig2c_FIB-SEM_spine_synapse,,,GO:0044309; GO:0106033,
4996,141-Sato-CellMorphology,Fig2d_FIB-SEM_spine_synapse,,,GO:0044309; GO:0106033,
4997,141-Sato-CellMorphology,Fig2e_FIB-SEM_shaft_synapse,,,GO:0044309; GO:0106033,
4998,141-Sato-CellMorphology,Fig2f_FIB-SEM_shaft_synapse,,,GO:0044309; GO:0106033,
4999,141-Sato-CellMorphology,Fig2g_FIB-SEM_shaft_synapse,,,GO:0044309; GO:0106033,
5000,141-Sato-CellMorphology,Fig2h_FIB-SEM_shaft_synapse,,,GO:0044309; GO:0106033,
5001,141-Sato-CellMorphology,Fig3a_FIB-SEM_synapse,,,GO:0044309; GO:0106033,
5002,141-Sato-CellMorphology,Fig3b_FIB-SEM_synapse,,,GO:0044309; GO:0106033,
5003,141-Sato-CellMorphology,Fig3c_FIB-SEM_synapse,,,GO:0044309; GO:0106033,
5004,141-Sato-CellMorphology,Fig3d_FIB-SEM_synapse,,,GO:0044309; GO:0106033,
5005,141-Sato-CellMorphology,Fig3i_FIB-SEM_synapse,,,GO:0044309; GO:0106033,
5006,141-Sato-CellMorphology,Fig3j_FIB-SEM_synapse,,,GO:0044309; GO:0106033,
5007,141-Sato-CellMorphology,Fig3k_FIB-SEM_synapse,,,GO:0044309; GO:0106033,
5008,141-Sato-CellMorphology,Fig3l_FIB-SEM_synapse,,,GO:0044309; GO:0106033,
5009,142-Wen-CellShape,20161012_Resille_SqhGFP_VF2_WT2,GO:0007370; GO:0008078,GO:0007370; GO:0008078,,Fbbi:00000249; Fbbi:00000254
5010,142-Wen-CellShape,20161027_Resille_sqhGFP_VF04_WT3,GO:0007370; GO:0008078,GO:0007370; GO:0008078,,Fbbi:00000249; Fbbi:00000254
5011,142-Wen-CellShape,20161027_Resille_sqhGFP_VF05_WT1,GO:0007370; GO:0008078,GO:0007370; GO:0008078,,Fbbi:00000249; Fbbi:00000254
5012,142-Wen-CellShape,20161027_Resille_sqhGFP_VF08_WT4,GO:0007370; GO:0008078,GO:0007370; GO:0008078,,Fbbi:00000249; Fbbi:00000254
5013,150-Abe-SomiteDev,Figure1B_somite_lateral,GO:0061053,GO:0061053,GO:0019814,Fbbi:00000251; Fbbi:00000401
5014,150-Abe-SomiteDev,Figure1G_HBCs_zic1,GO:0061053,GO:0061053,GO:0019814,Fbbi:00000251; Fbbi:00000401
5015,150-Abe-SomiteDev,Figure1HIJK_somite_optical,GO:0061053,GO:0061053,GO:0019814,Fbbi:00000251; Fbbi:00000401
5016,150-Abe-SomiteDev,Figure2B_dorsal_16ss,GO:0061053,GO:0061053,GO:0019814,Fbbi:00000251; Fbbi:00000401
5017,150-Abe-SomiteDev,Figure2C_dorsal_24ss,GO:0061053,GO:0061053,GO:0019814,Fbbi:00000251; Fbbi:00000401
5018,150-Abe-SomiteDev,FigureS1B_Tg_zic1_0min,GO:0061053,GO:0061053,GO:0019814,Fbbi:00000249; Fbbi:00000251; Fbbi:00000401
5019,150-Abe-SomiteDev,FigureS1B_Tg_zic1_160min,GO:0061053,GO:0061053,GO:0019814,Fbbi:00000249; Fbbi:00000251; Fbbi:00000401
5020,150-Abe-SomiteDev,FigureS1B_Tg_zic1_200min,GO:0061053,GO:0061053,GO:0019814,Fbbi:00000249; Fbbi:00000251; Fbbi:00000401
5021,150-Abe-SomiteDev,FigureS2B_trunk_4days,GO:0061053,GO:0061053,GO:0043198,Fbbi:00000258
5022,150-Abe-SomiteDev,FigureS2C_trunk_4days_magnified1,GO:0061053,GO:0061053,GO:0043198,Fbbi:00000258
5023,150-Abe-SomiteDev,FigureS2C_trunk_4days_magnified2,GO:0061053,GO:0061053,GO:0043198,Fbbi:00000258
5024,150-Abe-SomiteDev,FigureS2D_trunk_4days_magnified,GO:0061053,GO:0061053,GO:0043198,Fbbi:00000258
5025,150-Abe-SomiteDev,FigureS3K_control_5dpf,GO:0061053,GO:0061053,GO:0019814,Fbbi:00000249; Fbbi:00000246
5026,150-Abe-SomiteDev,FigureS3K_control_30ss,GO:0061053,GO:0061053,GO:0019814,Fbbi:00000249; Fbbi:00000246
5027,150-Abe-SomiteDev,FigureS3K_control_35ss,GO:0061053,GO:0061053,GO:0019814,Fbbi:00000249; Fbbi:00000246
5028,150-Abe-SomiteDev,FigureS3K_cyc_5dpf,GO:0061053,GO:0061053,GO:0019814,Fbbi:00000249; Fbbi:00000246
5029,150-Abe-SomiteDev,FigureS3K_cyc_30ss,GO:0061053,GO:0061053,GO:0019814,Fbbi:00000249; Fbbi:00000246
5030,150-Abe-SomiteDev,FigureS3K_cyc_35ss,GO:0061053,GO:0061053,GO:0019814,Fbbi:00000249; Fbbi:00000246
5031,171-Ochi-Hes1DynNPCs,Figure2E_WT_NPCs,GO:0008494,GO:0010467,,Fbbi:00000249
5032,171-Ochi-Hes1DynNPCs,Figure2F_Hes1type1_NPCs,GO:0008494,GO:0010467,,Fbbi:00000249
5033,171-Ochi-Hes1DynNPCs,Figure2G_Hes1type2_NPCs,GO:0008494,GO:0010467,,Fbbi:00000249
5034,166-Takubo-ECsTrajectory,Fig1b_movie1_ECNuclei_trajectory,,GO:0001886,GO:0005634,Fbbi:00000249
5035,166-Takubo-ECsTrajectory,Fig2c_ECs_U-turn,,GO:0001886,GO:0005634,Fbbi:00000249
5036,166-Takubo-ECsTrajectory,Fig3a_ECNuclei_trajectory_branch1,,GO:0001886,GO:0005634,Fbbi:00000249
5037,166-Takubo-ECsTrajectory,Fig3b_ECNuclei_trajectory_branch2,,GO:0001886,GO:0005634,Fbbi:00000249
5038,166-Takubo-ECsTrajectory,Fig4c_ECNuclei_trajectory_isolated_branch,,GO:0001886,GO:0005634,Fbbi:00000249
5039,165-Kinjo-ERKactivity,Fig4b_post_stimulation_2p,GO:0004707,,,Fbbi:00000249
5040,165-Kinjo-ERKactivity,Fig4b_postHgL_1p,GO:0004707,,,Fbbi:00000249
5041,165-Kinjo-ERKactivity,Fig4b_pre_stiumlation_dark,GO:0004707,,,Fbbi:00000249
5042,165-Kinjo-ERKactivity,Fig4b_stimulation_2p,GO:0004707,,,Fbbi:00000249
5043,165-Kinjo-ERKactivity,Fig4g_post_stimulation_2p,GO:0004707,,,Fbbi:00000249
5044,165-Kinjo-ERKactivity,Fig4g_postHgL_1p,GO:0004707,,,Fbbi:00000249
5045,165-Kinjo-ERKactivity,Fig4g_pre_stimulation_dark,GO:0004707,,,Fbbi:00000249
5046,165-Kinjo-ERKactivity,Fig4g_stimulation_2p,GO:0004707,,,Fbbi:00000249
5047,165-Kinjo-ERKactivity,Fig5a_2p_post_stimulation,GO:0004707,,,Fbbi:00000249
5048,165-Kinjo-ERKactivity,Fig5a_2p_pre_stimulation,GO:0004707,,,Fbbi:00000249
5049,165-Kinjo-ERKactivity,Fig5a_2p_stimulation,GO:0004707,,,Fbbi:00000249
5050,165-Kinjo-ERKactivity,Fig5a_mScarlet,GO:0004707,,,Fbbi:00000249
5051,165-Kinjo-ERKactivity,Fig5de_nonTPA_mSacrlet,GO:0004707,,,Fbbi:00000367
5052,165-Kinjo-ERKactivity,Fig5de_nonTPA_post_stimulation_2p,GO:0004707,,,Fbbi:00000249
5053,165-Kinjo-ERKactivity,Fig5de_nonTPA_pre_stimulation_2p,GO:0004707,,,Fbbi:00000249
5054,165-Kinjo-ERKactivity,Fig5de_nonTPA_stimulation_2p,GO:0004707,,,Fbbi:00000249
5055,165-Kinjo-ERKactivity,Fig5de_TPA_mSacrlet,GO:0004707,,,Fbbi:00000249
5056,165-Kinjo-ERKactivity,Fig5de_TPA_post_stimulation_2p,GO:0004707,,,Fbbi:00000249
5057,165-Kinjo-ERKactivity,Fig5de_TPA_pre_stimulation_2p,GO:0004707,,,Fbbi:00000249
5058,165-Kinjo-ERKactivity,Fig5de_TPA_stimulation_2p,GO:0004707,,,Fbbi:00000249
5059,161-Tanaka-MEFMitochondrial,Fig4A_control_MEF,,GO:0010467,GO:0030061,Fbbi:00000256
5060,161-Tanaka-MEFMitochondrial,Fig4A_Pex3KO_MEF,,GO:0010467,GO:0030061,Fbbi:00000256
5061,161-Tanaka-MEFMitochondrial,Fig4D_KO_MEF,,GO:0010467,GO:0030061,Fbbi:00000256
5062,161-Tanaka-MEFMitochondrial,Fig4D_WT_MEF,,GO:0010467,GO:0030061,Fbbi:00000256
5063,130-Sano-CellMigrationDyn,Figure1A_EKAREV-NLS_epidermis_FRET,,GO:0000186; GO:0016477,GO:0005634,Fbbi:00000249
5064,130-Sano-CellMigrationDyn,Figure1B_EKAREV-NLS_urothelium_FRET,,GO:0000186; GO:0016477,GO:0005634,Fbbi:00000249
5065,130-Sano-CellMigrationDyn,Figure1C_EKAREV-NES_epiermis_FRET,,GO:0000186; GO:0016477,GO:0005634,Fbbi:00000249
5066,130-Sano-CellMigrationDyn,Figure1D_EKAREV-NES_urothelium_FRET,,GO:0000186; GO:0016477,GO:0005634,Fbbi:00000249
5067,130-Sano-CellMigrationDyn,Figure1EF_20140402_urothelium_nuclear_displacement_tracking,,GO:0000186; GO:0016477,GO:0005634,Fbbi:00000249
5068,130-Sano-CellMigrationDyn,Figure1EF_20170217_epidermis_nuclear_displacement_tracking,,GO:0000186; GO:0016477,GO:0005634,Fbbi:00000249
5069,130-Sano-CellMigrationDyn,Figure1G_epidermis_20170208-1_nuclear_displacement_tracking,,GO:0000186; GO:0016477,GO:0005634,Fbbi:00000249
5070,130-Sano-CellMigrationDyn,Figure1G_epidermis_20170208-2_nuclear_displacement_tracking,,GO:0000186; GO:0016477,GO:0005634,Fbbi:00000249
5071,130-Sano-CellMigrationDyn,Figure1G_epidermis_20170217-8_epidermis_nuclear_displacement_tracking,,GO:0000186; GO:0016477,GO:0005634,Fbbi:00000249
5072,130-Sano-CellMigrationDyn,Figure1G_urothelium_20150219-3_nuclear_displacement_tracking,,GO:0000186; GO:0016477,GO:0005634,Fbbi:00000249
5073,130-Sano-CellMigrationDyn,Figure1G_urothelium_20160811_nuclear_displacement_tracking,,GO:0000186; GO:0016477,GO:0005634,Fbbi:00000249
5074,130-Sano-CellMigrationDyn,Figure1G_urothelium_20170315_nuclear_displacement_tracking,,GO:0000186; GO:0016477,GO:0005634,Fbbi:00000249
5075,130-Sano-CellMigrationDyn,Figure1H_urothelial_motion_tracking,,GO:0000186; GO:0016477,GO:0005634,Fbbi:00000249
5076,130-Sano-CellMigrationDyn,Figure2AC_epiehtlial_wound_cellmigration_track,,GO:0000186; GO:0016477,GO:0005634,Fbbi:00000249
5077,130-Sano-CellMigrationDyn,Figure2DE_urothelium_wound_cellmigration_track,,GO:0000186; GO:0016477,GO:0005634,Fbbi:00000249
5078,130-Sano-CellMigrationDyn,Figure3A_20150917_epidermis_MEKi,,GO:0000186; GO:0016477,GO:0005634,Fbbi:00000249
5079,130-Sano-CellMigrationDyn,Figure3A_20150921_epidermis_MEKi,,GO:0000186; GO:0016477,GO:0005634,Fbbi:00000249
5080,130-Sano-CellMigrationDyn,Figure3A_20151017_epidermis_MEKi,,GO:0000186; GO:0016477,GO:0005634,Fbbi:00000249
5081,130-Sano-CellMigrationDyn,Figure3B_20161114_urothelium_MEKi,,GO:0000186; GO:0016477,GO:0005634,Fbbi:00000249
5082,130-Sano-CellMigrationDyn,Figure3B_20161116_urothelium_MEKi,,GO:0000186; GO:0016477,GO:0005634,Fbbi:00000249
5083,130-Sano-CellMigrationDyn,Figure3B_20161129_urothelium_MEKi,,GO:0000186; GO:0016477,GO:0005634,Fbbi:00000249
5084,130-Sano-CellMigrationDyn,Figure4A_epidermis_Fucci_20161221-1_1,,GO:0000186; GO:0016477,GO:0005634,Fbbi:00000249
5085,130-Sano-CellMigrationDyn,Figure4A_epidermis_Fucci_20161221-1_2,,GO:0000186; GO:0016477,GO:0005634,Fbbi:00000249
5086,130-Sano-CellMigrationDyn,Figure4A_epidermis_Fucci_20161221-2,,GO:0000186; GO:0016477,GO:0005634,Fbbi:00000249
5087,130-Sano-CellMigrationDyn,Figure4A_epidermis_Fucci_20161222,,GO:0000186; GO:0016477,GO:0005634,Fbbi:00000249
5088,130-Sano-CellMigrationDyn,Figure4A_urothelium_Fucci_20161226,,GO:0000186; GO:0016477,GO:0005634,Fbbi:00000249
5089,129-Komatsu-ERKBiosensorActivity,Figure1C_timelapse_Hela_BRET-ERK,,GO:0000186,GO:0005886,Fbbi:00000249
5090,129-Komatsu-ERKBiosensorActivity,figure1E-H_timelapse,,GO:0000186,GO:0005886,Fbbi:00000249
5091,129-Komatsu-ERKBiosensorActivity,Figure3B_timelapse_Hela_BRET_CRY2Raf,,GO:0000186,GO:0005886,Fbbi:00000249
5092,129-Komatsu-ERKBiosensorActivity,Figure3F_timelapse_BRET,,GO:0000186,GO:0005886,Fbbi:00000249
5093,129-Komatsu-ERKBiosensorActivity,Figure5D_timelapse_BRET_MEKi,,GO:0000186,GO:0005886,Fbbi:00000249
5094,129-Komatsu-ERKBiosensorActivity,Figure5E_timelapse_BRET_vehicle,,GO:0000186,GO:0005886,Fbbi:00000249
5095,129-Komatsu-ERKBiosensorActivity,Figure5H_lungtumor_FRET,,GO:0000186,GO:0005886,Fbbi:00000249
5096,129-Komatsu-ERKBiosensorActivity,Figure5K_MEKi_20170425,,GO:0000186,GO:0005886,Fbbi:00000249
5097,129-Komatsu-ERKBiosensorActivity,Figure5K_MEKi_20170426,,GO:0000186,GO:0005886,Fbbi:00000249
5098,129-Komatsu-ERKBiosensorActivity,Figure5K_MEKi_20170512,,GO:0000186,GO:0005886,Fbbi:00000249
5099,129-Komatsu-ERKBiosensorActivity,Figure5K_WT_20170501,,GO:0000186,GO:0005886,Fbbi:00000249
5100,129-Komatsu-ERKBiosensorActivity,Figure5K_WT_20170502,,GO:0000186,GO:0005886,Fbbi:00000249
5101,129-Komatsu-ERKBiosensorActivity,Figure5K_WT_20170510,,GO:0000186,GO:0005886,Fbbi:00000249
5102,128-Muta-IECsERKDyn,Figure1CD_20170607_ErkNLS_TPA_vivo_pst2,,GO:0000186; GO:0007173; GO:0038128; GO:0038134,,Fbbi:00000367
5103,128-Muta-IECsERKDyn,Figure1EF_MEKi_pre_snap,,GO:0000186; GO:0007173; GO:0038128; GO:0038134,,Fbbi:00000367
5104,128-Muta-IECsERKDyn,Figure1EF_MEKi_pst_snap,,GO:0000186; GO:0007173; GO:0038128; GO:0038134,,Fbbi:00000367
5105,128-Muta-IECsERKDyn,Figure1GJ_timlapse_oscillation,,GO:0000186; GO:0007173; GO:0038128; GO:0038134,,Fbbi:00000249
5106,128-Muta-IECsERKDyn,Figure1GJ_timlapse_propagation,,GO:0000186; GO:0007173; GO:0038128; GO:0038134,,Fbbi:00000249
5107,128-Muta-IECsERKDyn,Figure2B_20170322_ErkNLS_ENR_OSC,,GO:0000186; GO:0007173; GO:0038128; GO:0038134,,Fbbi:00000249
5108,128-Muta-IECsERKDyn,Figure2CE_20160310_ErkNLS_TPA_1000nM_post,,GO:0000186; GO:0007173; GO:0038128; GO:0038134,,Fbbi:00000249
5109,128-Muta-IECsERKDyn,Figure2CE_20160310_ErkNLS_TPA_1000nM_pre,,GO:0000186; GO:0007173; GO:0038128; GO:0038134,,Fbbi:00000249
5110,128-Muta-IECsERKDyn,Figure2FG_20170114_ErkNLS_MEKi_post,,GO:0000186; GO:0007173; GO:0038128; GO:0038134,,Fbbi:00000249
5111,128-Muta-IECsERKDyn,Figure2FG_20170114_ErkNLS_MEKi_pre,,GO:0000186; GO:0007173; GO:0038128; GO:0038134,,Fbbi:00000249
5112,128-Muta-IECsERKDyn,Figure2H_post_snp1,,GO:0000186; GO:0007173; GO:0038128; GO:0038134,,Fbbi:00000249
5113,128-Muta-IECsERKDyn,Figure2H_post_snp2,,GO:0000186; GO:0007173; GO:0038128; GO:0038134,,Fbbi:00000249
5114,128-Muta-IECsERKDyn,Figure2H_pre_snp1,,GO:0000186; GO:0007173; GO:0038128; GO:0038134,,Fbbi:00000249
5115,128-Muta-IECsERKDyn,Figure2H_pre_snp2,,GO:0000186; GO:0007173; GO:0038128; GO:0038134,,Fbbi:00000249
5116,128-Muta-IECsERKDyn,Figure2I_BRAF_100nM_1,,GO:0000186; GO:0007173; GO:0038128; GO:0038134,,Fbbi:00000367
5117,128-Muta-IECsERKDyn,Figure2I_BRAF_100nM_2,,GO:0000186; GO:0007173; GO:0038128; GO:0038134,,Fbbi:00000367
5118,128-Muta-IECsERKDyn,Figure2I_BRAF_10uM_post,,GO:0000186; GO:0007173; GO:0038128; GO:0038134,,Fbbi:00000367
5119,128-Muta-IECsERKDyn,Figure2I_BRAF_10uM_pre,,GO:0000186; GO:0007173; GO:0038128; GO:0038134,,Fbbi:00000367
5120,128-Muta-IECsERKDyn,Figure2I_BRAF_1uM_post,,GO:0000186; GO:0007173; GO:0038128; GO:0038134,,Fbbi:00000367
5121,128-Muta-IECsERKDyn,Figure2I_BRAF_1uM_pre,,GO:0000186; GO:0007173; GO:0038128; GO:0038134,,Fbbi:00000367
5122,128-Muta-IECsERKDyn,Figure3AD_20160627_ErkNLS_ENR_hi_osc,,GO:0000186; GO:0007173; GO:0038128; GO:0038134,,Fbbi:00000249
5123,128-Muta-IECsERKDyn,Figure3E_20160130_ERK_baseline_1,,GO:0000186; GO:0007173; GO:0038128; GO:0038134,,Fbbi:00000367
5124,128-Muta-IECsERKDyn,Figure3E_20160130_ERK_baseline_2,,GO:0000186; GO:0007173; GO:0038128; GO:0038134,,Fbbi:00000367
5125,128-Muta-IECsERKDyn,Figure3E_20160130_ERK_baseline_3,,GO:0000186; GO:0007173; GO:0038128; GO:0038134,,Fbbi:00000367
5126,128-Muta-IECsERKDyn,Figure3E_20160130_ERK_NSL_EGFstarved_1,,GO:0000186; GO:0007173; GO:0038128; GO:0038134,,Fbbi:00000367
5127,128-Muta-IECsERKDyn,Figure3E_20160130_ERK_NSL_EGFstarved_2,,GO:0000186; GO:0007173; GO:0038128; GO:0038134,,Fbbi:00000367
5128,128-Muta-IECsERKDyn,Figure3E_20160130_ERK_NSL_EGFstarved_3,,GO:0000186; GO:0007173; GO:0038128; GO:0038134,,Fbbi:00000367
5129,128-Muta-IECsERKDyn,Figure3F_20160130_ERK_NLS_EGFstiml_30min,,GO:0000186; GO:0007173; GO:0038128; GO:0038134,,Fbbi:00000249
5130,128-Muta-IECsERKDyn,Figure3F_20160130_ERK_NLS_EGFstiml_pre,,GO:0000186; GO:0007173; GO:0038128; GO:0038134,,Fbbi:00000249
5131,128-Muta-IECsERKDyn,Figure3F_20160302_ErkNLS_2xEGF_stml_post,,GO:0000186; GO:0007173; GO:0038128; GO:0038134,,Fbbi:00000249
5132,128-Muta-IECsERKDyn,Figure3F_20160302_ErkNLS_2xEGF_stml_pre,,GO:0000186; GO:0007173; GO:0038128; GO:0038134,,Fbbi:00000249
5133,128-Muta-IECsERKDyn,Figure3GH_20160302_ErkNLS_purelyEGFstarved_oscillation,,GO:0000186; GO:0007173; GO:0038128; GO:0038134,,Fbbi:00000367
5134,128-Muta-IECsERKDyn,Figure3I_20170311_starved_EGFRi_OSC,,GO:0000186; GO:0007173; GO:0038128; GO:0038134,,Fbbi:00000249
5135,128-Muta-IECsERKDyn,Figure3J_20170311_starved_Marimastat100_OSC,,GO:0000186; GO:0007173; GO:0038128; GO:0038134,,Fbbi:00000249
5136,128-Muta-IECsERKDyn,Figure4A_20160709_ErkNLS_ErbB2i_post,,GO:0000186; GO:0007173; GO:0038128; GO:0038134,,Fbbi:00000367
5137,128-Muta-IECsERKDyn,Figure4A_20160709_ErkNLS_ErbB2i_pre,,GO:0000186; GO:0007173; GO:0038128; GO:0038134,,Fbbi:00000367
5138,128-Muta-IECsERKDyn,Figure4A_20161119_ErkNLS_EGFRi,,GO:0000186; GO:0007173; GO:0038128; GO:0038134,,Fbbi:00000367
5139,128-Muta-IECsERKDyn,Figure4A_20161119_ErkNLS_EGFRi_01,,GO:0000186; GO:0007173; GO:0038128; GO:0038134,,Fbbi:00000367
5140,128-Muta-IECsERKDyn,Figure4A_20161208_ErkNLS_EGFRiandHER2i,,GO:0000186; GO:0007173; GO:0038128; GO:0038134,,Fbbi:00000367
5141,128-Muta-IECsERKDyn,Figure4A_20161208_ErkNLS_EGFRiandHER2i_01,,GO:0000186; GO:0007173; GO:0038128; GO:0038134,,Fbbi:00000367
5142,128-Muta-IECsERKDyn,Figure4B_EGFRi_post,,GO:0000186; GO:0007173; GO:0038128; GO:0038134,,Fbbi:00000367
5143,128-Muta-IECsERKDyn,Figure4B_EGFRi_pre,,GO:0000186; GO:0007173; GO:0038128; GO:0038134,,Fbbi:00000367
5144,128-Muta-IECsERKDyn,Figure4B_ErbB2i_post_1,,GO:0000186; GO:0007173; GO:0038128; GO:0038134,,Fbbi:00000367
5145,128-Muta-IECsERKDyn,Figure4B_ErbB2i_post_2,,GO:0000186; GO:0007173; GO:0038128; GO:0038134,,Fbbi:00000367
5146,128-Muta-IECsERKDyn,Figure4B_ErbB2i_post_3,,GO:0000186; GO:0007173; GO:0038128; GO:0038134,,Fbbi:00000367
5147,128-Muta-IECsERKDyn,Figure4B_ErbB2i_pre_1,,GO:0000186; GO:0007173; GO:0038128; GO:0038134,,Fbbi:00000367
5148,128-Muta-IECsERKDyn,Figure4B_ErbB2i_pre_2,,GO:0000186; GO:0007173; GO:0038128; GO:0038134,,Fbbi:00000367
5149,128-Muta-IECsERKDyn,Figure4B_ErbB2i_pre_3,,GO:0000186; GO:0007173; GO:0038128; GO:0038134,,Fbbi:00000367
5150,128-Muta-IECsERKDyn,Figure4C_20160308_EGFstml_post,,GO:0000186; GO:0007173; GO:0038128; GO:0038134,,Fbbi:00000367
5151,128-Muta-IECsERKDyn,Figure4C_20160308_EGFstml_pre,,GO:0000186; GO:0007173; GO:0038128; GO:0038134,,Fbbi:00000367
5152,128-Muta-IECsERKDyn,Figure4C_20161120_ErkNLS_preStrv_preHer2_EGF_post,,GO:0000186; GO:0007173; GO:0038128; GO:0038134,,Fbbi:00000367
5153,128-Muta-IECsERKDyn,Figure4C_20161120_ErkNLS_preStrv_preHer2_EGF_pre,,GO:0000186; GO:0007173; GO:0038128; GO:0038134,,Fbbi:00000367
5154,128-Muta-IECsERKDyn,Figure4D_20170124_ErkNLS_CSII_1,,GO:0000186; GO:0007173; GO:0038128; GO:0038134,,Fbbi:00000367
5155,128-Muta-IECsERKDyn,Figure4D_20170124_ErkNLS_CSII_2,,GO:0000186; GO:0007173; GO:0038128; GO:0038134,,Fbbi:00000367
5156,128-Muta-IECsERKDyn,Figure4D_20170124_ErkNLS_CSII_3,,GO:0000186; GO:0007173; GO:0038128; GO:0038134,,Fbbi:00000367
5157,128-Muta-IECsERKDyn,Figure4D_20170124_ErkNLS_CSII_4,,GO:0000186; GO:0007173; GO:0038128; GO:0038134,,Fbbi:00000367
5158,128-Muta-IECsERKDyn,Figure4D_20170124_ErkNLS_CSII_5,,GO:0000186; GO:0007173; GO:0038128; GO:0038134,,Fbbi:00000367
5159,128-Muta-IECsERKDyn,Figure4D_20170124_ErkNLS_dnEGFR_1,,GO:0000186; GO:0007173; GO:0038128; GO:0038134,,Fbbi:00000367
5160,128-Muta-IECsERKDyn,Figure4D_20170124_ErkNLS_dnEGFR_2,,GO:0000186; GO:0007173; GO:0038128; GO:0038134,,Fbbi:00000367
5161,128-Muta-IECsERKDyn,Figure4D_20170124_ErkNLS_dnEGFR_3,,GO:0000186; GO:0007173; GO:0038128; GO:0038134,,Fbbi:00000367
5162,128-Muta-IECsERKDyn,Figure4D_20170124_ErkNLS_dnEGFR_4,,GO:0000186; GO:0007173; GO:0038128; GO:0038134,,Fbbi:00000367
5163,128-Muta-IECsERKDyn,Figure4D_20170124_ErkNLS_dnEGFR_5,,GO:0000186; GO:0007173; GO:0038128; GO:0038134,,Fbbi:00000367
5164,128-Muta-IECsERKDyn,Figure4D_20170124_ErkNLS_dnErbB2_1,,GO:0000186; GO:0007173; GO:0038128; GO:0038134,,Fbbi:00000367
5165,128-Muta-IECsERKDyn,Figure4D_20170124_ErkNLS_dnErbB2_2,,GO:0000186; GO:0007173; GO:0038128; GO:0038134,,Fbbi:00000367
5166,128-Muta-IECsERKDyn,Figure4D_20170124_ErkNLS_dnErbB2_3,,GO:0000186; GO:0007173; GO:0038128; GO:0038134,,Fbbi:00000367
5167,128-Muta-IECsERKDyn,Figure4D_20170124_ErkNLS_dnErbB2_4,,GO:0000186; GO:0007173; GO:0038128; GO:0038134,,Fbbi:00000367
5168,128-Muta-IECsERKDyn,Figure4D_20170124_ErkNLS_dnErbB2_5,,GO:0000186; GO:0007173; GO:0038128; GO:0038134,,Fbbi:00000367
5169,128-Muta-IECsERKDyn,Figure4EF_20160627_ErkNLS_ENR_hi_osc,,GO:0000186; GO:0007173; GO:0038128; GO:0038134,,Fbbi:00000367
5170,128-Muta-IECsERKDyn,Figure4EF_20160709_ErkNLS_ErbB2i_90min,,GO:0000186; GO:0007173; GO:0038128; GO:0038134,,Fbbi:00000367
5171,128-Muta-IECsERKDyn,Figure4EF_20161119_ErkNLS_EGFRi_90minOSC,,GO:0000186; GO:0007173; GO:0038128; GO:0038134,,Fbbi:00000367
5172,128-Muta-IECsERKDyn,Figure4EF_20161208_ErkNLS_EGFRiandErbB2i_90minOSC,,GO:0000186; GO:0007173; GO:0038128; GO:0038134,,Fbbi:00000367
5173,128-Muta-IECsERKDyn,Figure5A_20170417_d_ERK_Adenoma_4,,GO:0000186; GO:0007173; GO:0038128; GO:0038134,,Fbbi:00000367
5174,128-Muta-IECsERKDyn,Figure5A_20170423_ERK_Normal_Pre_3,,GO:0000186; GO:0007173; GO:0038128; GO:0038134,,Fbbi:00000367
5175,128-Muta-IECsERKDyn,Figure5B_20170417_d_ERK_Adenoma_1,,GO:0000186; GO:0007173; GO:0038128; GO:0038134,,Fbbi:00000367
5176,128-Muta-IECsERKDyn,Figure5B_20170417_d_ERK_Adenoma_2,,GO:0000186; GO:0007173; GO:0038128; GO:0038134,,Fbbi:00000367
5177,128-Muta-IECsERKDyn,Figure5B_20170417_d_ERK_Adenoma_3,,GO:0000186; GO:0007173; GO:0038128; GO:0038134,,Fbbi:00000367
5178,128-Muta-IECsERKDyn,Figure5B_20170417_d_ERK_Adenoma_4,,GO:0000186; GO:0007173; GO:0038128; GO:0038134,,Fbbi:00000367
5179,128-Muta-IECsERKDyn,Figure5B_20170417_d_ERK_Normal_1,,GO:0000186; GO:0007173; GO:0038128; GO:0038134,,Fbbi:00000367
5180,128-Muta-IECsERKDyn,Figure5B_20170417_d_ERK_Normal_2,,GO:0000186; GO:0007173; GO:0038128; GO:0038134,,Fbbi:00000367
5181,128-Muta-IECsERKDyn,Figure5B_20170417_d_ERK_Normal_3,,GO:0000186; GO:0007173; GO:0038128; GO:0038134,,Fbbi:00000367
5182,128-Muta-IECsERKDyn,Figure5C_20170330_d716_EGFRi_post,,GO:0000186; GO:0007173; GO:0038128; GO:0038134,,Fbbi:00000367
5183,128-Muta-IECsERKDyn,Figure5C_20170330_d716_EGFRi_pre,,GO:0000186; GO:0007173; GO:0038128; GO:0038134,,Fbbi:00000367
5184,128-Muta-IECsERKDyn,Figure5C_20170410_d716ERK_ErbB2i_3pre,,GO:0000186; GO:0007173; GO:0038128; GO:0038134,,Fbbi:00000367
5185,128-Muta-IECsERKDyn,Figure5C_ErbB2i_post,,GO:0000186; GO:0007173; GO:0038128; GO:0038134,,Fbbi:00000367
5186,128-Muta-IECsERKDyn,Figure5D_EGFRi_and_ErbB2i_post1,,GO:0000186; GO:0007173; GO:0038128; GO:0038134,,Fbbi:00000367
5187,128-Muta-IECsERKDyn,Figure5D_EGFRi_and_ErbB2i_post2,,GO:0000186; GO:0007173; GO:0038128; GO:0038134,,Fbbi:00000367
5188,128-Muta-IECsERKDyn,Figure5D_EGFRi_and_ErbB2i_post3,,GO:0000186; GO:0007173; GO:0038128; GO:0038134,,Fbbi:00000367
5189,128-Muta-IECsERKDyn,Figure5D_EGFRi_and_ErbB2i_pre1,,GO:0000186; GO:0007173; GO:0038128; GO:0038134,,Fbbi:00000367
5190,128-Muta-IECsERKDyn,Figure5D_EGFRi_and_ErbB2i_pre2,,GO:0000186; GO:0007173; GO:0038128; GO:0038134,,Fbbi:00000367
5191,128-Muta-IECsERKDyn,Figure5D_EGFRi_and_ErbB2i_pre3,,GO:0000186; GO:0007173; GO:0038128; GO:0038134,,Fbbi:00000367
5192,128-Muta-IECsERKDyn,Figure5D_EGFRi_post1,,GO:0000186; GO:0007173; GO:0038128; GO:0038134,,Fbbi:00000367
5193,128-Muta-IECsERKDyn,Figure5D_EGFRi_post2,,GO:0000186; GO:0007173; GO:0038128; GO:0038134,,Fbbi:00000367
5194,128-Muta-IECsERKDyn,Figure5D_EGFRi_post3,,GO:0000186; GO:0007173; GO:0038128; GO:0038134,,Fbbi:00000367
5195,128-Muta-IECsERKDyn,Figure5D_EGFRi_pre1,,GO:0000186; GO:0007173; GO:0038128; GO:0038134,,Fbbi:00000367
5196,128-Muta-IECsERKDyn,Figure5D_EGFRi_pre2,,GO:0000186; GO:0007173; GO:0038128; GO:0038134,,Fbbi:00000367
5197,128-Muta-IECsERKDyn,Figure5D_EGFRi_pre3,,GO:0000186; GO:0007173; GO:0038128; GO:0038134,,Fbbi:00000367
5198,128-Muta-IECsERKDyn,Figure5D_ErbB2i_post1,,GO:0000186; GO:0007173; GO:0038128; GO:0038134,,Fbbi:00000367
5199,128-Muta-IECsERKDyn,Figure5D_ErbB2i_post2,,GO:0000186; GO:0007173; GO:0038128; GO:0038134,,Fbbi:00000367
5200,128-Muta-IECsERKDyn,Figure5D_ErbB2i_post3,,GO:0000186; GO:0007173; GO:0038128; GO:0038134,,Fbbi:00000367
5201,128-Muta-IECsERKDyn,Figure5D_ErbB2i_pre1,,GO:0000186; GO:0007173; GO:0038128; GO:0038134,,Fbbi:00000367
5202,128-Muta-IECsERKDyn,Figure5D_ErbB2i_pre2,,GO:0000186; GO:0007173; GO:0038128; GO:0038134,,Fbbi:00000367
5203,128-Muta-IECsERKDyn,Figure5D_ErbB2i_pre3,,GO:0000186; GO:0007173; GO:0038128; GO:0038134,,Fbbi:00000367
5204,128-Muta-IECsERKDyn,Figure5EF_20170329_d716_ERK_OSC,,GO:0000186; GO:0007173; GO:0038128; GO:0038134,,Fbbi:00000367
5205,128-Muta-IECsERKDyn,Figure5EF_20170330_d716_EGFRi_ErbB2i_OSC,,GO:0000186; GO:0007173; GO:0038128; GO:0038134,,Fbbi:00000367
5206,128-Muta-IECsERKDyn,Figure5EF_20170330_d716_EGFRi_OSC,,GO:0000186; GO:0007173; GO:0038128; GO:0038134,,Fbbi:00000367
5207,128-Muta-IECsERKDyn,Figure5EF_20170330_d716_ErbB2i_OSC,,GO:0000186; GO:0007173; GO:0038128; GO:0038134,,Fbbi:00000367
5208,128-Muta-IECsERKDyn,Figure6A_20161108_ErkNLS_ENR,,GO:0000186; GO:0007173; GO:0038128; GO:0038134,,Fbbi:00000367
5209,128-Muta-IECsERKDyn,Figure6A_20161208_ErkNLS_24hrCHIR,,GO:0000186; GO:0007173; GO:0038128; GO:0038134,,Fbbi:00000367
5210,128-Muta-IECsERKDyn,Figure6B_20161108_ErkNLS_ENR_1,,GO:0000186; GO:0007173; GO:0038128; GO:0038134,,Fbbi:00000367
5211,128-Muta-IECsERKDyn,Figure6B_20161108_ErkNLS_ENR_2,,GO:0000186; GO:0007173; GO:0038128; GO:0038134,,Fbbi:00000367
5212,128-Muta-IECsERKDyn,Figure6B_20161108_ErkNLS_ENR_3,,GO:0000186; GO:0007173; GO:0038128; GO:0038134,,Fbbi:00000367
5213,128-Muta-IECsERKDyn,Figure6B_20161208_ErkNLS_24hrCHIR_1,,GO:0000186; GO:0007173; GO:0038128; GO:0038134,,Fbbi:00000367
5214,128-Muta-IECsERKDyn,Figure6B_20161208_ErkNLS_24hrCHIR_2,,GO:0000186; GO:0007173; GO:0038128; GO:0038134,,Fbbi:00000367
5215,128-Muta-IECsERKDyn,Figure6B_20161208_ErkNLS_24hrCHIR_3,,GO:0000186; GO:0007173; GO:0038128; GO:0038134,,Fbbi:00000367
5216,128-Muta-IECsERKDyn,Figure6C_CHIR_EFGRivsErbB2i_post,,GO:0000186; GO:0007173; GO:0038128; GO:0038134,,Fbbi:00000367
5217,128-Muta-IECsERKDyn,Figure6C_CHIR_EFGRivsErbB2i_pre,,GO:0000186; GO:0007173; GO:0038128; GO:0038134,,Fbbi:00000367
5218,128-Muta-IECsERKDyn,Figure6C_CHIR_EGFRi,,GO:0000186; GO:0007173; GO:0038128; GO:0038134,,Fbbi:00000367
5219,128-Muta-IECsERKDyn,Figure6C_CHIR_EGFRi_01,,GO:0000186; GO:0007173; GO:0038128; GO:0038134,,Fbbi:00000367
5220,128-Muta-IECsERKDyn,Figure6C_CHIR_ErbB2i_post,,GO:0000186; GO:0007173; GO:0038128; GO:0038134,,Fbbi:00000367
5221,128-Muta-IECsERKDyn,Figure6C_CHIR_ErbB2i_pre,,GO:0000186; GO:0007173; GO:0038128; GO:0038134,,Fbbi:00000367
5222,128-Muta-IECsERKDyn,Figure6D_ENR_post,,GO:0000186; GO:0007173; GO:0038128; GO:0038134,,Fbbi:00000367
5223,128-Muta-IECsERKDyn,Figure6D_ENR_pre,,GO:0000186; GO:0007173; GO:0038128; GO:0038134,,Fbbi:00000367
5224,128-Muta-IECsERKDyn,Figure6D_ENRvsCHIR_post,,GO:0000186; GO:0007173; GO:0038128; GO:0038134,,Fbbi:00000367
5225,128-Muta-IECsERKDyn,Figure6D_ENRvsCHIR_pre,,GO:0000186; GO:0007173; GO:0038128; GO:0038134,,Fbbi:00000367
5226,128-Muta-IECsERKDyn,Figure6D_Re-ENR_post,,GO:0000186; GO:0007173; GO:0038128; GO:0038134,,Fbbi:00000367
5227,128-Muta-IECsERKDyn,Figure6D_Re-ENR_pre,,GO:0000186; GO:0007173; GO:0038128; GO:0038134,,Fbbi:00000367
5228,128-Muta-IECsERKDyn,Figure6EF_ENR,,GO:0000186; GO:0007173; GO:0038128; GO:0038134,,Fbbi:00000367
5229,128-Muta-IECsERKDyn,Figure6EF_ENR-CHIR,,GO:0000186; GO:0007173; GO:0038128; GO:0038134,,Fbbi:00000367
5230,128-Muta-IECsERKDyn,Figure6EF_ENR-CHIR-EGFRi,,GO:0000186; GO:0007173; GO:0038128; GO:0038134,,Fbbi:00000367
5231,128-Muta-IECsERKDyn,Figure6EF_ENR-CHIR-ErbB2i,,GO:0000186; GO:0007173; GO:0038128; GO:0038134,,Fbbi:00000367
5232,128-Muta-IECsERKDyn,Figure6G_Fucci2a_fluorencence,,GO:0000186; GO:0007173; GO:0038128; GO:0038134,,Fbbi:00000367
5233,128-Muta-IECsERKDyn,Figure6H_Fucci2a_EGFRi_1,,GO:0000186; GO:0007173; GO:0038128; GO:0038134,,Fbbi:00000367
5234,128-Muta-IECsERKDyn,Figure6H_Fucci2a_EGFRi_2,,GO:0000186; GO:0007173; GO:0038128; GO:0038134,,Fbbi:00000367
5235,128-Muta-IECsERKDyn,Figure6H_Fucci2a_EGFRi_3,,GO:0000186; GO:0007173; GO:0038128; GO:0038134,,Fbbi:00000367
5236,128-Muta-IECsERKDyn,Figure6H_Fucci2a_EGFRi_4,,GO:0000186; GO:0007173; GO:0038128; GO:0038134,,Fbbi:00000367
5237,128-Muta-IECsERKDyn,Figure6H_Fucci2a_EGFRi_5,,GO:0000186; GO:0007173; GO:0038128; GO:0038134,,Fbbi:00000367
5238,128-Muta-IECsERKDyn,Figure6H_Fucci2a_EGFRi_6,,GO:0000186; GO:0007173; GO:0038128; GO:0038134,,Fbbi:00000367
5239,128-Muta-IECsERKDyn,Figure6H_Fucci2a_EGFRi_7,,GO:0000186; GO:0007173; GO:0038128; GO:0038134,,Fbbi:00000367
5240,128-Muta-IECsERKDyn,Figure6H_Fucci2a_EGFRivsErbB2i_1,,GO:0000186; GO:0007173; GO:0038128; GO:0038134,,Fbbi:00000367
5241,128-Muta-IECsERKDyn,Figure6H_Fucci2a_EGFRivsErbB2i_2,,GO:0000186; GO:0007173; GO:0038128; GO:0038134,,Fbbi:00000367
5242,128-Muta-IECsERKDyn,Figure6H_Fucci2a_EGFRivsErbB2i_3,,GO:0000186; GO:0007173; GO:0038128; GO:0038134,,Fbbi:00000367
5243,128-Muta-IECsERKDyn,Figure6H_Fucci2a_EGFRivsErbB2i_4,,GO:0000186; GO:0007173; GO:0038128; GO:0038134,,Fbbi:00000367
5244,128-Muta-IECsERKDyn,Figure6H_Fucci2a_ENR,,GO:0000186; GO:0007173; GO:0038128; GO:0038134,,Fbbi:00000367
5245,128-Muta-IECsERKDyn,Figure6H_Fucci2a_ENR_day2_1,,GO:0000186; GO:0007173; GO:0038128; GO:0038134,,Fbbi:00000367
5246,128-Muta-IECsERKDyn,Figure6H_Fucci2a_ENR_day2_2,,GO:0000186; GO:0007173; GO:0038128; GO:0038134,,Fbbi:00000367
5247,128-Muta-IECsERKDyn,Figure6H_Fucci2a_ENR_day2_3,,GO:0000186; GO:0007173; GO:0038128; GO:0038134,,Fbbi:00000367
5248,128-Muta-IECsERKDyn,Figure6H_Fucci2a_ErbB2i_1,,GO:0000186; GO:0007173; GO:0038128; GO:0038134,,Fbbi:00000367
5249,128-Muta-IECsERKDyn,Figure6H_Fucci2a_ErbB2i_2,,GO:0000186; GO:0007173; GO:0038128; GO:0038134,,Fbbi:00000367
5250,128-Muta-IECsERKDyn,Figure6H_Fucci2a_ErbB2i_3,,GO:0000186; GO:0007173; GO:0038128; GO:0038134,,Fbbi:00000367
5251,128-Muta-IECsERKDyn,Figure6H_Fucci2a_ErbB2i_4,,GO:0000186; GO:0007173; GO:0038128; GO:0038134,,Fbbi:00000367
5252,128-Muta-IECsERKDyn,Figure6H_Fucci2a_ErbB2i_5,,GO:0000186; GO:0007173; GO:0038128; GO:0038134,,Fbbi:00000367
5253,128-Muta-IECsERKDyn,Figure6H_Fucci2a_ErbB2i_6,,GO:0000186; GO:0007173; GO:0038128; GO:0038134,,Fbbi:00000367
5254,128-Muta-IECsERKDyn,Figure6H_Fucci2a_MEKi_1,,GO:0000186; GO:0007173; GO:0038128; GO:0038134,,Fbbi:00000367
5255,128-Muta-IECsERKDyn,Figure6H_Fucci2a_MEKi_2,,GO:0000186; GO:0007173; GO:0038128; GO:0038134,,Fbbi:00000367
5256,128-Muta-IECsERKDyn,Figure6H_Fucci2a_MEKi_3,,GO:0000186; GO:0007173; GO:0038128; GO:0038134,,Fbbi:00000367
5257,128-Muta-IECsERKDyn,Figure6H_Fucci2a_MEKi_4,,GO:0000186; GO:0007173; GO:0038128; GO:0038134,,Fbbi:00000367
5258,128-Muta-IECsERKDyn,Figure6H_Fucci2a_MEKi_5,,GO:0000186; GO:0007173; GO:0038128; GO:0038134,,Fbbi:00000367
5259,128-Muta-IECsERKDyn,Figure6H_Fucci2a_NR_1,,GO:0000186; GO:0007173; GO:0038128; GO:0038134,,Fbbi:00000367
5260,128-Muta-IECsERKDyn,Figure6H_Fucci2a_NR_2,,GO:0000186; GO:0007173; GO:0038128; GO:0038134,,Fbbi:00000367
5261,128-Muta-IECsERKDyn,Figure6H_Fucci2a_NR_3,,GO:0000186; GO:0007173; GO:0038128; GO:0038134,,Fbbi:00000367
5262,128-Muta-IECsERKDyn,Figure6H_Fucci2a_NR_4,,GO:0000186; GO:0007173; GO:0038128; GO:0038134,,Fbbi:00000367
5263,128-Muta-IECsERKDyn,Figure6H_Fucci2a_NR_5,,GO:0000186; GO:0007173; GO:0038128; GO:0038134,,Fbbi:00000367
5264,128-Muta-IECsERKDyn,Figure6I_Fucci2a_CHIR_1,,GO:0000186; GO:0007173; GO:0038128; GO:0038134,,Fbbi:00000367
5265,128-Muta-IECsERKDyn,Figure6I_Fucci2a_CHIR_2,,GO:0000186; GO:0007173; GO:0038128; GO:0038134,,Fbbi:00000367
5266,128-Muta-IECsERKDyn,Figure6I_Fucci2a_CHIR_3,,GO:0000186; GO:0007173; GO:0038128; GO:0038134,,Fbbi:00000367
5267,128-Muta-IECsERKDyn,Figure6I_Fucci2a_CHIR_4,,GO:0000186; GO:0007173; GO:0038128; GO:0038134,,Fbbi:00000367
5268,128-Muta-IECsERKDyn,Figure6I_Fucci2a_CHIR_5,,GO:0000186; GO:0007173; GO:0038128; GO:0038134,,Fbbi:00000367
5269,128-Muta-IECsERKDyn,Figure6I_Fucci2a_CHIR-EGFRi_1,,GO:0000186; GO:0007173; GO:0038128; GO:0038134,,Fbbi:00000367
5270,128-Muta-IECsERKDyn,Figure6I_Fucci2a_CHIR-EGFRi_2,,GO:0000186; GO:0007173; GO:0038128; GO:0038134,,Fbbi:00000367
5271,128-Muta-IECsERKDyn,Figure6I_Fucci2a_CHIR-EGFRi_3,,GO:0000186; GO:0007173; GO:0038128; GO:0038134,,Fbbi:00000367
5272,128-Muta-IECsERKDyn,Figure6I_Fucci2a_CHIR-EGFRi_4,,GO:0000186; GO:0007173; GO:0038128; GO:0038134,,Fbbi:00000367
5273,128-Muta-IECsERKDyn,Figure6I_Fucci2a_CHIR-EGFRi_5,,GO:0000186; GO:0007173; GO:0038128; GO:0038134,,Fbbi:00000367
5274,128-Muta-IECsERKDyn,Figure6I_Fucci2a_CHIR-EGFRi-ErbB2i_1,,GO:0000186; GO:0007173; GO:0038128; GO:0038134,,Fbbi:00000367
5275,128-Muta-IECsERKDyn,Figure6I_Fucci2a_CHIR-EGFRi-ErbB2i_2,,GO:0000186; GO:0007173; GO:0038128; GO:0038134,,Fbbi:00000367
5276,128-Muta-IECsERKDyn,Figure6I_Fucci2a_CHIR-EGFRi-ErbB2i_3,,GO:0000186; GO:0007173; GO:0038128; GO:0038134,,Fbbi:00000367
5277,128-Muta-IECsERKDyn,Figure6I_Fucci2a_CHIR-EGFRi-ErbB2i_4,,GO:0000186; GO:0007173; GO:0038128; GO:0038134,,Fbbi:00000367
5278,128-Muta-IECsERKDyn,Figure6I_Fucci2a_CHIR-EGFRi-ErbB2i_5,,GO:0000186; GO:0007173; GO:0038128; GO:0038134,,Fbbi:00000367
5279,128-Muta-IECsERKDyn,Figure6I_Fucci2a_CHIR-ErbB2i_1,,GO:0000186; GO:0007173; GO:0038128; GO:0038134,,Fbbi:00000367
5280,128-Muta-IECsERKDyn,Figure6I_Fucci2a_CHIR-ErbB2i_2,,GO:0000186; GO:0007173; GO:0038128; GO:0038134,,Fbbi:00000367
5281,128-Muta-IECsERKDyn,Figure6I_Fucci2a_CHIR-ErbB2i_3,,GO:0000186; GO:0007173; GO:0038128; GO:0038134,,Fbbi:00000367
5282,128-Muta-IECsERKDyn,Figure6I_Fucci2a_CHIR-ErbB2i_4,,GO:0000186; GO:0007173; GO:0038128; GO:0038134,,Fbbi:00000367
5283,128-Muta-IECsERKDyn,Figure6I_Fucci2a_CHIR-ErbB2i_5,,GO:0000186; GO:0007173; GO:0038128; GO:0038134,,Fbbi:00000367
5284,128-Muta-IECsERKDyn,Figure6I_Fucci2a_ENR_2,,GO:0000186; GO:0007173; GO:0038128; GO:0038134,,Fbbi:00000367
5285,128-Muta-IECsERKDyn,Figure6I_Fucci2a_ENR_3,,GO:0000186; GO:0007173; GO:0038128; GO:0038134,,Fbbi:00000367
5286,128-Muta-IECsERKDyn,Figure6I_Fucci2a_ENR_4,,GO:0000186; GO:0007173; GO:0038128; GO:0038134,,Fbbi:00000367
5287,128-Muta-IECsERKDyn,Figure6I_Fucci2a_ENR_5,,GO:0000186; GO:0007173; GO:0038128; GO:0038134,,Fbbi:00000367
5288,128-Muta-IECsERKDyn,Figure7A_CHIR_post,,GO:0000186; GO:0007173; GO:0038128; GO:0038134,,Fbbi:00000367
5289,128-Muta-IECsERKDyn,Figure7A_CHIR_pre,,GO:0000186; GO:0007173; GO:0038128; GO:0038134,,Fbbi:00000367
5290,128-Muta-IECsERKDyn,Figure7A_control_post,,GO:0000186; GO:0007173; GO:0038128; GO:0038134,,Fbbi:00000367
5291,128-Muta-IECsERKDyn,Figure7A_control_pre,,GO:0000186; GO:0007173; GO:0038128; GO:0038134,,Fbbi:00000367
5292,128-Muta-IECsERKDyn,Figure7BC_20170607_C_EGFR_Ecad_2_CHIR99021,,GO:0000186; GO:0007173; GO:0038128; GO:0038134,,Fbbi:00000246
5293,128-Muta-IECsERKDyn,Figure7BC_20170607_NC_EGFR_Ecad_1_control,,GO:0000186; GO:0007173; GO:0038128; GO:0038134,,Fbbi:00000246
5294,128-Muta-IECsERKDyn,Figure7DE_EGFR-E-Cadherin_adenoma,,GO:0000186; GO:0007173; GO:0038128; GO:0038134,,Fbbi:00000246
5295,128-Muta-IECsERKDyn,Figure7DE_EGFR-E-Cadherin_normal,,GO:0000186; GO:0007173; GO:0038128; GO:0038134,,Fbbi:00000246
5296,128-Muta-IECsERKDyn,Figure7FG_EGFRvsErbB2i_adenoma_1,,GO:0000186; GO:0007173; GO:0038128; GO:0038134,,Fbbi:00000246
5297,128-Muta-IECsERKDyn,Figure7FG_EGFRvsErbB2i_adenoma_2,,GO:0000186; GO:0007173; GO:0038128; GO:0038134,,Fbbi:00000246
5298,128-Muta-IECsERKDyn,Figure7FG_EGFRvsErbB2i_normal_1,,GO:0000186; GO:0007173; GO:0038128; GO:0038134,,Fbbi:00000246
5299,128-Muta-IECsERKDyn,Figure7FG_EGFRvsErbB2i_normal_2,,GO:0000186; GO:0007173; GO:0038128; GO:0038134,,Fbbi:00000246
5300,128-Muta-IECsERKDyn,Figure7HI_20170524_Edu_CHIR99021_1,,GO:0000186; GO:0007173; GO:0038128; GO:0038134,,Fbbi:00000246
5301,128-Muta-IECsERKDyn,Figure7HI_20170524_Edu_CHIR99021_2,,GO:0000186; GO:0007173; GO:0038128; GO:0038134,,Fbbi:00000246
5302,128-Muta-IECsERKDyn,Figure7HI_20170524_Edu_CHIR99021_3,,GO:0000186; GO:0007173; GO:0038128; GO:0038134,,Fbbi:00000246
5303,128-Muta-IECsERKDyn,Figure7HI_20170524_Edu_CHIR99021_4,,GO:0000186; GO:0007173; GO:0038128; GO:0038134,,Fbbi:00000246
5304,128-Muta-IECsERKDyn,Figure7HI_20170524_Edu_CHIR99021_5,,GO:0000186; GO:0007173; GO:0038128; GO:0038134,,Fbbi:00000246
5305,128-Muta-IECsERKDyn,Figure7HI_20170524_Edu_CHIRvsErlotinib_1,,GO:0000186; GO:0007173; GO:0038128; GO:0038134,,Fbbi:00000246
5306,128-Muta-IECsERKDyn,Figure7HI_20170524_Edu_CHIRvsErlotinib_2,,GO:0000186; GO:0007173; GO:0038128; GO:0038134,,Fbbi:00000246
5307,128-Muta-IECsERKDyn,Figure7HI_20170524_Edu_CHIRvsErlotinib_3,,GO:0000186; GO:0007173; GO:0038128; GO:0038134,,Fbbi:00000246
5308,128-Muta-IECsERKDyn,Figure7HI_20170524_Edu_CHIRvsErlotinib_4,,GO:0000186; GO:0007173; GO:0038128; GO:0038134,,Fbbi:00000246
5309,128-Muta-IECsERKDyn,Figure7HI_20170524_Edu_CHIRvsErlotinib_5,,GO:0000186; GO:0007173; GO:0038128; GO:0038134,,Fbbi:00000246
5310,128-Muta-IECsERKDyn,Figure7HI_20170524_Edu_CHIRvsErlotinib_6,,GO:0000186; GO:0007173; GO:0038128; GO:0038134,,Fbbi:00000246
5311,128-Muta-IECsERKDyn,Figure7HI_20170524_Edu_CHIRvsErlotinib_7,,GO:0000186; GO:0007173; GO:0038128; GO:0038134,,Fbbi:00000246
5312,128-Muta-IECsERKDyn,Figure7HI_20170524_Edu_CHIRvsErlotinib_8,,GO:0000186; GO:0007173; GO:0038128; GO:0038134,,Fbbi:00000246
5313,128-Muta-IECsERKDyn,Figure7HI_20170524_Edu_control_1,,GO:0000186; GO:0007173; GO:0038128; GO:0038134,,Fbbi:00000246
5314,128-Muta-IECsERKDyn,Figure7HI_20170524_Edu_control_2,,GO:0000186; GO:0007173; GO:0038128; GO:0038134,,Fbbi:00000246
5315,128-Muta-IECsERKDyn,Figure7HI_20170524_Edu_control_3,,GO:0000186; GO:0007173; GO:0038128; GO:0038134,,Fbbi:00000246
5316,128-Muta-IECsERKDyn,Figure7HI_20170524_Edu_control_4,,GO:0000186; GO:0007173; GO:0038128; GO:0038134,,Fbbi:00000246
5317,128-Muta-IECsERKDyn,Figure7HI_20170602_Erlotinib_1-1,,GO:0000186; GO:0007173; GO:0038128; GO:0038134,,Fbbi:00000246
5318,128-Muta-IECsERKDyn,Figure7HI_20170602_Erlotinib_1-2,,GO:0000186; GO:0007173; GO:0038128; GO:0038134,,Fbbi:00000246
5319,128-Muta-IECsERKDyn,Figure7HI_20170602_Erlotinib_1-3,,GO:0000186; GO:0007173; GO:0038128; GO:0038134,,Fbbi:00000246
5320,128-Muta-IECsERKDyn,Figure7HI_20170602_Erlotinib_1-4,,GO:0000186; GO:0007173; GO:0038128; GO:0038134,,Fbbi:00000246
5321,128-Muta-IECsERKDyn,Figure7HI_20170602_Erlotinib_2-1,,GO:0000186; GO:0007173; GO:0038128; GO:0038134,,Fbbi:00000246
5322,128-Muta-IECsERKDyn,Figure7HI_20170602_Erlotinib_2-2,,GO:0000186; GO:0007173; GO:0038128; GO:0038134,,Fbbi:00000246
5323,128-Muta-IECsERKDyn,Figure7HI_20170602_Erlotinib_2-3,,GO:0000186; GO:0007173; GO:0038128; GO:0038134,,Fbbi:00000246
5324,128-Muta-IECsERKDyn,Figure7HI_20170602_Erlotinib_2-4,,GO:0000186; GO:0007173; GO:0038128; GO:0038134,,Fbbi:00000246
5325,128-Muta-IECsERKDyn,Figure7HI_20170602_Erlotinib_3-1,,GO:0000186; GO:0007173; GO:0038128; GO:0038134,,Fbbi:00000246
5326,128-Muta-IECsERKDyn,Figure7HI_20170602_Erlotinib_3-2,,GO:0000186; GO:0007173; GO:0038128; GO:0038134,,Fbbi:00000246
5327,128-Muta-IECsERKDyn,Figure7HI_20170602_Erlotinib_3-3,,GO:0000186; GO:0007173; GO:0038128; GO:0038134,,Fbbi:00000246
5328,128-Muta-IECsERKDyn,Figure7HI_20170602_Erlotinib_3-4,,GO:0000186; GO:0007173; GO:0038128; GO:0038134,,Fbbi:00000246
5329,128-Muta-IECsERKDyn,Figure8H_20180105_adenoma_control_post1,,GO:0000186; GO:0007173; GO:0038128; GO:0038134,,Fbbi:00000367
5330,128-Muta-IECsERKDyn,Figure8H_20180105_adenoma_control_post2,,GO:0000186; GO:0007173; GO:0038128; GO:0038134,,Fbbi:00000367
5331,128-Muta-IECsERKDyn,Figure8H_20180105_adenoma_control_pre1,,GO:0000186; GO:0007173; GO:0038128; GO:0038134,,Fbbi:00000367
5332,128-Muta-IECsERKDyn,Figure8H_20180105_adenoma_control_pre2,,GO:0000186; GO:0007173; GO:0038128; GO:0038134,,Fbbi:00000367
5333,128-Muta-IECsERKDyn,Figure8H_20180105_adenoma_Lrig3_post1,,GO:0000186; GO:0007173; GO:0038128; GO:0038134,,Fbbi:00000367
5334,128-Muta-IECsERKDyn,Figure8H_20180105_adenoma_Lrig3_post2,,GO:0000186; GO:0007173; GO:0038128; GO:0038134,,Fbbi:00000367
5335,128-Muta-IECsERKDyn,Figure8H_20180105_adenoma_Lrig3_pre1,,GO:0000186; GO:0007173; GO:0038128; GO:0038134,,Fbbi:00000367
5336,128-Muta-IECsERKDyn,Figure8H_20180105_adenoma_Lrig3_pre2,,GO:0000186; GO:0007173; GO:0038128; GO:0038134,,Fbbi:00000367
5337,128-Muta-IECsERKDyn,Figure8H_20180105_adenoma_shEGFL6_post2,,GO:0000186; GO:0007173; GO:0038128; GO:0038134,,Fbbi:00000367
5338,128-Muta-IECsERKDyn,Figure8H_20180105_adenoma_shEGFL6_post3,,GO:0000186; GO:0007173; GO:0038128; GO:0038134,,Fbbi:00000367
5339,128-Muta-IECsERKDyn,Figure8H_20180105_adenoma_shEGFL6_pre2,,GO:0000186; GO:0007173; GO:0038128; GO:0038134,,Fbbi:00000367
5340,128-Muta-IECsERKDyn,Figure8H_20180105_adenoma_shEGFL6_pre3,,GO:0000186; GO:0007173; GO:0038128; GO:0038134,,Fbbi:00000367
5341,128-Muta-IECsERKDyn,Figure8H_20180105_adenoma_shFLNA_post1,,GO:0000186; GO:0007173; GO:0038128; GO:0038134,,Fbbi:00000367
5342,128-Muta-IECsERKDyn,Figure8H_20180105_adenoma_shFLNA_post2,,GO:0000186; GO:0007173; GO:0038128; GO:0038134,,Fbbi:00000367
5343,128-Muta-IECsERKDyn,Figure8H_20180105_adenoma_shFLNA_pre1,,GO:0000186; GO:0007173; GO:0038128; GO:0038134,,Fbbi:00000367
5344,128-Muta-IECsERKDyn,Figure8H_20180105_adenoma_shFLNA_pre2,,GO:0000186; GO:0007173; GO:0038128; GO:0038134,,Fbbi:00000367
5345,128-Muta-IECsERKDyn,Figure8H_20180105_adenoma_shTroy_post1,,GO:0000186; GO:0007173; GO:0038128; GO:0038134,,Fbbi:00000367
5346,128-Muta-IECsERKDyn,Figure8H_20180105_adenoma_shTroy_post2,,GO:0000186; GO:0007173; GO:0038128; GO:0038134,,Fbbi:00000367
5347,128-Muta-IECsERKDyn,Figure8H_20180105_adenoma_shTroy_pre1,,GO:0000186; GO:0007173; GO:0038128; GO:0038134,,Fbbi:00000367
5348,128-Muta-IECsERKDyn,Figure8H_20180105_adenoma_shTroy_pre2,,GO:0000186; GO:0007173; GO:0038128; GO:0038134,,Fbbi:00000367
5349,128-Muta-IECsERKDyn,Figure8I_20180103_adenoma_control,,GO:0000186; GO:0007173; GO:0038128; GO:0038134,,Fbbi:00000249
5350,128-Muta-IECsERKDyn,Figure8I_20180103_adenoma_Lrig3,,GO:0000186; GO:0007173; GO:0038128; GO:0038134,,Fbbi:00000249
5351,128-Muta-IECsERKDyn,Figure8I_20180103_adenoma_shEGFL6,,GO:0000186; GO:0007173; GO:0038128; GO:0038134,,Fbbi:00000249
5352,128-Muta-IECsERKDyn,Figure8I_20180103_adenoma_shFLNA,,GO:0000186; GO:0007173; GO:0038128; GO:0038134,,Fbbi:00000249
5353,128-Muta-IECsERKDyn,Figure8I_20180103_adenoma_shTROY,,GO:0000186; GO:0007173; GO:0038128; GO:0038134,,Fbbi:00000249
5354,128-Muta-IECsERKDyn,Figure4GH_BRAFi_0_1uM,,GO:0000186; GO:0007173; GO:0038128; GO:0038134,,Fbbi:00000367
5355,128-Muta-IECsERKDyn,Figure4GH_BRAFi_0uM,,GO:0000186; GO:0007173; GO:0038128; GO:0038134,,Fbbi:00000367
5356,128-Muta-IECsERKDyn,Figure4GH_BRAFi_10uM,,GO:0000186; GO:0007173; GO:0038128; GO:0038134,,Fbbi:00000367
5357,128-Muta-IECsERKDyn,Figure4GH_BRAFi_1uM,,GO:0000186; GO:0007173; GO:0038128; GO:0038134,,Fbbi:00000367
5358,128-Muta-IECsERKDyn,SuppFig4A_20171101_ErkNLS_EN1,,GO:0000186; GO:0007173; GO:0038128; GO:0038134,,Fbbi:00000367
5359,128-Muta-IECsERKDyn,SuppFig4A_20171101_ErkNLS_EN2,,GO:0000186; GO:0007173; GO:0038128; GO:0038134,,Fbbi:00000367
5360,128-Muta-IECsERKDyn,SuppFig4A_20171101_ErkNLS_EN3,,GO:0000186; GO:0007173; GO:0038128; GO:0038134,,Fbbi:00000367
5361,128-Muta-IECsERKDyn,SuppFig4A_20171101_ErkNLS_ENR1,,GO:0000186; GO:0007173; GO:0038128; GO:0038134,,Fbbi:00000367
5362,128-Muta-IECsERKDyn,SuppFig4A_20171101_ErkNLS_ENR2,,GO:0000186; GO:0007173; GO:0038128; GO:0038134,,Fbbi:00000367
5363,128-Muta-IECsERKDyn,SuppFig4A_20171101_ErkNLS_ENR3,,GO:0000186; GO:0007173; GO:0038128; GO:0038134,,Fbbi:00000367
5364,128-Muta-IECsERKDyn,SuppFig4B_20171022_EGFRi_Post1,,GO:0000186; GO:0007173; GO:0038128; GO:0038134,,Fbbi:00000367
5365,128-Muta-IECsERKDyn,SuppFig4B_20171022_EGFRi_Post3,,GO:0000186; GO:0007173; GO:0038128; GO:0038134,,Fbbi:00000367
5366,128-Muta-IECsERKDyn,SuppFig4B_20171022_EGFRi_Post4,,GO:0000186; GO:0007173; GO:0038128; GO:0038134,,Fbbi:00000367
5367,128-Muta-IECsERKDyn,SuppFig4B_20171022_EGFRi_Pre1,,GO:0000186; GO:0007173; GO:0038128; GO:0038134,,Fbbi:00000367
5368,128-Muta-IECsERKDyn,SuppFig4B_20171022_EGFRi_Pre3,,GO:0000186; GO:0007173; GO:0038128; GO:0038134,,Fbbi:00000367
5369,128-Muta-IECsERKDyn,SuppFig4B_20171022_EGFRi_Pre4,,GO:0000186; GO:0007173; GO:0038128; GO:0038134,,Fbbi:00000367
5370,128-Muta-IECsERKDyn,SuppFig4B_20171022_EGFRi-ErbB2i_Post1,,GO:0000186; GO:0007173; GO:0038128; GO:0038134,,Fbbi:00000367
5371,128-Muta-IECsERKDyn,SuppFig4B_20171022_EGFRi-ErbB2i_Post2,,GO:0000186; GO:0007173; GO:0038128; GO:0038134,,Fbbi:00000367
5372,128-Muta-IECsERKDyn,SuppFig4B_20171022_EGFRi-ErbB2i_Post3,,GO:0000186; GO:0007173; GO:0038128; GO:0038134,,Fbbi:00000367
5373,128-Muta-IECsERKDyn,SuppFig4B_20171022_EGFRi-ErbB2i_Pre1,,GO:0000186; GO:0007173; GO:0038128; GO:0038134,,Fbbi:00000367
5374,128-Muta-IECsERKDyn,SuppFig4B_20171022_EGFRi-ErbB2i_Pre2,,GO:0000186; GO:0007173; GO:0038128; GO:0038134,,Fbbi:00000367
5375,128-Muta-IECsERKDyn,SuppFig4B_20171022_EGFRi-ErbB2i_Pre3,,GO:0000186; GO:0007173; GO:0038128; GO:0038134,,Fbbi:00000367
5376,128-Muta-IECsERKDyn,SuppFig4B_20171022_ErbB2i_Post1,,GO:0000186; GO:0007173; GO:0038128; GO:0038134,,Fbbi:00000367
5377,128-Muta-IECsERKDyn,SuppFig4B_20171022_ErbB2i_Post2,,GO:0000186; GO:0007173; GO:0038128; GO:0038134,,Fbbi:00000367
5378,128-Muta-IECsERKDyn,SuppFig4B_20171022_ErbB2i_Post3,,GO:0000186; GO:0007173; GO:0038128; GO:0038134,,Fbbi:00000367
5379,128-Muta-IECsERKDyn,SuppFig4B_20171022_ErbB2i_Pre1,,GO:0000186; GO:0007173; GO:0038128; GO:0038134,,Fbbi:00000367
5380,128-Muta-IECsERKDyn,SuppFig4B_20171022_ErbB2i_Pre2,,GO:0000186; GO:0007173; GO:0038128; GO:0038134,,Fbbi:00000367
5381,128-Muta-IECsERKDyn,SuppFig4B_20171022_ErbB2i_Pre3,,GO:0000186; GO:0007173; GO:0038128; GO:0038134,,Fbbi:00000367
5382,128-Muta-IECsERKDyn,SuppFig4C_EN_control,,GO:0000186; GO:0007173; GO:0038128; GO:0038134,,Fbbi:00000367
5383,128-Muta-IECsERKDyn,SuppFig4C_EN_EGFRi,,GO:0000186; GO:0007173; GO:0038128; GO:0038134,,Fbbi:00000367
5384,128-Muta-IECsERKDyn,SuppFig4C_EN_ErbB2i,,GO:0000186; GO:0007173; GO:0038128; GO:0038134,,Fbbi:00000367
5385,128-Muta-IECsERKDyn,SuppFig4C_EN_ErbB2i-EGFRi,,GO:0000186; GO:0007173; GO:0038128; GO:0038134,,Fbbi:00000367
5386,128-Muta-IECsERKDyn,SuppFig4C_ENR,,GO:0000186; GO:0007173; GO:0038128; GO:0038134,,Fbbi:00000367
5387,128-Muta-IECsERKDyn,SuppFig4D_ENR_1,,GO:0000186; GO:0007173; GO:0038128; GO:0038134,,Fbbi:00000367
5388,128-Muta-IECsERKDyn,SuppFig4D_ENR_2,,GO:0000186; GO:0007173; GO:0038128; GO:0038134,,Fbbi:00000367
5389,128-Muta-IECsERKDyn,SuppFig4D_ENR_3,,GO:0000186; GO:0007173; GO:0038128; GO:0038134,,Fbbi:00000367
5390,128-Muta-IECsERKDyn,SuppFig4D_ER_1,,GO:0000186; GO:0007173; GO:0038128; GO:0038134,,Fbbi:00000367
5391,128-Muta-IECsERKDyn,SuppFig4D_ER_2,,GO:0000186; GO:0007173; GO:0038128; GO:0038134,,Fbbi:00000367
5392,128-Muta-IECsERKDyn,SuppFig4D_ER_3,,GO:0000186; GO:0007173; GO:0038128; GO:0038134,,Fbbi:00000367
5393,128-Muta-IECsERKDyn,SuppFig4E_EGFRi_pre1,,GO:0000186; GO:0007173; GO:0038128; GO:0038134,,Fbbi:00000367
5394,128-Muta-IECsERKDyn,SuppFig4E_EGFRi_pre2,,GO:0000186; GO:0007173; GO:0038128; GO:0038134,,Fbbi:00000367
5395,128-Muta-IECsERKDyn,SuppFig4E_EGFRi_pre3,,GO:0000186; GO:0007173; GO:0038128; GO:0038134,,Fbbi:00000367
5396,128-Muta-IECsERKDyn,SuppFig4E_EGFRi-ErbB2i_post1,,GO:0000186; GO:0007173; GO:0038128; GO:0038134,,Fbbi:00000367
5397,128-Muta-IECsERKDyn,SuppFig4E_EGFRi-ErbB2i_post2,,GO:0000186; GO:0007173; GO:0038128; GO:0038134,,Fbbi:00000367
5398,128-Muta-IECsERKDyn,SuppFig4E_EGFRi-ErbB2i_post3,,GO:0000186; GO:0007173; GO:0038128; GO:0038134,,Fbbi:00000367
5399,128-Muta-IECsERKDyn,SuppFig4E_EGFRi-ErbB2i_post4,,GO:0000186; GO:0007173; GO:0038128; GO:0038134,,Fbbi:00000367
5400,128-Muta-IECsERKDyn,SuppFig4E_EGFRi-ErbB2i_post5,,GO:0000186; GO:0007173; GO:0038128; GO:0038134,,Fbbi:00000367
5401,128-Muta-IECsERKDyn,SuppFig4E_EGFRi-ErbB2i_pre1,,GO:0000186; GO:0007173; GO:0038128; GO:0038134,,Fbbi:00000367
5402,128-Muta-IECsERKDyn,SuppFig4E_EGFRi-ErbB2i_pre2,,GO:0000186; GO:0007173; GO:0038128; GO:0038134,,Fbbi:00000367
5403,128-Muta-IECsERKDyn,SuppFig4E_ErbB2i_pre1,,GO:0000186; GO:0007173; GO:0038128; GO:0038134,,Fbbi:00000367
5404,128-Muta-IECsERKDyn,SuppFig4E_ErbB2i_pre2,,GO:0000186; GO:0007173; GO:0038128; GO:0038134,,Fbbi:00000367
5405,128-Muta-IECsERKDyn,SuppFig4F_ENR_control,,GO:0000186; GO:0007173; GO:0038128; GO:0038134,,Fbbi:00000367
5406,128-Muta-IECsERKDyn,SuppFig4F_ER_control,,GO:0000186; GO:0007173; GO:0038128; GO:0038134,,Fbbi:00000367
5407,128-Muta-IECsERKDyn,SuppFig4F_ER_EGFRi,,GO:0000186; GO:0007173; GO:0038128; GO:0038134,,Fbbi:00000367
5408,128-Muta-IECsERKDyn,SuppFig4F_ER_EGFRi-ErbB2i,,GO:0000186; GO:0007173; GO:0038128; GO:0038134,,Fbbi:00000367
5409,128-Muta-IECsERKDyn,SuppFig4F_ER_ErbB2i,,GO:0000186; GO:0007173; GO:0038128; GO:0038134,,Fbbi:00000367
5410,128-Muta-IECsERKDyn,SuppFig5A_ENR1,,GO:0000186; GO:0007173; GO:0038128; GO:0038134,,Fbbi:00000367
5411,128-Muta-IECsERKDyn,SuppFig5A_ENR2,,GO:0000186; GO:0007173; GO:0038128; GO:0038134,,Fbbi:00000367
5412,128-Muta-IECsERKDyn,SuppFig5A_ENR3,,GO:0000186; GO:0007173; GO:0038128; GO:0038134,,Fbbi:00000367
5413,128-Muta-IECsERKDyn,SuppFig5A_Wnt3a1,,GO:0000186; GO:0007173; GO:0038128; GO:0038134,,Fbbi:00000367
5414,128-Muta-IECsERKDyn,SuppFig5A_Wnt3a2,,GO:0000186; GO:0007173; GO:0038128; GO:0038134,,Fbbi:00000367
5415,128-Muta-IECsERKDyn,SuppFig5A_Wnt3a3,,GO:0000186; GO:0007173; GO:0038128; GO:0038134,,Fbbi:00000367
5416,128-Muta-IECsERKDyn,SuppFig5B_Wnt_EGFRi_post1,,GO:0000186; GO:0007173; GO:0038128; GO:0038134,,Fbbi:00000367
5417,128-Muta-IECsERKDyn,SuppFig5B_Wnt_EGFRi_post2,,GO:0000186; GO:0007173; GO:0038128; GO:0038134,,Fbbi:00000367
5418,128-Muta-IECsERKDyn,SuppFig5B_Wnt_EGFRi_post3,,GO:0000186; GO:0007173; GO:0038128; GO:0038134,,Fbbi:00000367
5419,128-Muta-IECsERKDyn,SuppFig5B_Wnt_EGFRi_pre1,,GO:0000186; GO:0007173; GO:0038128; GO:0038134,,Fbbi:00000367
5420,128-Muta-IECsERKDyn,SuppFig5B_Wnt_EGFRi_pre2,,GO:0000186; GO:0007173; GO:0038128; GO:0038134,,Fbbi:00000367
5421,128-Muta-IECsERKDyn,SuppFig5B_Wnt_EGFRi_pre3,,GO:0000186; GO:0007173; GO:0038128; GO:0038134,,Fbbi:00000367
5422,128-Muta-IECsERKDyn,SuppFig5B_Wnt_EGFRi-ErbB2i_post1,,GO:0000186; GO:0007173; GO:0038128; GO:0038134,,Fbbi:00000367
5423,128-Muta-IECsERKDyn,SuppFig5B_Wnt_EGFRi-ErbB2i_post2,,GO:0000186; GO:0007173; GO:0038128; GO:0038134,,Fbbi:00000367
5424,128-Muta-IECsERKDyn,SuppFig5B_Wnt_EGFRi-ErbB2i_post3,,GO:0000186; GO:0007173; GO:0038128; GO:0038134,,Fbbi:00000367
5425,128-Muta-IECsERKDyn,SuppFig5B_Wnt_EGFRi-ErbB2i_pre1,,GO:0000186; GO:0007173; GO:0038128; GO:0038134,,Fbbi:00000367
5426,128-Muta-IECsERKDyn,SuppFig5B_Wnt_EGFRi-ErbB2i_pre2,,GO:0000186; GO:0007173; GO:0038128; GO:0038134,,Fbbi:00000367
5427,128-Muta-IECsERKDyn,SuppFig5B_Wnt_EGFRi-ErbB2i_pre3,,GO:0000186; GO:0007173; GO:0038128; GO:0038134,,Fbbi:00000367
5428,128-Muta-IECsERKDyn,SuppFig5B_Wnt_ErbB2i_post1,,GO:0000186; GO:0007173; GO:0038128; GO:0038134,,Fbbi:00000367
5429,128-Muta-IECsERKDyn,SuppFig5B_Wnt_ErbB2i_post2,,GO:0000186; GO:0007173; GO:0038128; GO:0038134,,Fbbi:00000367
5430,128-Muta-IECsERKDyn,SuppFig5B_Wnt_ErbB2i_post3,,GO:0000186; GO:0007173; GO:0038128; GO:0038134,,Fbbi:00000367
5431,128-Muta-IECsERKDyn,SuppFig5B_Wnt_ErbB2i_pre1,,GO:0000186; GO:0007173; GO:0038128; GO:0038134,,Fbbi:00000367
5432,128-Muta-IECsERKDyn,SuppFig5B_Wnt_ErbB2i_pre2,,GO:0000186; GO:0007173; GO:0038128; GO:0038134,,Fbbi:00000367
5433,128-Muta-IECsERKDyn,SuppFig5B_Wnt_ErbB2i_pre3,,GO:0000186; GO:0007173; GO:0038128; GO:0038134,,Fbbi:00000367
5434,128-Muta-IECsERKDyn,SuppFig5C_ENR_control,,GO:0000186; GO:0007173; GO:0038128; GO:0038134,,Fbbi:00000367
5435,128-Muta-IECsERKDyn,SuppFig5C_Wnt_EGFRi,,GO:0000186; GO:0007173; GO:0038128; GO:0038134,,Fbbi:00000367
5436,128-Muta-IECsERKDyn,SuppFig5C_Wnt_EGFRi-ErbB2i,,GO:0000186; GO:0007173; GO:0038128; GO:0038134,,Fbbi:00000367
5437,128-Muta-IECsERKDyn,SuppFig5C_Wnt_ErbB2i,,GO:0000186; GO:0007173; GO:0038128; GO:0038134,,Fbbi:00000367
5438,128-Muta-IECsERKDyn,SuppFig5D_ErkNLS_bCat_1,,GO:0000186; GO:0007173; GO:0038128; GO:0038134,,Fbbi:00000367
5439,128-Muta-IECsERKDyn,SuppFig5D_ErkNLS_bCat_2,,GO:0000186; GO:0007173; GO:0038128; GO:0038134,,Fbbi:00000367
5440,128-Muta-IECsERKDyn,SuppFig5D_ErkNLS_bCat_3,,GO:0000186; GO:0007173; GO:0038128; GO:0038134,,Fbbi:00000367
5441,128-Muta-IECsERKDyn,SuppFig5D_ErkNLS_bCat_4,,GO:0000186; GO:0007173; GO:0038128; GO:0038134,,Fbbi:00000367
5442,128-Muta-IECsERKDyn,SuppFig5D_ErkNLS_control_1,,GO:0000186; GO:0007173; GO:0038128; GO:0038134,,Fbbi:00000367
5443,128-Muta-IECsERKDyn,SuppFig5D_ErkNLS_control_2,,GO:0000186; GO:0007173; GO:0038128; GO:0038134,,Fbbi:00000367
5444,128-Muta-IECsERKDyn,SuppFig5D_ErkNLS_control_3,,GO:0000186; GO:0007173; GO:0038128; GO:0038134,,Fbbi:00000367
5445,128-Muta-IECsERKDyn,SuppFig5D_ErkNLS_control_4,,GO:0000186; GO:0007173; GO:0038128; GO:0038134,,Fbbi:00000367
5446,128-Muta-IECsERKDyn,SuppFig5E_bcat_EGFRi_post1,,GO:0000186; GO:0007173; GO:0038128; GO:0038134,,Fbbi:00000367
5447,128-Muta-IECsERKDyn,SuppFig5E_bcat_EGFRi_post2,,GO:0000186; GO:0007173; GO:0038128; GO:0038134,,Fbbi:00000367
5448,128-Muta-IECsERKDyn,SuppFig5E_bcat_EGFRi_post3,,GO:0000186; GO:0007173; GO:0038128; GO:0038134,,Fbbi:00000367
5449,128-Muta-IECsERKDyn,SuppFig5E_bcat_EGFRi_pre1,,GO:0000186; GO:0007173; GO:0038128; GO:0038134,,Fbbi:00000367
5450,128-Muta-IECsERKDyn,SuppFig5E_bcat_EGFRi_pre2,,GO:0000186; GO:0007173; GO:0038128; GO:0038134,,Fbbi:00000367
5451,128-Muta-IECsERKDyn,SuppFig5E_bcat_EGFRi_pre3,,GO:0000186; GO:0007173; GO:0038128; GO:0038134,,Fbbi:00000367
5452,128-Muta-IECsERKDyn,SuppFig5E_bcat_EGFRi-ErbB2i_post1,,GO:0000186; GO:0007173; GO:0038128; GO:0038134,,Fbbi:00000367
5453,128-Muta-IECsERKDyn,SuppFig5E_bcat_EGFRi-ErbB2i_post2,,GO:0000186; GO:0007173; GO:0038128; GO:0038134,,Fbbi:00000367
5454,128-Muta-IECsERKDyn,SuppFig5E_bcat_EGFRi-ErbB2i_post3,,GO:0000186; GO:0007173; GO:0038128; GO:0038134,,Fbbi:00000367
5455,128-Muta-IECsERKDyn,SuppFig5E_bcat_EGFRi-ErbB2i_pre1,,GO:0000186; GO:0007173; GO:0038128; GO:0038134,,Fbbi:00000367
5456,128-Muta-IECsERKDyn,SuppFig5E_bcat_EGFRi-ErbB2i_pre2,,GO:0000186; GO:0007173; GO:0038128; GO:0038134,,Fbbi:00000367
5457,128-Muta-IECsERKDyn,SuppFig5E_bcat_EGFRi-ErbB2i_pre3,,GO:0000186; GO:0007173; GO:0038128; GO:0038134,,Fbbi:00000367
5458,128-Muta-IECsERKDyn,SuppFig5E_bcat_ErbB2i_post1,,GO:0000186; GO:0007173; GO:0038128; GO:0038134,,Fbbi:00000367
5459,128-Muta-IECsERKDyn,SuppFig5E_bcat_ErbB2i_post2,,GO:0000186; GO:0007173; GO:0038128; GO:0038134,,Fbbi:00000367
5460,128-Muta-IECsERKDyn,SuppFig5E_bcat_ErbB2i_pre1,,GO:0000186; GO:0007173; GO:0038128; GO:0038134,,Fbbi:00000367
5461,128-Muta-IECsERKDyn,SuppFig5E_bcat_ErbB2i_pre2,,GO:0000186; GO:0007173; GO:0038128; GO:0038134,,Fbbi:00000367
5462,128-Muta-IECsERKDyn,SuppFig5F_bcat_control,,GO:0000186; GO:0007173; GO:0038128; GO:0038134,,Fbbi:00000367
5463,128-Muta-IECsERKDyn,SuppFig5F_bcat_EGFRi,,GO:0000186; GO:0007173; GO:0038128; GO:0038134,,Fbbi:00000367
5464,128-Muta-IECsERKDyn,SuppFig5F_bcat_EGFRi-ErbB2i,,GO:0000186; GO:0007173; GO:0038128; GO:0038134,,Fbbi:00000367
5465,128-Muta-IECsERKDyn,SuppFig5F_bcat_ErbB2i,,GO:0000186; GO:0007173; GO:0038128; GO:0038134,,Fbbi:00000367
5466,128-Muta-IECsERKDyn,SuppFig5F_control,,GO:0000186; GO:0007173; GO:0038128; GO:0038134,,Fbbi:00000367
5467,128-Muta-IECsERKDyn,SuppFig6A_Fucci_EN_EGFRi1,,GO:0000186; GO:0007173; GO:0038128; GO:0038134,,Fbbi:00000367
5468,128-Muta-IECsERKDyn,SuppFig6A_Fucci_EN_EGFRi2,,GO:0000186; GO:0007173; GO:0038128; GO:0038134,,Fbbi:00000367
5469,128-Muta-IECsERKDyn,SuppFig6A_Fucci_EN_EGFRi3,,GO:0000186; GO:0007173; GO:0038128; GO:0038134,,Fbbi:00000367
5470,128-Muta-IECsERKDyn,SuppFig6A_Fucci_EN_EGFRi-ErbB2i1,,GO:0000186; GO:0007173; GO:0038128; GO:0038134,,Fbbi:00000367
5471,128-Muta-IECsERKDyn,SuppFig6A_Fucci_EN_EGFRi-ErbB2i2,,GO:0000186; GO:0007173; GO:0038128; GO:0038134,,Fbbi:00000367
5472,128-Muta-IECsERKDyn,SuppFig6A_Fucci_EN_EGFRi-ErbB2i3,,GO:0000186; GO:0007173; GO:0038128; GO:0038134,,Fbbi:00000367
5473,128-Muta-IECsERKDyn,SuppFig6A_Fucci_EN_ErbB2i1,,GO:0000186; GO:0007173; GO:0038128; GO:0038134,,Fbbi:00000367
5474,128-Muta-IECsERKDyn,SuppFig6A_Fucci_EN_ErbB2i2,,GO:0000186; GO:0007173; GO:0038128; GO:0038134,,Fbbi:00000367
5475,128-Muta-IECsERKDyn,SuppFig6A_Fucci_EN_ErbB2i3,,GO:0000186; GO:0007173; GO:0038128; GO:0038134,,Fbbi:00000367
5476,128-Muta-IECsERKDyn,SuppFig6A_Fucci_EN1,,GO:0000186; GO:0007173; GO:0038128; GO:0038134,,Fbbi:00000367
5477,128-Muta-IECsERKDyn,SuppFig6A_Fucci_EN2,,GO:0000186; GO:0007173; GO:0038128; GO:0038134,,Fbbi:00000367
5478,128-Muta-IECsERKDyn,SuppFig6A_Fucci_EN3,,GO:0000186; GO:0007173; GO:0038128; GO:0038134,,Fbbi:00000367
5479,128-Muta-IECsERKDyn,SuppFig6A_Fucci_ENR1,,GO:0000186; GO:0007173; GO:0038128; GO:0038134,,Fbbi:00000367
5480,128-Muta-IECsERKDyn,SuppFig6A_Fucci_ENR2,,GO:0000186; GO:0007173; GO:0038128; GO:0038134,,Fbbi:00000367
5481,128-Muta-IECsERKDyn,SuppFig6A_Fucci_ENR3,,GO:0000186; GO:0007173; GO:0038128; GO:0038134,,Fbbi:00000367
5482,128-Muta-IECsERKDyn,SuppFig6B_Fucci_ENR_1,,GO:0000186; GO:0007173; GO:0038128; GO:0038134,,Fbbi:00000367
5483,128-Muta-IECsERKDyn,SuppFig6B_Fucci_ENR_2,,GO:0000186; GO:0007173; GO:0038128; GO:0038134,,Fbbi:00000367
5484,128-Muta-IECsERKDyn,SuppFig6B_Fucci_ENR_3,,GO:0000186; GO:0007173; GO:0038128; GO:0038134,,Fbbi:00000367
5485,128-Muta-IECsERKDyn,SuppFig6B_Fucci_ER_1,,GO:0000186; GO:0007173; GO:0038128; GO:0038134,,Fbbi:00000367
5486,128-Muta-IECsERKDyn,SuppFig6B_Fucci_ER_2,,GO:0000186; GO:0007173; GO:0038128; GO:0038134,,Fbbi:00000367
5487,128-Muta-IECsERKDyn,SuppFig6B_Fucci_ER_3,,GO:0000186; GO:0007173; GO:0038128; GO:0038134,,Fbbi:00000367
5488,128-Muta-IECsERKDyn,SuppFig6B_Fucci_ER_EGFRi1,,GO:0000186; GO:0007173; GO:0038128; GO:0038134,,Fbbi:00000367
5489,128-Muta-IECsERKDyn,SuppFig6B_Fucci_ER_EGFRi2,,GO:0000186; GO:0007173; GO:0038128; GO:0038134,,Fbbi:00000367
5490,128-Muta-IECsERKDyn,SuppFig6B_Fucci_ER_EGFRi3,,GO:0000186; GO:0007173; GO:0038128; GO:0038134,,Fbbi:00000367
5491,128-Muta-IECsERKDyn,SuppFig6B_Fucci_ER_EGFRi-ErbB2i1,,GO:0000186; GO:0007173; GO:0038128; GO:0038134,,Fbbi:00000367
5492,128-Muta-IECsERKDyn,SuppFig6B_Fucci_ER_EGFRi-ErbB2i2,,GO:0000186; GO:0007173; GO:0038128; GO:0038134,,Fbbi:00000367
5493,128-Muta-IECsERKDyn,SuppFig6B_Fucci_ER_ErbB2i1,,GO:0000186; GO:0007173; GO:0038128; GO:0038134,,Fbbi:00000367
5494,128-Muta-IECsERKDyn,SuppFig6B_Fucci_ER_ErbB2i2,,GO:0000186; GO:0007173; GO:0038128; GO:0038134,,Fbbi:00000367
5495,128-Muta-IECsERKDyn,SuppFig6C_CHIR_ENR,,GO:0000186; GO:0007173; GO:0038128; GO:0038134,,Fbbi:00000246
5496,128-Muta-IECsERKDyn,SuppFig6C_ENR,,GO:0000186; GO:0007173; GO:0038128; GO:0038134,,Fbbi:00000246
5497,128-Muta-IECsERKDyn,SuppFig6D_CHIR_1,,GO:0000186; GO:0007173; GO:0038128; GO:0038134,,Fbbi:00000246
5498,128-Muta-IECsERKDyn,SuppFig6D_CHIR_2,,GO:0000186; GO:0007173; GO:0038128; GO:0038134,,Fbbi:00000246
5499,128-Muta-IECsERKDyn,SuppFig6D_CHIR_3,,GO:0000186; GO:0007173; GO:0038128; GO:0038134,,Fbbi:00000246
5500,128-Muta-IECsERKDyn,SuppFig6D_CHIR_EGFRi_1,,GO:0000186; GO:0007173; GO:0038128; GO:0038134,,Fbbi:00000246
5501,128-Muta-IECsERKDyn,SuppFig6D_CHIR_EGFRi_2,,GO:0000186; GO:0007173; GO:0038128; GO:0038134,,Fbbi:00000246
5502,128-Muta-IECsERKDyn,SuppFig6D_CHIR_EGFRi_3,,GO:0000186; GO:0007173; GO:0038128; GO:0038134,,Fbbi:00000246
5503,128-Muta-IECsERKDyn,SuppFig6D_CHIR_EGFRi-ErbB2i_1,,GO:0000186; GO:0007173; GO:0038128; GO:0038134,,Fbbi:00000246
5504,128-Muta-IECsERKDyn,SuppFig6D_CHIR_EGFRi-ErbB2i_2,,GO:0000186; GO:0007173; GO:0038128; GO:0038134,,Fbbi:00000246
5505,128-Muta-IECsERKDyn,SuppFig6D_CHIR_EGFRi-ErbB2i_3,,GO:0000186; GO:0007173; GO:0038128; GO:0038134,,Fbbi:00000246
5506,128-Muta-IECsERKDyn,SuppFig6D_CHIR_EGFRi-ErbB2i_4,,GO:0000186; GO:0007173; GO:0038128; GO:0038134,,Fbbi:00000246
5507,128-Muta-IECsERKDyn,SuppFig6D_CHIR_ErbB2i_1,,GO:0000186; GO:0007173; GO:0038128; GO:0038134,,Fbbi:00000246
5508,128-Muta-IECsERKDyn,SuppFig6D_CHIR_ErbB2i_2,,GO:0000186; GO:0007173; GO:0038128; GO:0038134,,Fbbi:00000246
5509,128-Muta-IECsERKDyn,SuppFig6D_CHIR_ErbB2i_3,,GO:0000186; GO:0007173; GO:0038128; GO:0038134,,Fbbi:00000246
5510,128-Muta-IECsERKDyn,SuppFig6D_ENR_1,,GO:0000186; GO:0007173; GO:0038128; GO:0038134,,Fbbi:00000246
5511,128-Muta-IECsERKDyn,SuppFig6D_ENR_2,,GO:0000186; GO:0007173; GO:0038128; GO:0038134,,Fbbi:00000246
5512,128-Muta-IECsERKDyn,SuppFig6D_ENR_3,,GO:0000186; GO:0007173; GO:0038128; GO:0038134,,Fbbi:00000246
5513,128-Muta-IECsERKDyn,SuppFig6D_ENR_4,,GO:0000186; GO:0007173; GO:0038128; GO:0038134,,Fbbi:00000246
5514,128-Muta-IECsERKDyn,SuppFig6E_Fucci_ENR_1,,GO:0000186; GO:0007173; GO:0038128; GO:0038134,,Fbbi:00000367
5515,128-Muta-IECsERKDyn,SuppFig6E_Fucci_ENR_2,,GO:0000186; GO:0007173; GO:0038128; GO:0038134,,Fbbi:00000367
5516,128-Muta-IECsERKDyn,SuppFig6E_Fucci_ENR_3,,GO:0000186; GO:0007173; GO:0038128; GO:0038134,,Fbbi:00000367
5517,128-Muta-IECsERKDyn,SuppFig6E_Fucci_Wnt_1,,GO:0000186; GO:0007173; GO:0038128; GO:0038134,,Fbbi:00000367
5518,128-Muta-IECsERKDyn,SuppFig6E_Fucci_Wnt_2,,GO:0000186; GO:0007173; GO:0038128; GO:0038134,,Fbbi:00000367
5519,128-Muta-IECsERKDyn,SuppFig6E_Fucci_Wnt_3,,GO:0000186; GO:0007173; GO:0038128; GO:0038134,,Fbbi:00000367
5520,128-Muta-IECsERKDyn,SuppFig6E_Fucci_Wnt_EGFRi_1,,GO:0000186; GO:0007173; GO:0038128; GO:0038134,,Fbbi:00000367
5521,128-Muta-IECsERKDyn,SuppFig6E_Fucci_Wnt_EGFRi_2,,GO:0000186; GO:0007173; GO:0038128; GO:0038134,,Fbbi:00000367
5522,128-Muta-IECsERKDyn,SuppFig6E_Fucci_Wnt_EGFRi_3,,GO:0000186; GO:0007173; GO:0038128; GO:0038134,,Fbbi:00000367
5523,128-Muta-IECsERKDyn,SuppFig6E_Fucci_Wnt_ErbB2i_1,,GO:0000186; GO:0007173; GO:0038128; GO:0038134,,Fbbi:00000367
5524,128-Muta-IECsERKDyn,SuppFig6E_Fucci_Wnt_ErbB2i_2,,GO:0000186; GO:0007173; GO:0038128; GO:0038134,,Fbbi:00000367
5525,128-Muta-IECsERKDyn,SuppFig6E_Fucci_Wnt_ErbB2i_3,,GO:0000186; GO:0007173; GO:0038128; GO:0038134,,Fbbi:00000367
5526,128-Muta-IECsERKDyn,SuppFig7BC_CHIR_24h_1,,GO:0000186; GO:0007173; GO:0038128; GO:0038134,,Fbbi:00000246
5527,128-Muta-IECsERKDyn,SuppFig7BC_CHIR_24h_2,,GO:0000186; GO:0007173; GO:0038128; GO:0038134,,Fbbi:00000246
5528,128-Muta-IECsERKDyn,SuppFig7BC_CHIR_72h_1,,GO:0000186; GO:0007173; GO:0038128; GO:0038134,,Fbbi:00000246
5529,128-Muta-IECsERKDyn,SuppFig7BC_CHIR_72h_2,,GO:0000186; GO:0007173; GO:0038128; GO:0038134,,Fbbi:00000246
5530,128-Muta-IECsERKDyn,SuppFig7BC_ENR_1,,GO:0000186; GO:0007173; GO:0038128; GO:0038134,,Fbbi:00000246
5531,128-Muta-IECsERKDyn,SuppFig7BC_ENR_2,,GO:0000186; GO:0007173; GO:0038128; GO:0038134,,Fbbi:00000246
5532,128-Muta-IECsERKDyn,SuppFig7D_adenoma,,GO:0000186; GO:0007173; GO:0038128; GO:0038134,,Fbbi:00000246
5533,128-Muta-IECsERKDyn,SuppFig7D_normal,,GO:0000186; GO:0007173; GO:0038128; GO:0038134,,Fbbi:00000246
5534,128-Muta-IECsERKDyn,SuppFig7EF_20171211_CHIIR_1,,GO:0000186; GO:0007173; GO:0038128; GO:0038134,,Fbbi:00000246
5535,128-Muta-IECsERKDyn,SuppFig7EF_20171211_CHIIR_2,,GO:0000186; GO:0007173; GO:0038128; GO:0038134,,Fbbi:00000246
5536,128-Muta-IECsERKDyn,SuppFig7EF_20171211_CHIIR_3,,GO:0000186; GO:0007173; GO:0038128; GO:0038134,,Fbbi:00000246
5537,128-Muta-IECsERKDyn,SuppFig7EF_20171211_CHIIR_4,,GO:0000186; GO:0007173; GO:0038128; GO:0038134,,Fbbi:00000246
5538,128-Muta-IECsERKDyn,SuppFig7EF_20171211_CHIIR_5,,GO:0000186; GO:0007173; GO:0038128; GO:0038134,,Fbbi:00000246
5539,128-Muta-IECsERKDyn,SuppFig7EF_20171211_control_1,,GO:0000186; GO:0007173; GO:0038128; GO:0038134,,Fbbi:00000246
5540,128-Muta-IECsERKDyn,SuppFig7EF_20171211_control_2,,GO:0000186; GO:0007173; GO:0038128; GO:0038134,,Fbbi:00000246
5541,128-Muta-IECsERKDyn,SuppFig7EF_20171211_control_3,,GO:0000186; GO:0007173; GO:0038128; GO:0038134,,Fbbi:00000246
5542,128-Muta-IECsERKDyn,SuppFig7EF_20171211_control_4,,GO:0000186; GO:0007173; GO:0038128; GO:0038134,,Fbbi:00000246
5543,128-Muta-IECsERKDyn,SuppFig7EF_20171211_control_5,,GO:0000186; GO:0007173; GO:0038128; GO:0038134,,Fbbi:00000246
5544,128-Muta-IECsERKDyn,SuppFig7EF_20171211_Erlotinib_1,,GO:0000186; GO:0007173; GO:0038128; GO:0038134,,Fbbi:00000246
5545,128-Muta-IECsERKDyn,SuppFig7EF_20171211_Erlotinib_2,,GO:0000186; GO:0007173; GO:0038128; GO:0038134,,Fbbi:00000246
5546,128-Muta-IECsERKDyn,SuppFig7EF_20171211_Erlotinib_3,,GO:0000186; GO:0007173; GO:0038128; GO:0038134,,Fbbi:00000246
5547,128-Muta-IECsERKDyn,SuppFig7EF_20171211_Erlotinib_4,,GO:0000186; GO:0007173; GO:0038128; GO:0038134,,Fbbi:00000246
5548,128-Muta-IECsERKDyn,SuppFig7EF_20171211_Erlotinib_5,,GO:0000186; GO:0007173; GO:0038128; GO:0038134,,Fbbi:00000246
5549,128-Muta-IECsERKDyn,SuppFig7EF_20171211_Erlotinib-CHIR_1,,GO:0000186; GO:0007173; GO:0038128; GO:0038134,,Fbbi:00000246
5550,128-Muta-IECsERKDyn,SuppFig7EF_20171211_Erlotinib-CHIR_2,,GO:0000186; GO:0007173; GO:0038128; GO:0038134,,Fbbi:00000246
5551,128-Muta-IECsERKDyn,SuppFig7EF_20171211_Erlotinib-CHIR_3,,GO:0000186; GO:0007173; GO:0038128; GO:0038134,,Fbbi:00000246
5552,128-Muta-IECsERKDyn,SuppFig7EF_20171211_Erlotinib-CHIR_4,,GO:0000186; GO:0007173; GO:0038128; GO:0038134,,Fbbi:00000246
5553,128-Muta-IECsERKDyn,SuppFig7EF_20171211_Erlotinib-CHIR_5,,GO:0000186; GO:0007173; GO:0038128; GO:0038134,,Fbbi:00000246
5554,128-Muta-IECsERKDyn,SuppFig7G_20170606_CHIR,,GO:0000186; GO:0007173; GO:0038128; GO:0038134,,Fbbi:00000246
5555,128-Muta-IECsERKDyn,SuppFig7G_20170606_CHIR-Erlotinib,,GO:0000186; GO:0007173; GO:0038128; GO:0038134,,Fbbi:00000246
5556,128-Muta-IECsERKDyn,SuppFig7G_20170606_control,,GO:0000186; GO:0007173; GO:0038128; GO:0038134,,Fbbi:00000246
5557,128-Muta-IECsERKDyn,SuppFig7G_20170606_Erlotinib,,GO:0000186; GO:0007173; GO:0038128; GO:0038134,,Fbbi:00000246
5558,128-Muta-IECsERKDyn,SuppFig8AB_Adenoma_EGFRi_1,,GO:0000186; GO:0007173; GO:0038128; GO:0038134,,Fbbi:00000246
5559,128-Muta-IECsERKDyn,SuppFig8AB_Adenoma_EGFRi_2,,GO:0000186; GO:0007173; GO:0038128; GO:0038134,,Fbbi:00000246
5560,128-Muta-IECsERKDyn,SuppFig8AB_Adenoma_ENR_1,,GO:0000186; GO:0007173; GO:0038128; GO:0038134,,Fbbi:00000246
5561,128-Muta-IECsERKDyn,SuppFig8AB_Adenoma_ENR_2,,GO:0000186; GO:0007173; GO:0038128; GO:0038134,,Fbbi:00000246
5562,128-Muta-IECsERKDyn,SuppFig8AB_Adenoma_ErbB2i_1,,GO:0000186; GO:0007173; GO:0038128; GO:0038134,,Fbbi:00000246
5563,128-Muta-IECsERKDyn,SuppFig8AB_Adenoma_ErbB2i_2,,GO:0000186; GO:0007173; GO:0038128; GO:0038134,,Fbbi:00000246
5564,128-Muta-IECsERKDyn,SuppFig8AB_normal_EGFRi_1,,GO:0000186; GO:0007173; GO:0038128; GO:0038134,,Fbbi:00000246
5565,128-Muta-IECsERKDyn,SuppFig8AB_normal_EGFRi_2,,GO:0000186; GO:0007173; GO:0038128; GO:0038134,,Fbbi:00000246
5566,128-Muta-IECsERKDyn,SuppFig8AB_normal_EGFRi_3,,GO:0000186; GO:0007173; GO:0038128; GO:0038134,,Fbbi:00000246
5567,128-Muta-IECsERKDyn,SuppFig8AB_normal_ENR_1,,GO:0000186; GO:0007173; GO:0038128; GO:0038134,,Fbbi:00000246
5568,128-Muta-IECsERKDyn,SuppFig8AB_normal_ENR_2,,GO:0000186; GO:0007173; GO:0038128; GO:0038134,,Fbbi:00000246
5569,128-Muta-IECsERKDyn,SuppFig8AB_normal_ErbB2i_1,,GO:0000186; GO:0007173; GO:0038128; GO:0038134,,Fbbi:00000246
5570,128-Muta-IECsERKDyn,SuppFig8AB_normal_ErbB2i_2,,GO:0000186; GO:0007173; GO:0038128; GO:0038134,,Fbbi:00000246
5571,128-Muta-IECsERKDyn,SuppFig8AB_normal_ErbB2i_3,,GO:0000186; GO:0007173; GO:0038128; GO:0038134,,Fbbi:00000246
5572,127-Konishi-ERKDyn,Figure1C_Eisuke_intestin,,GO:0000186; GO:0048870,GO:0042101,Fbbi:00000246
5573,127-Konishi-ERKDyn,Figure1C_Eisuke_liver,,GO:0000186; GO:0048870,GO:0042101,Fbbi:00000246
5574,127-Konishi-ERKDyn,Figure1C_Eisuke_lymph,,GO:0000186; GO:0048870,GO:0042101,Fbbi:00000246
5575,127-Konishi-ERKDyn,Figure1C_Ella_ERKnes_intestin,,GO:0000186; GO:0048870,GO:0042101,Fbbi:00000246
5576,127-Konishi-ERKDyn,Figure1C_Ella_ERKnes_liver,,GO:0000186; GO:0048870,GO:0042101,Fbbi:00000246
5577,127-Konishi-ERKDyn,Figure1C_Ella_ERKnes_Lymph,,GO:0000186; GO:0048870,GO:0042101,Fbbi:00000246
5578,127-Konishi-ERKDyn,Figure1F_ERK_pre2_2,,GO:0000186; GO:0048870,GO:0042101,Fbbi:00000246
5579,127-Konishi-ERKDyn,Figure1G_ERK_CD3_administration60min,,GO:0000186; GO:0048870,GO:0042101,Fbbi:00000246
5580,127-Konishi-ERKDyn,Figure1G_ERK_MEKi,,GO:0000186; GO:0048870,GO:0042101,Fbbi:00000249
5581,127-Konishi-ERKDyn,Figure1G_ERK_Pre_administration,,GO:0000186; GO:0048870,GO:0042101,Fbbi:00000249
5582,127-Konishi-ERKDyn,Figure2B_Thymic_Cortex,,GO:0000186; GO:0048870,GO:0042101,Fbbi:00000246
5583,127-Konishi-ERKDyn,Figure2CD_Thymic_Cortex_OT,,GO:0000186; GO:0048870,GO:0042101,Fbbi:00000246
5584,127-Konishi-ERKDyn,Figure2CD_Thymic_Cortex_WT,,GO:0000186; GO:0048870,GO:0042101,Fbbi:00000246
5585,127-Konishi-ERKDyn,Figure3BC_cortex_medulla,,GO:0000186; GO:0048870,GO:0042101,Fbbi:00000246
5586,127-Konishi-ERKDyn,Figure3D_cortex,,GO:0000186; GO:0048870,GO:0042101,Fbbi:00000246
5587,127-Konishi-ERKDyn,Figure3D_medulla,,GO:0000186; GO:0048870,GO:0042101,Fbbi:00000246
5588,127-Konishi-ERKDyn,Figure3E_cortex_0421_1,,GO:0000186; GO:0048870,GO:0042101,Fbbi:00000246
5589,127-Konishi-ERKDyn,Figure3E_cortex_0421_2,,GO:0000186; GO:0048870,GO:0042101,Fbbi:00000246
5590,127-Konishi-ERKDyn,Figure3E_cortex_0422,,GO:0000186; GO:0048870,GO:0042101,Fbbi:00000246
5591,127-Konishi-ERKDyn,Figure3E_cortex_0513,,GO:0000186; GO:0048870,GO:0042101,Fbbi:00000246
5592,127-Konishi-ERKDyn,Figure3E_medulla_170401,,GO:0000186; GO:0048870,GO:0042101,Fbbi:00000246
5593,127-Konishi-ERKDyn,Figure3E_medulla_170422,,GO:0000186; GO:0048870,GO:0042101,Fbbi:00000246
5594,127-Konishi-ERKDyn,Figure3E_medulla_170513,,GO:0000186; GO:0048870,GO:0042101,Fbbi:00000246
5595,127-Konishi-ERKDyn,Figure3G_invitro_N1_CD4_extracted,,GO:0000186; GO:0048870,GO:0042101,Fbbi:00000246
5596,127-Konishi-ERKDyn,Figure3G_invitro_N1_CD8_true1,,GO:0000186; GO:0048870,GO:0042101,Fbbi:00000246
5597,127-Konishi-ERKDyn,Figure3G_invitro_N1_CD8_true2,,GO:0000186; GO:0048870,GO:0042101,Fbbi:00000246
5598,127-Konishi-ERKDyn,Figure3G_invitro_N1_CD8_true3,,GO:0000186; GO:0048870,GO:0042101,Fbbi:00000246
5599,127-Konishi-ERKDyn,Figure3G_invitro_N1_DP,,GO:0000186; GO:0048870,GO:0042101,Fbbi:00000246
5600,127-Konishi-ERKDyn,Figure3G_invitro_N1_DPture,,GO:0000186; GO:0048870,GO:0042101,Fbbi:00000246
5601,127-Konishi-ERKDyn,Figure3G_invitro_N2_CD4,,GO:0000186; GO:0048870,GO:0042101,Fbbi:00000246
5602,127-Konishi-ERKDyn,Figure3G_invitro_N2_CD8,,GO:0000186; GO:0048870,GO:0042101,Fbbi:00000246
5603,127-Konishi-ERKDyn,Figure3G_invitro_N2_DP,,GO:0000186; GO:0048870,GO:0042101,Fbbi:00000246
5604,127-Konishi-ERKDyn,Figure3G_invitro_N2_DP_ture,,GO:0000186; GO:0048870,GO:0042101,Fbbi:00000246
5605,127-Konishi-ERKDyn,Figure3G_invitro_N3_CD4,,GO:0000186; GO:0048870,GO:0042101,Fbbi:00000246
5606,127-Konishi-ERKDyn,Figure3G_invitro_N3_CD4_2,,GO:0000186; GO:0048870,GO:0042101,Fbbi:00000246
5607,127-Konishi-ERKDyn,Figure3G_invitro_N3_CD4_3,,GO:0000186; GO:0048870,GO:0042101,Fbbi:00000246
5608,127-Konishi-ERKDyn,Figure3G_invitro_N3_CD8,,GO:0000186; GO:0048870,GO:0042101,Fbbi:00000246
5609,127-Konishi-ERKDyn,Figure3G_invitro_N3_CD8_2,,GO:0000186; GO:0048870,GO:0042101,Fbbi:00000246
5610,127-Konishi-ERKDyn,Figure3G_invitro_N3_CD8_3,,GO:0000186; GO:0048870,GO:0042101,Fbbi:00000246
5611,127-Konishi-ERKDyn,Figure3G_invitro_N3_CD8_4,,GO:0000186; GO:0048870,GO:0042101,Fbbi:00000246
5612,127-Konishi-ERKDyn,Figure3G_invitro_N3_CD8_5,,GO:0000186; GO:0048870,GO:0042101,Fbbi:00000246
5613,127-Konishi-ERKDyn,Figure3G_invitro_N3_DP,,GO:0000186; GO:0048870,GO:0042101,Fbbi:00000246
5614,127-Konishi-ERKDyn,Figure3G_invitro_N3_DP_2,,GO:0000186; GO:0048870,GO:0042101,Fbbi:00000246
5615,127-Konishi-ERKDyn,Figure3G_invivo_CD4_0522,,GO:0000186; GO:0048870,GO:0042101,Fbbi:00000246
5616,127-Konishi-ERKDyn,Figure3G_invivo_CD4_0525_3,,GO:0000186; GO:0048870,GO:0042101,Fbbi:00000246
5617,127-Konishi-ERKDyn,Figure3G_invivo_CD4_0525_5,,GO:0000186; GO:0048870,GO:0042101,Fbbi:00000246
5618,127-Konishi-ERKDyn,Figure3G_invivo_CD4_0529_3,,GO:0000186; GO:0048870,GO:0042101,Fbbi:00000246
5619,127-Konishi-ERKDyn,Figure3G_invivo_CD8_0522,,GO:0000186; GO:0048870,GO:0042101,Fbbi:00000246
5620,127-Konishi-ERKDyn,Figure3G_invivo_CD8_0525_1,,GO:0000186; GO:0048870,GO:0042101,Fbbi:00000246
5621,127-Konishi-ERKDyn,Figure3G_invivo_CD8_0525_2,,GO:0000186; GO:0048870,GO:0042101,Fbbi:00000246
5622,127-Konishi-ERKDyn,Figure3G_invivo_CD8_0529_2,,GO:0000186; GO:0048870,GO:0042101,Fbbi:00000246
5623,127-Konishi-ERKDyn,Figure3G_invivo_CD8_0529_3,,GO:0000186; GO:0048870,GO:0042101,Fbbi:00000246
5624,127-Konishi-ERKDyn,Figure3G_invivo_DP_cortex_0522,,GO:0000186; GO:0048870,GO:0042101,Fbbi:00000246
5625,127-Konishi-ERKDyn,Figure3G_invivo_DP_cortex_0526_2_1,,GO:0000186; GO:0048870,GO:0042101,Fbbi:00000246
5626,127-Konishi-ERKDyn,Figure3G_invivo_DP_cortex_0526_CD8,,GO:0000186; GO:0048870,GO:0042101,Fbbi:00000246
5627,127-Konishi-ERKDyn,Figure3G_invivo_DP_cortex_0602,,GO:0000186; GO:0048870,GO:0042101,Fbbi:00000246
5628,127-Konishi-ERKDyn,Figure4A_ERK_0421_1_cortex,,GO:0000186; GO:0048870,GO:0042101,Fbbi:00000246
5629,127-Konishi-ERKDyn,Figure4A_ERK_0421_2_cortex,,GO:0000186; GO:0048870,GO:0042101,Fbbi:00000246
5630,127-Konishi-ERKDyn,Figure4A_ERK_0422_cortex,,GO:0000186; GO:0048870,GO:0042101,Fbbi:00000246
5631,127-Konishi-ERKDyn,Figure4A_ERK_0513_cortex,,GO:0000186; GO:0048870,GO:0042101,Fbbi:00000246
5632,127-Konishi-ERKDyn,Figure4BC_ERK_0421_1,,GO:0000186; GO:0048870,GO:0042101,Fbbi:00000249
5633,127-Konishi-ERKDyn,Figure4D_ERK_0421_1,,GO:0000186; GO:0048870,GO:0042101,Fbbi:00000249
5634,127-Konishi-ERKDyn,Figure4D_ERK_0421_2,,GO:0000186; GO:0048870,GO:0042101,Fbbi:00000249
5635,127-Konishi-ERKDyn,Figure4D_ERK_0422,,GO:0000186; GO:0048870,GO:0042101,Fbbi:00000249
5636,127-Konishi-ERKDyn,Figure4D_ERK_0513,,GO:0000186; GO:0048870,GO:0042101,Fbbi:00000249
5637,127-Konishi-ERKDyn,Figure5B_DP_thymocytes,,GO:0000186; GO:0048870,GO:0042101,Fbbi:00000246
5638,127-Konishi-ERKDyn,Figure5C_control_WTonWt1_1,,GO:0000186; GO:0048870,GO:0042101,Fbbi:00000246
5639,127-Konishi-ERKDyn,Figure5C_control_WTonWt2_1,,GO:0000186; GO:0048870,GO:0042101,Fbbi:00000246
5640,127-Konishi-ERKDyn,Figure5C_control_WTonWt2_3,,GO:0000186; GO:0048870,GO:0042101,Fbbi:00000246
5641,127-Konishi-ERKDyn,Figure5C_MEKi_DP1,,GO:0000186; GO:0048870,GO:0042101,Fbbi:00000246
5642,127-Konishi-ERKDyn,Figure5C_MEKi_DP2,,GO:0000186; GO:0048870,GO:0042101,Fbbi:00000246
5643,127-Konishi-ERKDyn,Figure5C_MEKi_DP3,,GO:0000186; GO:0048870,GO:0042101,Fbbi:00000246
5644,127-Konishi-ERKDyn,Figure5DF_control_CD4_0522,,GO:0000186; GO:0048870,GO:0042101,Fbbi:00000246
5645,127-Konishi-ERKDyn,Figure5DF_control_CD4_0525_3,,GO:0000186; GO:0048870,GO:0042101,Fbbi:00000246
5646,127-Konishi-ERKDyn,Figure5DF_control_CD4_0525_5,,GO:0000186; GO:0048870,GO:0042101,Fbbi:00000246
5647,127-Konishi-ERKDyn,Figure5DF_control_CD4_0529_3,,GO:0000186; GO:0048870,GO:0042101,Fbbi:00000246
5648,127-Konishi-ERKDyn,Figure5DF_control_CD8_0522,,GO:0000186; GO:0048870,GO:0042101,Fbbi:00000246
5649,127-Konishi-ERKDyn,Figure5DF_control_CD8_0525_1,,GO:0000186; GO:0048870,GO:0042101,Fbbi:00000246
5650,127-Konishi-ERKDyn,Figure5DF_control_CD8_0525_2,,GO:0000186; GO:0048870,GO:0042101,Fbbi:00000246
5651,127-Konishi-ERKDyn,Figure5DF_control_CD8_0529_2,,GO:0000186; GO:0048870,GO:0042101,Fbbi:00000246
5652,127-Konishi-ERKDyn,Figure5DF_control_CD8_0529_3,,GO:0000186; GO:0048870,GO:0042101,Fbbi:00000246
5653,127-Konishi-ERKDyn,Figure5DF_control_DP_cortex_0522,,GO:0000186; GO:0048870,GO:0042101,Fbbi:00000246
5654,127-Konishi-ERKDyn,Figure5DF_control_DP_cortex_0526_2,,GO:0000186; GO:0048870,GO:0042101,Fbbi:00000246
5655,127-Konishi-ERKDyn,Figure5DF_control_DP_cortex_0526_2_1,,GO:0000186; GO:0048870,GO:0042101,Fbbi:00000246
5656,127-Konishi-ERKDyn,Figure5DF_control_DP_cortex_0526CD8,,GO:0000186; GO:0048870,GO:0042101,Fbbi:00000246
5657,127-Konishi-ERKDyn,Figure5DF_control_DP_cortex_0602,,GO:0000186; GO:0048870,GO:0042101,Fbbi:00000246
5658,127-Konishi-ERKDyn,Figure5DF_MEKi_CD4_1,,GO:0000186; GO:0048870,GO:0042101,Fbbi:00000246
5659,127-Konishi-ERKDyn,Figure5DF_MEKi_CD4_2,,GO:0000186; GO:0048870,GO:0042101,Fbbi:00000246
5660,127-Konishi-ERKDyn,Figure5DF_MEKi_CD4_3,,GO:0000186; GO:0048870,GO:0042101,Fbbi:00000246
5661,127-Konishi-ERKDyn,Figure5DF_MEKi_CD8_1,,GO:0000186; GO:0048870,GO:0042101,Fbbi:00000246
5662,127-Konishi-ERKDyn,Figure5DF_MEKi_CD8_2,,GO:0000186; GO:0048870,GO:0042101,Fbbi:00000246
5663,127-Konishi-ERKDyn,Figure5DF_MEKi_CD8_3,,GO:0000186; GO:0048870,GO:0042101,Fbbi:00000246
5664,127-Konishi-ERKDyn,Figure5DF_MEKi_DP1,,GO:0000186; GO:0048870,GO:0042101,Fbbi:00000246
5665,127-Konishi-ERKDyn,Figure5DF_MEKi_DP2,,GO:0000186; GO:0048870,GO:0042101,Fbbi:00000246
5666,127-Konishi-ERKDyn,Figure5DF_MEKi_DP3,,GO:0000186; GO:0048870,GO:0042101,Fbbi:00000246
5667,127-Konishi-ERKDyn,Figure6AC_CD4_0522,,GO:0000186; GO:0048870,GO:0042101,Fbbi:00000249
5668,127-Konishi-ERKDyn,Figure6AC_CD4_0525_3,,GO:0000186; GO:0048870,GO:0042101,Fbbi:00000249
5669,127-Konishi-ERKDyn,Figure6AC_CD4_0525_5,,GO:0000186; GO:0048870,GO:0042101,Fbbi:00000249
5670,127-Konishi-ERKDyn,Figure6AC_CD4_0529_3,,GO:0000186; GO:0048870,GO:0042101,Fbbi:00000249
5671,127-Konishi-ERKDyn,Figure6AC_CD8_0522,,GO:0000186; GO:0048870,GO:0042101,Fbbi:00000249
5672,127-Konishi-ERKDyn,Figure6AC_CD8_0525_1,,GO:0000186; GO:0048870,GO:0042101,Fbbi:00000249
5673,127-Konishi-ERKDyn,Figure6AC_CD8_0525_2,,GO:0000186; GO:0048870,GO:0042101,Fbbi:00000249
5674,127-Konishi-ERKDyn,Figure6AC_CD8_0529_2,,GO:0000186; GO:0048870,GO:0042101,Fbbi:00000249
5675,127-Konishi-ERKDyn,Figure6AC_CD8_0529_3,,GO:0000186; GO:0048870,GO:0042101,Fbbi:00000249
5676,127-Konishi-ERKDyn,Figure6AC_DP_cortex_0522,,GO:0000186; GO:0048870,GO:0042101,Fbbi:00000249
5677,127-Konishi-ERKDyn,Figure6AC_DP_cortex_0526_2,,GO:0000186; GO:0048870,GO:0042101,Fbbi:00000249
5678,127-Konishi-ERKDyn,Figure6AC_DP_cortex_0526_2_1,,GO:0000186; GO:0048870,GO:0042101,Fbbi:00000249
5679,127-Konishi-ERKDyn,Figure6AC_DP_cortex_0526CD8,,GO:0000186; GO:0048870,GO:0042101,Fbbi:00000249
5680,127-Konishi-ERKDyn,Figure6AC_DP_cortex_0602,,GO:0000186; GO:0048870,GO:0042101,Fbbi:00000249
5681,127-Konishi-ERKDyn,Figure7BE_0309_CD4_KO1,,GO:0000186; GO:0048870,GO:0042101,Fbbi:00000249
5682,127-Konishi-ERKDyn,Figure7BE_0309_CD4_KO2,,GO:0000186; GO:0048870,GO:0042101,Fbbi:00000249
5683,127-Konishi-ERKDyn,Figure7BE_0309_CD4_KO3,,GO:0000186; GO:0048870,GO:0042101,Fbbi:00000249
5684,127-Konishi-ERKDyn,Figure7BE_0309_CD4_KO4,,GO:0000186; GO:0048870,GO:0042101,Fbbi:00000249
5685,127-Konishi-ERKDyn,Figure7BE_0310_CD8_KO,,GO:0000186; GO:0048870,GO:0042101,Fbbi:00000249
5686,127-Konishi-ERKDyn,Figure7BE_0409_CD4KO,,GO:0000186; GO:0048870,GO:0042101,Fbbi:00000249
5687,127-Konishi-ERKDyn,Figure7BE_0409_CD8_KO1,,GO:0000186; GO:0048870,GO:0042101,Fbbi:00000249
5688,127-Konishi-ERKDyn,Figure7BE_0409_CD8_KO2,,GO:0000186; GO:0048870,GO:0042101,Fbbi:00000249
5689,127-Konishi-ERKDyn,Figure7BE_0409_CD8_KO3,,GO:0000186; GO:0048870,GO:0042101,Fbbi:00000249
5690,127-Konishi-ERKDyn,Figure7BE_0409_CD8_KO4,,GO:0000186; GO:0048870,GO:0042101,Fbbi:00000249
5691,127-Konishi-ERKDyn,Figure7BE_onWT_CD4_1_1,,GO:0000186; GO:0048870,GO:0042101,Fbbi:00000249
5692,127-Konishi-ERKDyn,Figure7BE_onWT_CD4_1_2,,GO:0000186; GO:0048870,GO:0042101,Fbbi:00000249
5693,127-Konishi-ERKDyn,Figure7BE_onWT_CD4_2_1,,GO:0000186; GO:0048870,GO:0042101,Fbbi:00000249
5694,127-Konishi-ERKDyn,Figure7BE_onWT_CD8_1_1,,GO:0000186; GO:0048870,GO:0042101,Fbbi:00000249
5695,127-Konishi-ERKDyn,Figure7BE_onWT_CD8_1_2,,GO:0000186; GO:0048870,GO:0042101,Fbbi:00000249
5696,127-Konishi-ERKDyn,Figure7BE_onWT0801_CD8_timelapse_01,,GO:0000186; GO:0048870,GO:0042101,Fbbi:00000249
5697,127-Konishi-ERKDyn,Figure7BE_onWT0801_CD8_zstack_02,,GO:0000186; GO:0048870,GO:0042101,Fbbi:00000246
5698,127-Konishi-ERKDyn,FigureS1_experiment2_CD3,,GO:0000186; GO:0048870,GO:0042101,Fbbi:00000249
5699,127-Konishi-ERKDyn,FigureS1_experiment2_MEKi,,GO:0000186; GO:0048870,GO:0042101,Fbbi:00000249
5700,127-Konishi-ERKDyn,FigureS1_experiment2_PRE,,GO:0000186; GO:0048870,GO:0042101,Fbbi:00000249
5701,127-Konishi-ERKDyn,FigureS1_experiment3_CD3,,GO:0000186; GO:0048870,GO:0042101,Fbbi:00000249
5702,127-Konishi-ERKDyn,FigureS1_experiment3_MEKi,,GO:0000186; GO:0048870,GO:0042101,Fbbi:00000249
5703,127-Konishi-ERKDyn,FigureS1_experiment3_PRE,,GO:0000186; GO:0048870,GO:0042101,Fbbi:00000249
5704,127-Konishi-ERKDyn,FigureS2_experiment2_Thymic_Cortex_OT,,GO:0000186; GO:0048870,GO:0042101,Fbbi:00000246
5705,127-Konishi-ERKDyn,FigureS2_experiment2_Thymic_Cortex_WT,,GO:0000186; GO:0048870,GO:0042101,Fbbi:00000246
5706,127-Konishi-ERKDyn,FigureS2_experiment3_Thymic_Cortex_OT,,GO:0000186; GO:0048870,GO:0042101,Fbbi:00000246
5707,127-Konishi-ERKDyn,FigureS2_experiment3_Thymic_Cortex_WT,,GO:0000186; GO:0048870,GO:0042101,Fbbi:00000246
5708,127-Konishi-ERKDyn,Video1_afterCD3,,GO:0000186; GO:0048870,GO:0042101,Fbbi:00000249
5709,127-Konishi-ERKDyn,Video2_spontaneous_ERK,,GO:0000186; GO:0048870,GO:0042101,Fbbi:00000246
5710,127-Konishi-ERKDyn,Fig3G_invivo_DP_cortex5_partial,,GO:0000186; GO:0048870,GO:0042101,Fbbi:00000246
5711,127-Konishi-ERKDyn,Fig3G_invivo_DP_cortex5_timelapse2,,GO:0000186; GO:0048870,GO:0042101,Fbbi:00000246
5712,127-Konishi-ERKDyn,Fig5C_control_WT_onWT1z,,GO:0000186; GO:0048870,GO:0042101,Fbbi:00000246
5713,127-Konishi-ERKDyn,Fig5DF_control_DP_cortex5_partial,,GO:0000186; GO:0048870,GO:0042101,Fbbi:00000246
5714,127-Konishi-ERKDyn,Fig6AC_DP_cortex5_partial,,GO:0000186; GO:0048870,GO:0042101,Fbbi:00000249
5715,126-Imanishi-CellMorNuCyM,figure1D_NuCyM_posi1_1,,,GO:0005886,Fbbi:00000249
5716,126-Imanishi-CellMorNuCyM,figure1D_NuCyM_posi1_2,,,GO:0005886,Fbbi:00000249
5717,126-Imanishi-CellMorNuCyM,figure1D_NuCyM_posi1_3,,,GO:0005886,Fbbi:00000249
5718,126-Imanishi-CellMorNuCyM,figure1D_NuCyM_posi2_1,,,GO:0005886,Fbbi:00000249
5719,126-Imanishi-CellMorNuCyM,figure1D_NuCyM_posi2_2,,,GO:0005886,Fbbi:00000249
5720,126-Imanishi-CellMorNuCyM,figure1D_NuCyM_posi2_3,,,GO:0005886,Fbbi:00000249
5721,126-Imanishi-CellMorNuCyM,figure1D_NuCyM_posi3_1,,,GO:0005886,Fbbi:00000249
5722,126-Imanishi-CellMorNuCyM,figure1D_NuCyM_posi3_2,,,GO:0005886,Fbbi:00000249
5723,126-Imanishi-CellMorNuCyM,figure1D_NuCyM_posi3_3,,,GO:0005886,Fbbi:00000249
5724,126-Imanishi-CellMorNuCyM,figure1D_NuCyM_posi4_1,,,GO:0005886,Fbbi:00000249
5725,126-Imanishi-CellMorNuCyM,figure1D_NuCyM_posi4_2,,,GO:0005886,Fbbi:00000249
5726,126-Imanishi-CellMorNuCyM,figure1D_NuCyM_posi4_3,,,GO:0005886,Fbbi:00000249
5727,126-Imanishi-CellMorNuCyM,figure1D_NuCyM_posi5_1,,,GO:0005886,Fbbi:00000249
5728,126-Imanishi-CellMorNuCyM,figure1D_NuCyM_posi5_2,,,GO:0005886,Fbbi:00000249
5729,126-Imanishi-CellMorNuCyM,figure1D_NuCyM_posi5_3,,,GO:0005886,Fbbi:00000249
5730,126-Imanishi-CellMorNuCyM,figure1D_NuCyM_posi6_1,,,GO:0005886,Fbbi:00000249
5731,126-Imanishi-CellMorNuCyM,figure1D_NuCyM_posi6_2,,,GO:0005886,Fbbi:00000249
5732,126-Imanishi-CellMorNuCyM,figure1D_NuCyM_posi6_3,,,GO:0005886,Fbbi:00000249
5733,126-Imanishi-CellMorNuCyM,figure1D_NuCyM_posi7_1,,,GO:0005886,Fbbi:00000249
5734,126-Imanishi-CellMorNuCyM,figure1D_NuCyM_posi7_2,,,GO:0005886,Fbbi:00000249
5735,126-Imanishi-CellMorNuCyM,figure1D_NuCyM_posi7_3,,,GO:0005886,Fbbi:00000249
5736,126-Imanishi-CellMorNuCyM,figure1D_NuCyM_posi7_4,,,GO:0005886,Fbbi:00000249
5737,126-Imanishi-CellMorNuCyM,figure1D_NuCyM_posi8_1,,,GO:0005886,Fbbi:00000249
5738,126-Imanishi-CellMorNuCyM,figure1D_NuCyM_posi8_2,,,GO:0005886,Fbbi:00000249
5739,126-Imanishi-CellMorNuCyM,figure1D_NuCyM_posi9_1,,,GO:0005886,Fbbi:00000249
5740,126-Imanishi-CellMorNuCyM,figure1D_NuCyM_posi9_2,,,GO:0005886,Fbbi:00000249
5741,126-Imanishi-CellMorNuCyM,figure1D_NuCyM_posi9_3,,,GO:0005886,Fbbi:00000249
5742,126-Imanishi-CellMorNuCyM,figure1D_NuCyM_posi10_1,,,GO:0005886,Fbbi:00000249
5743,126-Imanishi-CellMorNuCyM,figure1D_NuCyM_posi10_2,,,GO:0005886,Fbbi:00000249
5744,126-Imanishi-CellMorNuCyM,figure1D_NuCyM_posi10_3,,,GO:0005886,Fbbi:00000249
5745,126-Imanishi-CellMorNuCyM,figure1D_NuCyM_posi11_1,,,GO:0005886,Fbbi:00000249
5746,126-Imanishi-CellMorNuCyM,figure1D_NuCyM_posi11_2,,,GO:0005886,Fbbi:00000249
5747,126-Imanishi-CellMorNuCyM,figure1D_NuCyM_posi11_3,,,GO:0005886,Fbbi:00000249
5748,126-Imanishi-CellMorNuCyM,figure1D_NuCyM_posi12_1,,,GO:0005886,Fbbi:00000249
5749,126-Imanishi-CellMorNuCyM,figure1D_NuCyM_posi12_2,,,GO:0005886,Fbbi:00000249
5750,126-Imanishi-CellMorNuCyM,figure1D_NuCyM_posi12_append,,,GO:0005886,Fbbi:00000249
5751,126-Imanishi-CellMorNuCyM,Figure3A_intestine,,,GO:0005886,Fbbi:00000364
5752,126-Imanishi-CellMorNuCyM,Figure3B_heart,,,GO:0005886,Fbbi:00000364
5753,126-Imanishi-CellMorNuCyM,Figure3B_kidney,,,GO:0005886,Fbbi:00000364
5754,126-Imanishi-CellMorNuCyM,Figure3B_liver,,,GO:0005886,Fbbi:00000364
5755,126-Imanishi-CellMorNuCyM,Figure3B_lung,,,GO:0005886,Fbbi:00000364
5756,126-Imanishi-CellMorNuCyM,Figure3B_muscle,,,GO:0005886,Fbbi:00000364
5757,126-Imanishi-CellMorNuCyM,Figure3B_pancreas,,,GO:0005886,Fbbi:00000364
5758,126-Imanishi-CellMorNuCyM,Figure3C_brain,,,GO:0005886,Fbbi:00000364
5759,126-Imanishi-CellMorNuCyM,Figure5A_before_MEKi_after,,,GO:0005886,Fbbi:00000367
5760,126-Imanishi-CellMorNuCyM,FigureS3B_liver,,,GO:0005886,Fbbi:00000364
5761,120-Ding-CentromericDyn,Fig1B_140414_PIAS1_localize,,GO:0070601; GO:0051321,GO:0000776; GO:0005694,Fbbi:00000249
5762,120-Ding-CentromericDyn,Fig1C_141016_PIAS1_metaphaseI_4h,,GO:0070601; GO:0051321,GO:0000776; GO:0005694,Fbbi:00000246
5763,120-Ding-CentromericDyn,Fig1C_141016_PIAS1_metaphaseI_8h,,GO:0070601; GO:0051321,GO:0000776; GO:0005694,Fbbi:00000246
5764,120-Ding-CentromericDyn,Fig1C_141016_PIAS1_metaphaseI_9h,,GO:0070601; GO:0051321,GO:0000776; GO:0005694,Fbbi:00000246
5765,120-Ding-CentromericDyn,Fig1C_141016_PIAS1_metaphaseI_10h,,GO:0070601; GO:0051321,GO:0000776; GO:0005694,Fbbi:00000246
5766,120-Ding-CentromericDyn,Fig1C_141016_PIAS1_metaphaseII_12h,,GO:0070601; GO:0051321,GO:0000776; GO:0005694,Fbbi:00000246
5767,120-Ding-CentromericDyn,Fig1D_FigS1B_160420_arrestedMI,,GO:0070601; GO:0051321,GO:0000776; GO:0005694,Fbbi:00000246
5768,120-Ding-CentromericDyn,Fig1D_FigS1B_160420_MI_samples1,,GO:0070601; GO:0051321,GO:0000776; GO:0005694,Fbbi:00000246
5769,120-Ding-CentromericDyn,Fig1D_FigS1B_160420_MI_samples2,,GO:0070601; GO:0051321,GO:0000776; GO:0005694,Fbbi:00000246
5770,120-Ding-CentromericDyn,Fig1D_FigS1B_160420_MII_group1,,GO:0070601; GO:0051321,GO:0000776; GO:0005694,Fbbi:00000246
5771,120-Ding-CentromericDyn,Fig1D_FigS1B_160420_MII_samples1,,GO:0070601; GO:0051321,GO:0000776; GO:0005694,Fbbi:00000246
5772,120-Ding-CentromericDyn,Fig1D_FigS1B_160420_MII_samples2,,GO:0070601; GO:0051321,GO:0000776; GO:0005694,Fbbi:00000246
5773,120-Ding-CentromericDyn,Fig1D_FigS1B_160420_TelophaseI_samples1,,GO:0070601; GO:0051321,GO:0000776; GO:0005694,Fbbi:00000246
5774,120-Ding-CentromericDyn,Fig1D_FigS1B_160420_TelophaseI_samples2,,GO:0070601; GO:0051321,GO:0000776; GO:0005694,Fbbi:00000246
5775,120-Ding-CentromericDyn,Fig1D_FigS1B_160420_TelophaseI_samples3,,GO:0070601; GO:0051321,GO:0000776; GO:0005694,Fbbi:00000246
5776,120-Ding-CentromericDyn,Fig1D_FigS1B_160420_TelophaseI_samples4,,GO:0070601; GO:0051321,GO:0000776; GO:0005694,Fbbi:00000246
5777,120-Ding-CentromericDyn,fig1E_150327_NG-SUMO1gg,,GO:0070601; GO:0051321,GO:0000776; GO:0005694,Fbbi:00000249
5778,120-Ding-CentromericDyn,Fig1E_S1D-E_150327_NG-SUMO2gg,,GO:0070601; GO:0051321,GO:0000776; GO:0005694,Fbbi:00000249
5779,120-Ding-CentromericDyn,Fig1E_S1D-E_150327_NG-SUMO3gg,,GO:0070601; GO:0051321,GO:0000776; GO:0005694,Fbbi:00000249
5780,120-Ding-CentromericDyn,Fig2A_171226_CENP-C,,GO:0070601; GO:0051321,GO:0000776; GO:0005694,Fbbi:00000249
5781,120-Ding-CentromericDyn,Fig2A_171226_PIAS-CENP-C,,GO:0070601; GO:0051321,GO:0000776; GO:0005694,Fbbi:00000249
5782,120-Ding-CentromericDyn,Fig2A_171226_PIASdn,,GO:0070601; GO:0051321,GO:0000776; GO:0005694,Fbbi:00000249
5783,120-Ding-CentromericDyn,Fig2A_171226_PIASdn-CENP-C,,GO:0070601; GO:0051321,GO:0000776; GO:0005694,Fbbi:00000249
5784,120-Ding-CentromericDyn,Fig2A_180105_CENP-C,,GO:0070601; GO:0051321,GO:0000776; GO:0005694,Fbbi:00000249
5785,120-Ding-CentromericDyn,Fig2A_180105_PIAS-CENP-C,,GO:0070601; GO:0051321,GO:0000776; GO:0005694,Fbbi:00000249
5786,120-Ding-CentromericDyn,Fig2A_180105_PIASdn,,GO:0070601; GO:0051321,GO:0000776; GO:0005694,Fbbi:00000249
5787,120-Ding-CentromericDyn,Fig2A_180105_PIASdn-CENP-C,,GO:0070601; GO:0051321,GO:0000776; GO:0005694,Fbbi:00000249
5788,120-Ding-CentromericDyn,Fig2A_180106_MII,,GO:0070601; GO:0051321,GO:0000776; GO:0005694,Fbbi:00000249
5789,120-Ding-CentromericDyn,fig2B_150317_cenpc_control,,GO:0070601; GO:0051321,GO:0000776; GO:0005694,Fbbi:00000246
5790,120-Ding-CentromericDyn,fig2B_150317_pias1dn_cenpc,,GO:0070601; GO:0051321,GO:0000776; GO:0005694,Fbbi:00000246
5791,120-Ding-CentromericDyn,Fig2C_150330_cenpc,,GO:0070601; GO:0051321,GO:0000776; GO:0005694,Fbbi:00000246
5792,120-Ding-CentromericDyn,Fig2C_150330_pias1_cenpc,,GO:0070601; GO:0051321,GO:0000776; GO:0005694,Fbbi:00000246
5793,120-Ding-CentromericDyn,Fig2D_150527_cenpc_image1,,GO:0070601; GO:0051321,GO:0000776; GO:0005694,Fbbi:00000246
5794,120-Ding-CentromericDyn,Fig2D_150527_cenpc_image2,,GO:0070601; GO:0051321,GO:0000776; GO:0005694,Fbbi:00000246
5795,120-Ding-CentromericDyn,Fig2D_150527_cenpc_image3,,GO:0070601; GO:0051321,GO:0000776; GO:0005694,Fbbi:00000246
5796,120-Ding-CentromericDyn,Fig2D_150527_pias1_cenpc_1,,GO:0070601; GO:0051321,GO:0000776; GO:0005694,Fbbi:00000246
5797,120-Ding-CentromericDyn,Fig2D_150527_pias1_cenpc_2,,GO:0070601; GO:0051321,GO:0000776; GO:0005694,Fbbi:00000246
5798,120-Ding-CentromericDyn,Fig2D_150527_pias1_cenpc_3,,GO:0070601; GO:0051321,GO:0000776; GO:0005694,Fbbi:00000246
5799,120-Ding-CentromericDyn,Fig2D_150527_pias1dn_cenpc_image20,,GO:0070601; GO:0051321,GO:0000776; GO:0005694,Fbbi:00000246
5800,120-Ding-CentromericDyn,Fig2D_150527_pias1dn_cenpc_image21,,GO:0070601; GO:0051321,GO:0000776; GO:0005694,Fbbi:00000246
5801,120-Ding-CentromericDyn,Fig2D_150527_pias1dn_cenpc_image22,,GO:0070601; GO:0051321,GO:0000776; GO:0005694,Fbbi:00000246
5802,120-Ding-CentromericDyn,Fig2D_150527_pias1dn_cenpc_image23,,GO:0070601; GO:0051321,GO:0000776; GO:0005694,Fbbi:00000246
5803,120-Ding-CentromericDyn,Fig2D_150527_pias1dn_cenpc_image24,,GO:0070601; GO:0051321,GO:0000776; GO:0005694,Fbbi:00000246
5804,120-Ding-CentromericDyn,Fig2D_150527_pias1dn_cenpc_image25,,GO:0070601; GO:0051321,GO:0000776; GO:0005694,Fbbi:00000246
5805,120-Ding-CentromericDyn,Fig2D_150527_pias1dn_cenpc_image26,,GO:0070601; GO:0051321,GO:0000776; GO:0005694,Fbbi:00000246
5806,120-Ding-CentromericDyn,Fig2D_150527_pias1dn_cenpc_image27,,GO:0070601; GO:0051321,GO:0000776; GO:0005694,Fbbi:00000246
5807,120-Ding-CentromericDyn,Fig2D_170301_control_cenpc_image1_1,,GO:0070601; GO:0051321,GO:0000776; GO:0005694,Fbbi:00000246
5808,120-Ding-CentromericDyn,Fig2D_170301_control_cenpc_image1_2,,GO:0070601; GO:0051321,GO:0000776; GO:0005694,Fbbi:00000246
5809,120-Ding-CentromericDyn,Fig2D_170301_control_cenpc_image2_1,,GO:0070601; GO:0051321,GO:0000776; GO:0005694,Fbbi:00000246
5810,120-Ding-CentromericDyn,Fig2D_170301_control_cenpc_image2_2,,GO:0070601; GO:0051321,GO:0000776; GO:0005694,Fbbi:00000246
5811,120-Ding-CentromericDyn,Fig2D_170301_control_cenpc_image3,,GO:0070601; GO:0051321,GO:0000776; GO:0005694,Fbbi:00000246
5812,120-Ding-CentromericDyn,Fig2D_170301_control_cenpc_image17,,GO:0070601; GO:0051321,GO:0000776; GO:0005694,Fbbi:00000246
5813,120-Ding-CentromericDyn,Fig2D_170301_interKT_control_cenpc_image17,,GO:0070601; GO:0051321,GO:0000776; GO:0005694,Fbbi:00000246
5814,120-Ding-CentromericDyn,Fig2D_170301_interKT_control_cenpc_image18-27,,GO:0070601; GO:0051321,GO:0000776; GO:0005694,Fbbi:00000246
5815,120-Ding-CentromericDyn,Fig2D_170301_interKT_control_cenpc_image48,,GO:0070601; GO:0051321,GO:0000776; GO:0005694,Fbbi:00000246
5816,120-Ding-CentromericDyn,Fig2D_170301_interKT_pias1-cenpc_image47,,GO:0070601; GO:0051321,GO:0000776; GO:0005694,Fbbi:00000246
5817,120-Ding-CentromericDyn,Fig2D_170301_interKT_pias1dn-cenpc_image1,,GO:0070601; GO:0051321,GO:0000776; GO:0005694,Fbbi:00000246
5818,120-Ding-CentromericDyn,Fig2D_170301_interKT_pias1dn-cenpc_image2,,GO:0070601; GO:0051321,GO:0000776; GO:0005694,Fbbi:00000246
5819,120-Ding-CentromericDyn,Fig2D_170301_interKT_pias1dn-cenpc_image3,,GO:0070601; GO:0051321,GO:0000776; GO:0005694,Fbbi:00000246
5820,120-Ding-CentromericDyn,Fig2D_170301_interKT_pias1dn-cenpc_image4,,GO:0070601; GO:0051321,GO:0000776; GO:0005694,Fbbi:00000246
5821,120-Ding-CentromericDyn,Fig2D_170301_interKT_pias1dn-cenpc_image5,,GO:0070601; GO:0051321,GO:0000776; GO:0005694,Fbbi:00000246
5822,120-Ding-CentromericDyn,Fig2D_170301_interKT_pias1dn-cenpc_image6,,GO:0070601; GO:0051321,GO:0000776; GO:0005694,Fbbi:00000246
5823,120-Ding-CentromericDyn,Fig2D_170301_interKT_pias1dn-cenpc_image7,,GO:0070601; GO:0051321,GO:0000776; GO:0005694,Fbbi:00000246
5824,120-Ding-CentromericDyn,Fig2D_170301_interKT_pias1dn-cenpc_image9,,GO:0070601; GO:0051321,GO:0000776; GO:0005694,Fbbi:00000246
5825,120-Ding-CentromericDyn,Fig2D_170301_interKT_pias1dn-cenpc_image10,,GO:0070601; GO:0051321,GO:0000776; GO:0005694,Fbbi:00000246
5826,120-Ding-CentromericDyn,Fig2D_170301_interKT_pias1dn-cenpc_image11,,GO:0070601; GO:0051321,GO:0000776; GO:0005694,Fbbi:00000246
5827,120-Ding-CentromericDyn,Fig2D_170301_interKT_pias1dn-cenpc_image12,,GO:0070601; GO:0051321,GO:0000776; GO:0005694,Fbbi:00000246
5828,120-Ding-CentromericDyn,Fig2D_170301_interKT_pias1dn-cenpc_image14-16,,GO:0070601; GO:0051321,GO:0000776; GO:0005694,Fbbi:00000246
5829,120-Ding-CentromericDyn,Fig2D_170301_interKT_pias1dn-cenpc_image49,,GO:0070601; GO:0051321,GO:0000776; GO:0005694,Fbbi:00000246
5830,120-Ding-CentromericDyn,Fig2D_170301_pias1-cenpc_image2,,GO:0070601; GO:0051321,GO:0000776; GO:0005694,Fbbi:00000246
5831,120-Ding-CentromericDyn,Fig2D_170301_pias1-cenpc_image6,,GO:0070601; GO:0051321,GO:0000776; GO:0005694,Fbbi:00000246
5832,120-Ding-CentromericDyn,Fig2D_170301_pias1-cenpc_image15,,GO:0070601; GO:0051321,GO:0000776; GO:0005694,Fbbi:00000246
5833,120-Ding-CentromericDyn,Fig2D_170301_pias1-cenpc_image46,,GO:0070601; GO:0051321,GO:0000776; GO:0005694,Fbbi:00000246
5834,120-Ding-CentromericDyn,Fig2D_170301_pias1-cenpc_image47,,GO:0070601; GO:0051321,GO:0000776; GO:0005694,Fbbi:00000246
5835,120-Ding-CentromericDyn,Fig2D_170301_pias1dn-cenpc_image1,,GO:0070601; GO:0051321,GO:0000776; GO:0005694,Fbbi:00000246
5836,120-Ding-CentromericDyn,Fig2D_170301_pias1dn-cenpc_image2,,GO:0070601; GO:0051321,GO:0000776; GO:0005694,Fbbi:00000246
5837,120-Ding-CentromericDyn,Fig2D_170301_pias1dn-cenpc_image6,,GO:0070601; GO:0051321,GO:0000776; GO:0005694,Fbbi:00000246
5838,120-Ding-CentromericDyn,Fig2D_170301_pias1dn-cenpc_image11,,GO:0070601; GO:0051321,GO:0000776; GO:0005694,Fbbi:00000246
5839,120-Ding-CentromericDyn,Fig2E_160624_control,,GO:0070601; GO:0051321,GO:0000776; GO:0005694,Fbbi:00000246
5840,120-Ding-CentromericDyn,Fig2E_160624_test1,,GO:0070601; GO:0051321,GO:0000776; GO:0005694,Fbbi:00000246
5841,120-Ding-CentromericDyn,Fig2E_160624_test2,,GO:0070601; GO:0051321,GO:0000776; GO:0005694,Fbbi:00000246
5842,120-Ding-CentromericDyn,Fig3A_170313_hetrosgo2,,GO:0070601; GO:0051321,GO:0000776; GO:0005694,Fbbi:00000246
5843,120-Ding-CentromericDyn,Fig3A_170313_sgo2plusplus,,GO:0070601; GO:0051321,GO:0000776; GO:0005694,Fbbi:00000246
5844,120-Ding-CentromericDyn,Fig3A_170313_sgo2plusplus_pias1-cenpc,,GO:0070601; GO:0051321,GO:0000776; GO:0005694,Fbbi:00000246
5845,120-Ding-CentromericDyn,Fig3B_170315_Sgo2plusneg_image1,,GO:0070601; GO:0051321,GO:0000776; GO:0005694,Fbbi:00000246
5846,120-Ding-CentromericDyn,Fig3B_170315_Sgo2plusneg_image2,,GO:0070601; GO:0051321,GO:0000776; GO:0005694,Fbbi:00000246
5847,120-Ding-CentromericDyn,Fig3B_170315_Sgo2plusneg_image3,,GO:0070601; GO:0051321,GO:0000776; GO:0005694,Fbbi:00000246
5848,120-Ding-CentromericDyn,Fig3B_170315_Sgo2plusneg_image4,,GO:0070601; GO:0051321,GO:0000776; GO:0005694,Fbbi:00000246
5849,120-Ding-CentromericDyn,Fig3B_170315_Sgo2plusneg_image5,,GO:0070601; GO:0051321,GO:0000776; GO:0005694,Fbbi:00000246
5850,120-Ding-CentromericDyn,Fig3B_170315_Sgo2plusneg_image6,,GO:0070601; GO:0051321,GO:0000776; GO:0005694,Fbbi:00000246
5851,120-Ding-CentromericDyn,Fig3B_170315_Sgo2plusneg_image7,,GO:0070601; GO:0051321,GO:0000776; GO:0005694,Fbbi:00000246
5852,120-Ding-CentromericDyn,Fig3B_170315_Sgo2plusneg_image8,,GO:0070601; GO:0051321,GO:0000776; GO:0005694,Fbbi:00000246
5853,120-Ding-CentromericDyn,Fig3B_170315_Sgo2plusneg_image9,,GO:0070601; GO:0051321,GO:0000776; GO:0005694,Fbbi:00000246
5854,120-Ding-CentromericDyn,Fig3B_170315_Sgo2plusneg_image10,,GO:0070601; GO:0051321,GO:0000776; GO:0005694,Fbbi:00000246
5855,120-Ding-CentromericDyn,Fig3B_170315_Sgo2plusneg_image11,,GO:0070601; GO:0051321,GO:0000776; GO:0005694,Fbbi:00000246
5856,120-Ding-CentromericDyn,Fig3B_170315_Sgo2plusneg_image12-44,,GO:0070601; GO:0051321,GO:0000776; GO:0005694,Fbbi:00000246
5857,120-Ding-CentromericDyn,Fig3B_170315_Sgo2plusplus_dn_image28,,GO:0070601; GO:0051321,GO:0000776; GO:0005694,Fbbi:00000246
5858,120-Ding-CentromericDyn,Fig3B_170315_Sgo2plusplus_dn_image29,,GO:0070601; GO:0051321,GO:0000776; GO:0005694,Fbbi:00000246
5859,120-Ding-CentromericDyn,Fig3B_170315_Sgo2plusplus_dn_image30,,GO:0070601; GO:0051321,GO:0000776; GO:0005694,Fbbi:00000246
5860,120-Ding-CentromericDyn,Fig3B_170315_Sgo2plusplus_dn_image31,,GO:0070601; GO:0051321,GO:0000776; GO:0005694,Fbbi:00000246
5861,120-Ding-CentromericDyn,Fig3B_170315_Sgo2plusplus_dn_image32,,GO:0070601; GO:0051321,GO:0000776; GO:0005694,Fbbi:00000246
5862,120-Ding-CentromericDyn,Fig3B_170315_Sgo2plusplus_dn_image33,,GO:0070601; GO:0051321,GO:0000776; GO:0005694,Fbbi:00000246
5863,120-Ding-CentromericDyn,Fig3B_170315_Sgo2plusplus_dn_image34,,GO:0070601; GO:0051321,GO:0000776; GO:0005694,Fbbi:00000246
5864,120-Ding-CentromericDyn,Fig3B_170315_Sgo2plusplus_dn_image35,,GO:0070601; GO:0051321,GO:0000776; GO:0005694,Fbbi:00000246
5865,120-Ding-CentromericDyn,Fig3B_170315_Sgo2plusplus_image23,,GO:0070601; GO:0051321,GO:0000776; GO:0005694,Fbbi:00000246
5866,120-Ding-CentromericDyn,Fig3B_170315_Sgo2plusplus_image24,,GO:0070601; GO:0051321,GO:0000776; GO:0005694,Fbbi:00000246
5867,120-Ding-CentromericDyn,Fig3B_170315_Sgo2plusplus_image25,,GO:0070601; GO:0051321,GO:0000776; GO:0005694,Fbbi:00000246
5868,120-Ding-CentromericDyn,Fig3B_170315_Sgo2plusplus_image26,,GO:0070601; GO:0051321,GO:0000776; GO:0005694,Fbbi:00000246
5869,120-Ding-CentromericDyn,Fig3B_170315_Sgo2plusplus_image27,,GO:0070601; GO:0051321,GO:0000776; GO:0005694,Fbbi:00000246
5870,120-Ding-CentromericDyn,Fig3B_170315_Sgo2plusplus_image42,,GO:0070601; GO:0051321,GO:0000776; GO:0005694,Fbbi:00000246
5871,120-Ding-CentromericDyn,Fig3C_160911_PIASdn_cenpc,,GO:0070601; GO:0051321,GO:0000776; GO:0005694,Fbbi:00000249
5872,120-Ding-CentromericDyn,Fig3C_160913_cenpc_Sgo2--,,GO:0070601; GO:0051321,GO:0000776; GO:0005694,Fbbi:00000249
5873,120-Ding-CentromericDyn,Fig3C_160917_cenpc_1_Sgo2,,GO:0070601; GO:0051321,GO:0000776; GO:0005694,Fbbi:00000249
5874,120-Ding-CentromericDyn,Fig3C_160917_cenpc_2_Sgo2,,GO:0070601; GO:0051321,GO:0000776; GO:0005694,Fbbi:00000249
5875,120-Ding-CentromericDyn,Fig3C_160922_cenpc_Sgo2--,,GO:0070601; GO:0051321,GO:0000776; GO:0005694,Fbbi:00000249
5876,120-Ding-CentromericDyn,Fig4A-C_160623_rec8f_cenpc,,GO:0070601; GO:0051321,GO:0000776; GO:0005694,Fbbi:00000249
5877,120-Ding-CentromericDyn,Fig4A-C_160623_rec8f_cenpc_mut,,GO:0070601; GO:0051321,GO:0000776; GO:0005694,Fbbi:00000249
5878,120-Ding-CentromericDyn,Fig4A-C_160628_rec8f_cenpc,,GO:0070601; GO:0051321,GO:0000776; GO:0005694,Fbbi:00000249
5879,120-Ding-CentromericDyn,Fig4A-C_160628_rec8f_cenpc_mut,,GO:0070601; GO:0051321,GO:0000776; GO:0005694,Fbbi:00000249
5880,120-Ding-CentromericDyn,Fig4A-C_160628_rec8f_MII,,GO:0070601; GO:0051321,GO:0000776; GO:0005694,Fbbi:00000249
5881,120-Ding-CentromericDyn,Fig4A-C_160701_rec8f_cenpc,,GO:0070601; GO:0051321,GO:0000776; GO:0005694,Fbbi:00000249
5882,120-Ding-CentromericDyn,Fig4A-C_160701_rec8f_cenpc_mut,,GO:0070601; GO:0051321,GO:0000776; GO:0005694,Fbbi:00000249
5883,120-Ding-CentromericDyn,Fig4A-C_160701_rec8f_MII_cenpc,,GO:0070601; GO:0051321,GO:0000776; GO:0005694,Fbbi:00000249
5884,120-Ding-CentromericDyn,Fig4A-C_160701_rec8f_MII_cenpc_mut,,GO:0070601; GO:0051321,GO:0000776; GO:0005694,Fbbi:00000249
5885,120-Ding-CentromericDyn,Fig4D_Recc8f_cl_image79,,GO:0070601; GO:0051321,GO:0000776; GO:0005694,Fbbi:00000246
5886,120-Ding-CentromericDyn,Fig4D_Recc8f_cl_image80,,GO:0070601; GO:0051321,GO:0000776; GO:0005694,Fbbi:00000246
5887,120-Ding-CentromericDyn,Fig4D_Recc8f_cl_image81,,GO:0070601; GO:0051321,GO:0000776; GO:0005694,Fbbi:00000246
5888,120-Ding-CentromericDyn,Fig4D_Recc8f_cl_image83,,GO:0070601; GO:0051321,GO:0000776; GO:0005694,Fbbi:00000246
5889,120-Ding-CentromericDyn,Fig4D_Recc8f_cl_image85,,GO:0070601; GO:0051321,GO:0000776; GO:0005694,Fbbi:00000246
5890,120-Ding-CentromericDyn,Fig4D_Recc8f_cl_image86,,GO:0070601; GO:0051321,GO:0000776; GO:0005694,Fbbi:00000246
5891,120-Ding-CentromericDyn,Fig4D_Recc8f_cl_image87-106,,GO:0070601; GO:0051321,GO:0000776; GO:0005694,Fbbi:00000246
5892,120-Ding-CentromericDyn,Fig4D_Recc8fnc_mut_image59-78,,GO:0070601; GO:0051321,GO:0000776; GO:0005694,Fbbi:00000246
5893,120-Ding-CentromericDyn,Fig4D_Recc8fnc_mut_image60,,GO:0070601; GO:0051321,GO:0000776; GO:0005694,Fbbi:00000246
5894,120-Ding-CentromericDyn,Fig4D_Recc8fnc_mut_image63,,GO:0070601; GO:0051321,GO:0000776; GO:0005694,Fbbi:00000246
5895,120-Ding-CentromericDyn,Fig4D_Recc8fnc_mut_image64,,GO:0070601; GO:0051321,GO:0000776; GO:0005694,Fbbi:00000246
5896,120-Ding-CentromericDyn,Fig4D_Recc8fnc_mut_image67,,GO:0070601; GO:0051321,GO:0000776; GO:0005694,Fbbi:00000246
5897,120-Ding-CentromericDyn,Fig4D_Recc8fnc_mut_image69,,GO:0070601; GO:0051321,GO:0000776; GO:0005694,Fbbi:00000246
5898,120-Ding-CentromericDyn,Fig4D_Recc8fnc_mut_image70,,GO:0070601; GO:0051321,GO:0000776; GO:0005694,Fbbi:00000246
5899,120-Ding-CentromericDyn,Fig4A-C_160701_MetaII_mut,,GO:0070601; GO:0051321,GO:0000776; GO:0005694,Fbbi:00000249
5900,120-Ding-CentromericDyn,Fig4A-C_160701_MetaII_WT,,GO:0070601; GO:0051321,GO:0000776; GO:0005694,Fbbi:00000249
5901,120-Ding-CentromericDyn,FigS1A_140722_mEGFP-PIAS,,GO:0070601; GO:0051321,GO:0000776; GO:0005694,Fbbi:00000249
5902,120-Ding-CentromericDyn,FigS1A_140722_mEGFP-PIAS2,,GO:0070601; GO:0051321,GO:0000776; GO:0005694,Fbbi:00000249
5903,120-Ding-CentromericDyn,FigS1A_140722_mEGFP-PIAS3,,GO:0070601; GO:0051321,GO:0000776; GO:0005694,Fbbi:00000249
5904,120-Ding-CentromericDyn,FigS1A_140722_mEGFP-PIAS4,,GO:0070601; GO:0051321,GO:0000776; GO:0005694,Fbbi:00000249
5905,120-Ding-CentromericDyn,FigS1B_160420_aca_sgo2_sumo23_DNA_1,,GO:0070601; GO:0051321,GO:0000776; GO:0005694,Fbbi:00000246
5906,120-Ding-CentromericDyn,FigS1B_160420_aca_sgo2_sumo23_DNA_2,,GO:0070601; GO:0051321,GO:0000776; GO:0005694,Fbbi:00000246
5907,120-Ding-CentromericDyn,FigS1C_170803_SUMO2ga_1,,GO:0070601; GO:0051321,GO:0000776; GO:0005694,Fbbi:00000249
5908,120-Ding-CentromericDyn,FigS1C_170803_SUMO2ga_2,,GO:0070601; GO:0051321,GO:0000776; GO:0005694,Fbbi:00000249
5909,120-Ding-CentromericDyn,FigS1C_170803_SUMO2gg_1,,GO:0070601; GO:0051321,GO:0000776; GO:0005694,Fbbi:00000249
5910,120-Ding-CentromericDyn,FigS1C_170803_SUMO2gg_2,,GO:0070601; GO:0051321,GO:0000776; GO:0005694,Fbbi:00000249
5911,120-Ding-CentromericDyn,FigS1C_170803_SUMO3ga_1,,GO:0070601; GO:0051321,GO:0000776; GO:0005694,Fbbi:00000249
5912,120-Ding-CentromericDyn,FigS1C_170803_SUMO3ga_2,,GO:0070601; GO:0051321,GO:0000776; GO:0005694,Fbbi:00000249
5913,120-Ding-CentromericDyn,FigS1C_170803_SUMO3gg_1,,GO:0070601; GO:0051321,GO:0000776; GO:0005694,Fbbi:00000249
5914,120-Ding-CentromericDyn,FigS1C_170803_SUMO3gg_2,,GO:0070601; GO:0051321,GO:0000776; GO:0005694,Fbbi:00000249
5915,120-Ding-CentromericDyn,FigS1C_170803_UBC9_1,,GO:0070601; GO:0051321,GO:0000776; GO:0005694,Fbbi:00000249
5916,120-Ding-CentromericDyn,FigS1C_170803_UBC9_2,,GO:0070601; GO:0051321,GO:0000776; GO:0005694,Fbbi:00000249
5917,120-Ding-CentromericDyn,FigS1F_if_for_sumo1,,GO:0070601; GO:0051321,GO:0000776; GO:0005694,Fbbi:00000246
5918,120-Ding-CentromericDyn,FigS2A_160921_Sgo2,,GO:0070601; GO:0051321,GO:0000776; GO:0005694,Fbbi:00000249
5919,120-Ding-CentromericDyn,FigS2C_170420_egfp-pias1,,GO:0070601; GO:0051321,GO:0000776; GO:0005694,Fbbi:00000249
5920,120-Ding-CentromericDyn,FigS2C_170420_egfp-pias1dn,,GO:0070601; GO:0051321,GO:0000776; GO:0005694,Fbbi:00000249
5921,120-Ding-CentromericDyn,FigS2B_171216_PP2A-B56-mNG,,GO:0070601; GO:0051321,GO:0000776; GO:0005694,Fbbi:00000249
5922,120-Ding-CentromericDyn,FigS2D_sumo23level_control,,GO:0070601; GO:0051321,GO:0000776; GO:0005694,Fbbi:00000246
5923,120-Ding-CentromericDyn,FigS2D_sumo23level_neonpias1dn,,GO:0070601; GO:0051321,GO:0000776; GO:0005694,Fbbi:00000246
5924,120-Ding-CentromericDyn,FigS3A_171231_MII_control,,GO:0070601; GO:0051321,GO:0000776; GO:0005694,Fbbi:00000246
5925,120-Ding-CentromericDyn,FigS3A_171231_MII_monastrol_cenpc_control_image5,,GO:0070601; GO:0051321,GO:0000776; GO:0005694,Fbbi:00000246
5926,120-Ding-CentromericDyn,FigS3A_171231_MII_monastrol_cenpc_control_image6,,GO:0070601; GO:0051321,GO:0000776; GO:0005694,Fbbi:00000246
5927,120-Ding-CentromericDyn,FigS3A_171231_MII_monastrol_cenpc_control_image7,,GO:0070601; GO:0051321,GO:0000776; GO:0005694,Fbbi:00000246
5928,120-Ding-CentromericDyn,FigS3A_171231_MII_monastrol_cenpc_control_image8,,GO:0070601; GO:0051321,GO:0000776; GO:0005694,Fbbi:00000246
5929,120-Ding-CentromericDyn,FigS3A_171231_MII_monastrol_cenpc_control_image9,,GO:0070601; GO:0051321,GO:0000776; GO:0005694,Fbbi:00000246
5930,120-Ding-CentromericDyn,FigS3A_171231_MII_monastrol_cenpc_control_image10,,GO:0070601; GO:0051321,GO:0000776; GO:0005694,Fbbi:00000246
5931,120-Ding-CentromericDyn,FigS3A_171231_MII_monastrol_cenpc_control_image11,,GO:0070601; GO:0051321,GO:0000776; GO:0005694,Fbbi:00000246
5932,120-Ding-CentromericDyn,FigS3A_171231_MII_monastrol_cenpc_control_image12,,GO:0070601; GO:0051321,GO:0000776; GO:0005694,Fbbi:00000246
5933,120-Ding-CentromericDyn,FigS3A_171231_MII_monastrol_cenpc_control_image13,,GO:0070601; GO:0051321,GO:0000776; GO:0005694,Fbbi:00000246
5934,120-Ding-CentromericDyn,FigS3A_171231_MII_monastrol_cenpc_control_image14,,GO:0070601; GO:0051321,GO:0000776; GO:0005694,Fbbi:00000246
5935,120-Ding-CentromericDyn,FigS3A_171231_MII_monastrol_cenpc_control_image36,,GO:0070601; GO:0051321,GO:0000776; GO:0005694,Fbbi:00000246
5936,120-Ding-CentromericDyn,FigS3A_171231_MII_monastrol_cenpc_control_image37,,GO:0070601; GO:0051321,GO:0000776; GO:0005694,Fbbi:00000246
5937,120-Ding-CentromericDyn,FigS3A_171231_MII_monastrol_cenpc_control_image38,,GO:0070601; GO:0051321,GO:0000776; GO:0005694,Fbbi:00000246
5938,120-Ding-CentromericDyn,FigS3A_171231_MII_monastrol_cenpc_PIASdn_image15,,GO:0070601; GO:0051321,GO:0000776; GO:0005694,Fbbi:00000246
5939,120-Ding-CentromericDyn,FigS3A_171231_MII_monastrol_cenpc_PIASdn_image16,,GO:0070601; GO:0051321,GO:0000776; GO:0005694,Fbbi:00000246
5940,120-Ding-CentromericDyn,FigS3A_171231_MII_monastrol_cenpc_PIASdn_image17,,GO:0070601; GO:0051321,GO:0000776; GO:0005694,Fbbi:00000246
5941,120-Ding-CentromericDyn,FigS3A_171231_MII_monastrol_cenpc_PIASdn_image18,,GO:0070601; GO:0051321,GO:0000776; GO:0005694,Fbbi:00000246
5942,120-Ding-CentromericDyn,FigS3A_171231_MII_monastrol_cenpc_PIASdn_image19,,GO:0070601; GO:0051321,GO:0000776; GO:0005694,Fbbi:00000246
5943,120-Ding-CentromericDyn,FigS3A_171231_MII_monastrol_cenpc_PIASdn_image35,,GO:0070601; GO:0051321,GO:0000776; GO:0005694,Fbbi:00000246
5944,120-Ding-CentromericDyn,FigS3A_171231_MII_monastrol_cenpc_PIASdn_image39,,GO:0070601; GO:0051321,GO:0000776; GO:0005694,Fbbi:00000246
5945,120-Ding-CentromericDyn,FigS3A_171231_MII_monastrol_cenpc_PIASdn_image40,,GO:0070601; GO:0051321,GO:0000776; GO:0005694,Fbbi:00000246
5946,120-Ding-CentromericDyn,FigS3A_171231_MII_monastrol_cenpc_PIASdn_image41-49,,GO:0070601; GO:0051321,GO:0000776; GO:0005694,Fbbi:00000246
5947,120-Ding-CentromericDyn,FigS3A_171231_MII_monastrol_cenpc_PIASwt_image20,,GO:0070601; GO:0051321,GO:0000776; GO:0005694,Fbbi:00000246
5948,120-Ding-CentromericDyn,FigS3A_171231_MII_monastrol_cenpc_PIASwt_image21,,GO:0070601; GO:0051321,GO:0000776; GO:0005694,Fbbi:00000246
5949,120-Ding-CentromericDyn,FigS3A_171231_MII_monastrol_cenpc_PIASwt_image22,,GO:0070601; GO:0051321,GO:0000776; GO:0005694,Fbbi:00000246
5950,120-Ding-CentromericDyn,FigS3A_171231_MII_monastrol_cenpc_PIASwt_image23,,GO:0070601; GO:0051321,GO:0000776; GO:0005694,Fbbi:00000246
5951,120-Ding-CentromericDyn,FigS3A_171231_MII_monastrol_cenpc_PIASwt_image24,,GO:0070601; GO:0051321,GO:0000776; GO:0005694,Fbbi:00000246
5952,120-Ding-CentromericDyn,FigS3A_171231_MII_monastrol_cenpc_PIASwt_image25-27,,GO:0070601; GO:0051321,GO:0000776; GO:0005694,Fbbi:00000246
5953,120-Ding-CentromericDyn,FigS3A_171231_MII_monastrol_cenpc_PIASwt_image28,,GO:0070601; GO:0051321,GO:0000776; GO:0005694,Fbbi:00000246
5954,120-Ding-CentromericDyn,FigS3A_171231_MII_monastrol_cenpc_PIASwt_image29,,GO:0070601; GO:0051321,GO:0000776; GO:0005694,Fbbi:00000246
5955,120-Ding-CentromericDyn,FigS3A_171231_MII_monastrol_cenpc_PIASwt_image30,,GO:0070601; GO:0051321,GO:0000776; GO:0005694,Fbbi:00000246
5956,120-Ding-CentromericDyn,FigS3A_180213_cenpc,,GO:0070601; GO:0051321,GO:0000776; GO:0005694,Fbbi:00000246
5957,120-Ding-CentromericDyn,FigS3A_180213_pias1cenpc_image1,,GO:0070601; GO:0051321,GO:0000776; GO:0005694,Fbbi:00000246
5958,120-Ding-CentromericDyn,FigS3A_180213_pias1cenpc_image2,,GO:0070601; GO:0051321,GO:0000776; GO:0005694,Fbbi:00000246
5959,120-Ding-CentromericDyn,FigS3A_180213_pias1cenpc_image3,,GO:0070601; GO:0051321,GO:0000776; GO:0005694,Fbbi:00000246
5960,120-Ding-CentromericDyn,FigS3A_180213_pias1cenpc_image8,,GO:0070601; GO:0051321,GO:0000776; GO:0005694,Fbbi:00000246
5961,120-Ding-CentromericDyn,FigS3A_180213_pias1cenpc_image9,,GO:0070601; GO:0051321,GO:0000776; GO:0005694,Fbbi:00000246
5962,120-Ding-CentromericDyn,FigS3A_180213_pias1cenpc_image10,,GO:0070601; GO:0051321,GO:0000776; GO:0005694,Fbbi:00000246
5963,120-Ding-CentromericDyn,FigS3A_180213_pias1cenpc_image11,,GO:0070601; GO:0051321,GO:0000776; GO:0005694,Fbbi:00000246
5964,120-Ding-CentromericDyn,FigS3A_180213_pias1cenpc_image12,,GO:0070601; GO:0051321,GO:0000776; GO:0005694,Fbbi:00000246
5965,120-Ding-CentromericDyn,FigS3A_180213_pias1cenpc_image23,,GO:0070601; GO:0051321,GO:0000776; GO:0005694,Fbbi:00000246
5966,120-Ding-CentromericDyn,FigS3B_170723_control_12oocytes,,GO:0070601; GO:0051321,GO:0000776; GO:0005694,Fbbi:00000246
5967,120-Ding-CentromericDyn,FigS3B_170723_control11,,GO:0070601; GO:0051321,GO:0000776; GO:0005694,Fbbi:00000246
5968,120-Ding-CentromericDyn,FigS3B_170723_pias-cenpc_5oocytes,,GO:0070601; GO:0051321,GO:0000776; GO:0005694,Fbbi:00000246
5969,120-Ding-CentromericDyn,FigS3B_170723_pias-DN-cenpc_7oocytes,,GO:0070601; GO:0051321,GO:0000776; GO:0005694,Fbbi:00000246
5970,120-Ding-CentromericDyn,FigS3B_170723_pias-DN-cenpc_13oocytes,,GO:0070601; GO:0051321,GO:0000776; GO:0005694,Fbbi:00000246
5971,120-Ding-CentromericDyn,FigS3C_180111_MII_cenpc_image1,,GO:0070601; GO:0051321,GO:0000776; GO:0005694,Fbbi:00000246
5972,120-Ding-CentromericDyn,FigS3C_180111_MII_cenpc_image2,,GO:0070601; GO:0051321,GO:0000776; GO:0005694,Fbbi:00000246
5973,120-Ding-CentromericDyn,FigS3C_180111_MII_cenpc_image3,,GO:0070601; GO:0051321,GO:0000776; GO:0005694,Fbbi:00000246
5974,120-Ding-CentromericDyn,FigS3C_180111_MII_cenpc_image4,,GO:0070601; GO:0051321,GO:0000776; GO:0005694,Fbbi:00000246
5975,120-Ding-CentromericDyn,FigS3C_180111_MII_cenpc_image5,,GO:0070601; GO:0051321,GO:0000776; GO:0005694,Fbbi:00000246
5976,120-Ding-CentromericDyn,FigS3C_180111_MII_cenpc_image6,,GO:0070601; GO:0051321,GO:0000776; GO:0005694,Fbbi:00000246
5977,120-Ding-CentromericDyn,FigS3C_180111_MII_pias-cenpc_image7,,GO:0070601; GO:0051321,GO:0000776; GO:0005694,Fbbi:00000246
5978,120-Ding-CentromericDyn,FigS3C_180111_MII_pias-cenpc_image8,,GO:0070601; GO:0051321,GO:0000776; GO:0005694,Fbbi:00000246
5979,120-Ding-CentromericDyn,FigS3C_180111_MII_piasdn-cenpc_image9,,GO:0070601; GO:0051321,GO:0000776; GO:0005694,Fbbi:00000246
5980,120-Ding-CentromericDyn,FigS3C_180111_MII_piasdn-cenpc_image10,,GO:0070601; GO:0051321,GO:0000776; GO:0005694,Fbbi:00000246
5981,120-Ding-CentromericDyn,FigS3C_180111_MII_piasdn-cenpc_image11,,GO:0070601; GO:0051321,GO:0000776; GO:0005694,Fbbi:00000246
5982,120-Ding-CentromericDyn,FigS3C_180111_MII_piasdn-cenpc_image12,,GO:0070601; GO:0051321,GO:0000776; GO:0005694,Fbbi:00000246
5983,120-Ding-CentromericDyn,FigS3C_180111_MII_piasdn-cenpc_image13-19,,GO:0070601; GO:0051321,GO:0000776; GO:0005694,Fbbi:00000246
5984,120-Ding-CentromericDyn,FigS3C_180111_MII_piasdn-cenpc_image20,,GO:0070601; GO:0051321,GO:0000776; GO:0005694,Fbbi:00000246
5985,120-Ding-CentromericDyn,FigS3C_180111_MII_piasdn-cenpc_image21-25,,GO:0070601; GO:0051321,GO:0000776; GO:0005694,Fbbi:00000246
5986,120-Ding-CentromericDyn,FigS3C_180111_MII_piasdn-cenpc_image26,,GO:0070601; GO:0051321,GO:0000776; GO:0005694,Fbbi:00000246
5987,120-Ding-CentromericDyn,FigS3C_180111_MII_piasdn-cenpc_image27-29,,GO:0070601; GO:0051321,GO:0000776; GO:0005694,Fbbi:00000246
5988,120-Ding-CentromericDyn,FigS3C_180111_MII_piasdn-cenpc_image30,,GO:0070601; GO:0051321,GO:0000776; GO:0005694,Fbbi:00000246
5989,120-Ding-CentromericDyn,FigS3C_180111_MII_piasdn-cenpc_image31,,GO:0070601; GO:0051321,GO:0000776; GO:0005694,Fbbi:00000246
5990,120-Ding-CentromericDyn,FigS3D_180212_image1-2,,GO:0070601; GO:0051321,GO:0000776; GO:0005694,Fbbi:00000246
5991,120-Ding-CentromericDyn,FigS3D_180212_image3,,GO:0070601; GO:0051321,GO:0000776; GO:0005694,Fbbi:00000246
5992,120-Ding-CentromericDyn,FigS3D_180212_image4,,GO:0070601; GO:0051321,GO:0000776; GO:0005694,Fbbi:00000246
5993,120-Ding-CentromericDyn,FigS3D_180212_image5-9,,GO:0070601; GO:0051321,GO:0000776; GO:0005694,Fbbi:00000246
5994,120-Ding-CentromericDyn,FigS3D_180212_image10,,GO:0070601; GO:0051321,GO:0000776; GO:0005694,Fbbi:00000246
5995,120-Ding-CentromericDyn,FigS3D_180212_image11,,GO:0070601; GO:0051321,GO:0000776; GO:0005694,Fbbi:00000246
5996,120-Ding-CentromericDyn,FigS3D_180212_image12-23,,GO:0070601; GO:0051321,GO:0000776; GO:0005694,Fbbi:00000246
5997,120-Ding-CentromericDyn,FigS3D_bl6_Sgo2plus--image27,,GO:0070601; GO:0051321,GO:0000776; GO:0005694,Fbbi:00000246
5998,120-Ding-CentromericDyn,FigS3D_bl6_Sgo2plus--image28,,GO:0070601; GO:0051321,GO:0000776; GO:0005694,Fbbi:00000246
5999,120-Ding-CentromericDyn,FigS3D_bl6_Sgo2plus--image29,,GO:0070601; GO:0051321,GO:0000776; GO:0005694,Fbbi:00000246
6000,120-Ding-CentromericDyn,FigS3D_bl6_Sgo2plus--image30,,GO:0070601; GO:0051321,GO:0000776; GO:0005694,Fbbi:00000246
6001,120-Ding-CentromericDyn,FigS3D_bl6_Sgo2plus--image31,,GO:0070601; GO:0051321,GO:0000776; GO:0005694,Fbbi:00000246
6002,120-Ding-CentromericDyn,FigS3D_bl6_Sgo2plus--image52,,GO:0070601; GO:0051321,GO:0000776; GO:0005694,Fbbi:00000246
6003,120-Ding-CentromericDyn,FigS3D_bl6_Sgo2plus--image53,,GO:0070601; GO:0051321,GO:0000776; GO:0005694,Fbbi:00000246
6004,120-Ding-CentromericDyn,FigS3D_bl6_Sgo2plus--image54-55,,GO:0070601; GO:0051321,GO:0000776; GO:0005694,Fbbi:00000246
6005,120-Ding-CentromericDyn,FigS3D_bl6_Sgo2plus--image56,,GO:0070601; GO:0051321,GO:0000776; GO:0005694,Fbbi:00000246
6006,120-Ding-CentromericDyn,FigS3D_bl6_Sgo2plus--image57,,GO:0070601; GO:0051321,GO:0000776; GO:0005694,Fbbi:00000246
6007,120-Ding-CentromericDyn,FigS3D_bl6_Sgo2plusplus-image32,,GO:0070601; GO:0051321,GO:0000776; GO:0005694,Fbbi:00000246
6008,120-Ding-CentromericDyn,FigS3D_bl6_Sgo2plusplus-image33,,GO:0070601; GO:0051321,GO:0000776; GO:0005694,Fbbi:00000246
6009,120-Ding-CentromericDyn,FigS3D_bl6_Sgo2plusplus-image34,,GO:0070601; GO:0051321,GO:0000776; GO:0005694,Fbbi:00000246
6010,120-Ding-CentromericDyn,FigS3D_bl6_Sgo2plusplus-image35,,GO:0070601; GO:0051321,GO:0000776; GO:0005694,Fbbi:00000246
6011,120-Ding-CentromericDyn,FigS3D_bl6_Sgo2plusplus-image48,,GO:0070601; GO:0051321,GO:0000776; GO:0005694,Fbbi:00000246
6012,120-Ding-CentromericDyn,FigS3D_bl6_Sgo2plusplus-image49,,GO:0070601; GO:0051321,GO:0000776; GO:0005694,Fbbi:00000246
6013,120-Ding-CentromericDyn,FigS3D_bl6_Sgo2plusplus-image50,,GO:0070601; GO:0051321,GO:0000776; GO:0005694,Fbbi:00000246
6014,120-Ding-CentromericDyn,FigS3D_bl6_Sgo2plusplus-image51,,GO:0070601; GO:0051321,GO:0000776; GO:0005694,Fbbi:00000246
6015,120-Ding-CentromericDyn,FigS3D_bl6_Sgo2plusplusdnc-image36,,GO:0070601; GO:0051321,GO:0000776; GO:0005694,Fbbi:00000246
6016,120-Ding-CentromericDyn,FigS3D_bl6_Sgo2plusplusdnc-image37,,GO:0070601; GO:0051321,GO:0000776; GO:0005694,Fbbi:00000246
6017,120-Ding-CentromericDyn,FigS3D_bl6_Sgo2plusplusdnc-image38,,GO:0070601; GO:0051321,GO:0000776; GO:0005694,Fbbi:00000246
6018,120-Ding-CentromericDyn,FigS3D_bl6_Sgo2plusplusdnc-image39-40,,GO:0070601; GO:0051321,GO:0000776; GO:0005694,Fbbi:00000246
6019,120-Ding-CentromericDyn,FigS3D_bl6_Sgo2plusplusdnc-image41,,GO:0070601; GO:0051321,GO:0000776; GO:0005694,Fbbi:00000246
6020,120-Ding-CentromericDyn,FigS3D_bl6_Sgo2plusplusdnc-image42,,GO:0070601; GO:0051321,GO:0000776; GO:0005694,Fbbi:00000246
6021,120-Ding-CentromericDyn,FigS3D_bl6_Sgo2plusplusdnc-image43,,GO:0070601; GO:0051321,GO:0000776; GO:0005694,Fbbi:00000246
6022,120-Ding-CentromericDyn,FigS3D_bl6_Sgo2plusplusdnc-image44,,GO:0070601; GO:0051321,GO:0000776; GO:0005694,Fbbi:00000246
6023,120-Ding-CentromericDyn,FigS3D_bl6_Sgo2plusplusdnc-image45,,GO:0070601; GO:0051321,GO:0000776; GO:0005694,Fbbi:00000246
6024,120-Ding-CentromericDyn,FigS3D_bl6_Sgo2plusplusdnc-image46-47,,GO:0070601; GO:0051321,GO:0000776; GO:0005694,Fbbi:00000246
6025,120-Ding-CentromericDyn,FigS3E_171220_kt_tracking,,GO:0070601; GO:0051321,GO:0000776; GO:0005694,Fbbi:00000249
6026,120-Ding-CentromericDyn,FigS3E_180129_Sgo2--,,GO:0070601; GO:0051321,GO:0000776; GO:0005694,Fbbi:00000249
6027,120-Ding-CentromericDyn,FigS4A_160210_Rec8f,,GO:0070601; GO:0051321,GO:0000776; GO:0005694,Fbbi:00000249
6028,120-Ding-CentromericDyn,FigS4A_160212_Rec8f_mut,,GO:0070601; GO:0051321,GO:0000776; GO:0005694,Fbbi:00000249
6029,120-Ding-CentromericDyn,FigS4A_160224_Rec8f,,GO:0070601; GO:0051321,GO:0000776; GO:0005694,Fbbi:00000249
6030,120-Ding-CentromericDyn,FigS4A_160224_Rec8f_mut,,GO:0070601; GO:0051321,GO:0000776; GO:0005694,Fbbi:00000249
6031,120-Ding-CentromericDyn,FigS4B_170314_cl,,GO:0070601; GO:0051321,GO:0000776; GO:0005694,Fbbi:00000246
6032,120-Ding-CentromericDyn,FigS4B_170314_mut,,GO:0070601; GO:0051321,GO:0000776; GO:0005694,Fbbi:00000246
6033,120-Ding-CentromericDyn,FigS4B_170417_CL27,,GO:0070601; GO:0051321,GO:0000776; GO:0005694,Fbbi:00000246
6034,120-Ding-CentromericDyn,FigS4B_170417_CLPIAS1,,GO:0070601; GO:0051321,GO:0000776; GO:0005694,Fbbi:00000246
6035,120-Ding-CentromericDyn,FigS4B_170417_MUT25,,GO:0070601; GO:0051321,GO:0000776; GO:0005694,Fbbi:00000246
6036,120-Ding-CentromericDyn,FigS4B_170417_MUTPIAS1,,GO:0070601; GO:0051321,GO:0000776; GO:0005694,Fbbi:00000246
6037,120-Ding-CentromericDyn,FigS4C_180115_Rec8f_iamge1,,GO:0070601; GO:0051321,GO:0000776; GO:0005694,Fbbi:00000246
6038,120-Ding-CentromericDyn,FigS4C_180115_Rec8f_iamge2,,GO:0070601; GO:0051321,GO:0000776; GO:0005694,Fbbi:00000246
6039,120-Ding-CentromericDyn,FigS4C_180115_Rec8f_iamge3,,GO:0070601; GO:0051321,GO:0000776; GO:0005694,Fbbi:00000246
6040,120-Ding-CentromericDyn,FigS4C_180115_Rec8f_iamge4,,GO:0070601; GO:0051321,GO:0000776; GO:0005694,Fbbi:00000246
6041,120-Ding-CentromericDyn,FigS4C_180115_Rec8f_iamge5,,GO:0070601; GO:0051321,GO:0000776; GO:0005694,Fbbi:00000246
6042,120-Ding-CentromericDyn,FigS4C_180115_Rec8f_iamge6,,GO:0070601; GO:0051321,GO:0000776; GO:0005694,Fbbi:00000246
6043,120-Ding-CentromericDyn,FigS4C_180115_Rec8f_iamge7,,GO:0070601; GO:0051321,GO:0000776; GO:0005694,Fbbi:00000246
6044,120-Ding-CentromericDyn,FigS4C_180115_Rec8f_iamge8,,GO:0070601; GO:0051321,GO:0000776; GO:0005694,Fbbi:00000246
6045,120-Ding-CentromericDyn,FigS4C_180115_Rec8f_iamge9,,GO:0070601; GO:0051321,GO:0000776; GO:0005694,Fbbi:00000246
6046,120-Ding-CentromericDyn,FigS4C_180115_Rec8f_iamge10,,GO:0070601; GO:0051321,GO:0000776; GO:0005694,Fbbi:00000246
6047,120-Ding-CentromericDyn,FigS4C_180115_Rec8f_iamge11,,GO:0070601; GO:0051321,GO:0000776; GO:0005694,Fbbi:00000246
6048,120-Ding-CentromericDyn,FigS4C_180115_Rec8f_iamge12,,GO:0070601; GO:0051321,GO:0000776; GO:0005694,Fbbi:00000246
6049,120-Ding-CentromericDyn,FigS4C_180115_Rec8f_iamge13-15,,GO:0070601; GO:0051321,GO:0000776; GO:0005694,Fbbi:00000246
6050,120-Ding-CentromericDyn,FigS4C_180115_Rec8f_iamge16,,GO:0070601; GO:0051321,GO:0000776; GO:0005694,Fbbi:00000246
6051,120-Ding-CentromericDyn,FigS4C_180115_Rec8f_iamge17-22,,GO:0070601; GO:0051321,GO:0000776; GO:0005694,Fbbi:00000246
6052,120-Ding-CentromericDyn,FigS4C_180115_Rec8fnc_image23,,GO:0070601; GO:0051321,GO:0000776; GO:0005694,Fbbi:00000246
6053,120-Ding-CentromericDyn,FigS4C_180115_Rec8fnc_image24,,GO:0070601; GO:0051321,GO:0000776; GO:0005694,Fbbi:00000246
6054,120-Ding-CentromericDyn,FigS4C_180115_Rec8fnc_image25,,GO:0070601; GO:0051321,GO:0000776; GO:0005694,Fbbi:00000246
6055,120-Ding-CentromericDyn,FigS4C_180115_Rec8fnc_image26,,GO:0070601; GO:0051321,GO:0000776; GO:0005694,Fbbi:00000246
6056,120-Ding-CentromericDyn,FigS4C_180115_Rec8fnc_image27,,GO:0070601; GO:0051321,GO:0000776; GO:0005694,Fbbi:00000246
6057,120-Ding-CentromericDyn,FigS4C_180115_Rec8fnc_image28,,GO:0070601; GO:0051321,GO:0000776; GO:0005694,Fbbi:00000246
6058,120-Ding-CentromericDyn,FigS4C_180115_Rec8fnc_image29,,GO:0070601; GO:0051321,GO:0000776; GO:0005694,Fbbi:00000246
6059,120-Ding-CentromericDyn,FigS4C_180115_Rec8fnc_image30,,GO:0070601; GO:0051321,GO:0000776; GO:0005694,Fbbi:00000246
6060,120-Ding-CentromericDyn,FigS4C_180115_Rec8fnc_image31-33,,GO:0070601; GO:0051321,GO:0000776; GO:0005694,Fbbi:00000246
6061,120-Ding-CentromericDyn,FigS4C_180115_Rec8fnc_image34,,GO:0070601; GO:0051321,GO:0000776; GO:0005694,Fbbi:00000246
6062,120-Ding-CentromericDyn,FigS4C_180115_Rec8fnc_image36-38,,GO:0070601; GO:0051321,GO:0000776; GO:0005694,Fbbi:00000246
6063,120-Ding-CentromericDyn,FigS4C_180115_Rec8fnc_image39,,GO:0070601; GO:0051321,GO:0000776; GO:0005694,Fbbi:00000246
6064,120-Ding-CentromericDyn,FigS4C_180115_Rec8fnc_image40,,GO:0070601; GO:0051321,GO:0000776; GO:0005694,Fbbi:00000246
6065,120-Ding-CentromericDyn,FigS4C_180115_Rec8fnc_image41,,GO:0070601; GO:0051321,GO:0000776; GO:0005694,Fbbi:00000246
6066,120-Ding-CentromericDyn,FigS4C_180221_Rec8f_cl_image28-30,,GO:0070601; GO:0051321,GO:0000776; GO:0005694,Fbbi:00000246
6067,120-Ding-CentromericDyn,FigS4C_180221_Rec8f_cl_image31,,GO:0070601; GO:0051321,GO:0000776; GO:0005694,Fbbi:00000246
6068,120-Ding-CentromericDyn,FigS4C_180221_Rec8f_cl_image32,,GO:0070601; GO:0051321,GO:0000776; GO:0005694,Fbbi:00000246
6069,120-Ding-CentromericDyn,FigS4C_180221_Rec8f_cl_image33,,GO:0070601; GO:0051321,GO:0000776; GO:0005694,Fbbi:00000246
6070,120-Ding-CentromericDyn,FigS4C_180221_Rec8f_cl_image34,,GO:0070601; GO:0051321,GO:0000776; GO:0005694,Fbbi:00000246
6071,120-Ding-CentromericDyn,FigS4C_180221_Rec8f_cl_image35,,GO:0070601; GO:0051321,GO:0000776; GO:0005694,Fbbi:00000246
6072,120-Ding-CentromericDyn,FigS4C_180221_Rec8f_cl_image36,,GO:0070601; GO:0051321,GO:0000776; GO:0005694,Fbbi:00000246
6073,120-Ding-CentromericDyn,FigS4C_180221_Rec8f_cl_image37,,GO:0070601; GO:0051321,GO:0000776; GO:0005694,Fbbi:00000246
6074,120-Ding-CentromericDyn,FigS4C_180221_Rec8f_cl_image38,,GO:0070601; GO:0051321,GO:0000776; GO:0005694,Fbbi:00000246
6075,120-Ding-CentromericDyn,FigS4C_180221_Rec8f_cl_image39,,GO:0070601; GO:0051321,GO:0000776; GO:0005694,Fbbi:00000246
6076,120-Ding-CentromericDyn,FigS4C_180221_Rec8f_cl_image40,,GO:0070601; GO:0051321,GO:0000776; GO:0005694,Fbbi:00000246
6077,120-Ding-CentromericDyn,FigS4C_180221_Rec8f_cl_image41,,GO:0070601; GO:0051321,GO:0000776; GO:0005694,Fbbi:00000246
6078,120-Ding-CentromericDyn,FigS4C_180221_Rec8f_cl_image42,,GO:0070601; GO:0051321,GO:0000776; GO:0005694,Fbbi:00000246
6079,120-Ding-CentromericDyn,FigS4C_180221_Rec8f_cl_image43,,GO:0070601; GO:0051321,GO:0000776; GO:0005694,Fbbi:00000246
6080,120-Ding-CentromericDyn,FigS4C_180221_Rec8f_cl_image44,,GO:0070601; GO:0051321,GO:0000776; GO:0005694,Fbbi:00000246
6081,120-Ding-CentromericDyn,FigS4C_180221_Rec8f_cl_image45,,GO:0070601; GO:0051321,GO:0000776; GO:0005694,Fbbi:00000246
6082,120-Ding-CentromericDyn,FigS4C_180221_Rec8f_cl_image46,,GO:0070601; GO:0051321,GO:0000776; GO:0005694,Fbbi:00000246
6083,120-Ding-CentromericDyn,FigS4C_180221_Rec8f_cl_image47,,GO:0070601; GO:0051321,GO:0000776; GO:0005694,Fbbi:00000246
6084,120-Ding-CentromericDyn,FigS4C_180221_Rec8f_cl_image48,,GO:0070601; GO:0051321,GO:0000776; GO:0005694,Fbbi:00000246
6085,120-Ding-CentromericDyn,FigS4C_180221_Rec8f_cl_image49,,GO:0070601; GO:0051321,GO:0000776; GO:0005694,Fbbi:00000246
6086,120-Ding-CentromericDyn,FigS4C_180221_Rec8fnc_cl_image1,,GO:0070601; GO:0051321,GO:0000776; GO:0005694,Fbbi:00000246
6087,120-Ding-CentromericDyn,FigS4C_180221_Rec8fnc_cl_image2,,GO:0070601; GO:0051321,GO:0000776; GO:0005694,Fbbi:00000246
6088,120-Ding-CentromericDyn,FigS4C_180221_Rec8fnc_cl_image3,,GO:0070601; GO:0051321,GO:0000776; GO:0005694,Fbbi:00000246
6089,120-Ding-CentromericDyn,FigS4C_180221_Rec8fnc_cl_image4,,GO:0070601; GO:0051321,GO:0000776; GO:0005694,Fbbi:00000246
6090,120-Ding-CentromericDyn,FigS4C_180221_Rec8fnc_cl_image5,,GO:0070601; GO:0051321,GO:0000776; GO:0005694,Fbbi:00000246
6091,120-Ding-CentromericDyn,FigS4C_180221_Rec8fnc_cl_image6,,GO:0070601; GO:0051321,GO:0000776; GO:0005694,Fbbi:00000246
6092,120-Ding-CentromericDyn,FigS4C_180221_Rec8fnc_cl_image7,,GO:0070601; GO:0051321,GO:0000776; GO:0005694,Fbbi:00000246
6093,120-Ding-CentromericDyn,FigS4C_180221_Rec8fnc_cl_image8,,GO:0070601; GO:0051321,GO:0000776; GO:0005694,Fbbi:00000246
6094,120-Ding-CentromericDyn,FigS4C_180221_Rec8fnc_cl_image9,,GO:0070601; GO:0051321,GO:0000776; GO:0005694,Fbbi:00000246
6095,120-Ding-CentromericDyn,FigS4C_180221_Rec8fnc_cl_image10,,GO:0070601; GO:0051321,GO:0000776; GO:0005694,Fbbi:00000246
6096,120-Ding-CentromericDyn,FigS4C_180221_Rec8fnc_cl_image11,,GO:0070601; GO:0051321,GO:0000776; GO:0005694,Fbbi:00000246
6097,120-Ding-CentromericDyn,FigS4C_180221_Rec8fnc_cl_image12,,GO:0070601; GO:0051321,GO:0000776; GO:0005694,Fbbi:00000246
6098,120-Ding-CentromericDyn,FigS4C_180221_Rec8fnc_cl_image13,,GO:0070601; GO:0051321,GO:0000776; GO:0005694,Fbbi:00000246
6099,120-Ding-CentromericDyn,FigS4C_180221_Rec8fnc_cl_image14,,GO:0070601; GO:0051321,GO:0000776; GO:0005694,Fbbi:00000246
6100,120-Ding-CentromericDyn,FigS4C_180221_Rec8fnc_cl_image15,,GO:0070601; GO:0051321,GO:0000776; GO:0005694,Fbbi:00000246
6101,120-Ding-CentromericDyn,FigS4C_180221_Rec8fnc_cl_image16,,GO:0070601; GO:0051321,GO:0000776; GO:0005694,Fbbi:00000246
6102,120-Ding-CentromericDyn,FigS4C_180221_Rec8fnc_cl_image17,,GO:0070601; GO:0051321,GO:0000776; GO:0005694,Fbbi:00000246
6103,120-Ding-CentromericDyn,FigS4C_180221_Rec8fnc_cl_image18,,GO:0070601; GO:0051321,GO:0000776; GO:0005694,Fbbi:00000246
6104,120-Ding-CentromericDyn,FigS4C_180221_Rec8fnc_cl_image19,,GO:0070601; GO:0051321,GO:0000776; GO:0005694,Fbbi:00000246
6105,120-Ding-CentromericDyn,FigS4C_180221_Rec8fnc_cl_image20,,GO:0070601; GO:0051321,GO:0000776; GO:0005694,Fbbi:00000246
6106,120-Ding-CentromericDyn,FigS4C_180221_Rec8fnc_cl_image21,,GO:0070601; GO:0051321,GO:0000776; GO:0005694,Fbbi:00000246
6107,120-Ding-CentromericDyn,FigS4C_180221_Rec8fnc_cl_image23,,GO:0070601; GO:0051321,GO:0000776; GO:0005694,Fbbi:00000246
6108,120-Ding-CentromericDyn,FigS4C_180221_Rec8fnc_cl_image24,,GO:0070601; GO:0051321,GO:0000776; GO:0005694,Fbbi:00000246
6109,120-Ding-CentromericDyn,FigS4C_180221_Rec8fnc_cl_image25,,GO:0070601; GO:0051321,GO:0000776; GO:0005694,Fbbi:00000246
6110,120-Ding-CentromericDyn,FigS4C_180221_Rec8fnc_cl_image26,,GO:0070601; GO:0051321,GO:0000776; GO:0005694,Fbbi:00000246
6111,120-Ding-CentromericDyn,FigS4C_180221_Rec8fnc_cl_image27,,GO:0070601; GO:0051321,GO:0000776; GO:0005694,Fbbi:00000246
6112,70-Yoshida-KTMTDyn,Fig1CD_MAX_MTACT_120min,,GO:0007067,GO:0005828; GO:0005694,Fbbi:00000246
6113,70-Yoshida-KTMTDyn,Fig1CD_MAX_MTACT_240min,,GO:0007067,GO:0005828; GO:0005694,Fbbi:00000246
6114,70-Yoshida-KTMTDyn,Fig1CD_MAX_MTACT_300min,,GO:0007067,GO:0005828; GO:0005694,Fbbi:00000246
6115,70-Yoshida-KTMTDyn,Fig1CD_MTACT_120min,,GO:0007067,GO:0005828; GO:0005694,Fbbi:00000246
6116,70-Yoshida-KTMTDyn,Fig1CD_MTACT_240min,,GO:0007067,GO:0005828; GO:0005694,Fbbi:00000246
6117,70-Yoshida-KTMTDyn,Fig1CD_MTACT_300min,,GO:0007067,GO:0005828; GO:0005694,Fbbi:00000246
6118,70-Yoshida-KTMTDyn,Fig2A_140207_240min,,GO:0007067,GO:0005828; GO:0005694,Fbbi:00000249
6119,70-Yoshida-KTMTDyn,Fig2A_140207_360min,,GO:0007067,GO:0005828; GO:0005694,Fbbi:00000249
6120,70-Yoshida-KTMTDyn,Fig2A_140207_MII,,GO:0007067,GO:0005828; GO:0005694,Fbbi:00000249
6121,70-Yoshida-KTMTDyn,Fig2A_140219_MII,,GO:0007067,GO:0005828; GO:0005694,Fbbi:00000249
6122,70-Yoshida-KTMTDyn,Fig2B_141107_Hec1-mEGFP-CENP-C_2h,,GO:0007067,GO:0005828; GO:0005694,Fbbi:00000249
6123,70-Yoshida-KTMTDyn,Fig2B_141107_Hec1-mEGFP-CENP-C_4h,,GO:0007067,GO:0005828; GO:0005694,Fbbi:00000249
6124,70-Yoshida-KTMTDyn,Fig2B_141107_Hec1-mEGFP-CENP-C_6h,,GO:0007067,GO:0005828; GO:0005694,Fbbi:00000249
6125,70-Yoshida-KTMTDyn,Fig2B_141107_Hec1-mEGFP-CENP-C_MII,,GO:0007067,GO:0005828; GO:0005694,Fbbi:00000249
6126,70-Yoshida-KTMTDyn,Figure2C_150116_mEGFP-hINCENP_CENP-C_fusion_2h,,GO:0007067,GO:0005828; GO:0005694,Fbbi:00000249
6127,70-Yoshida-KTMTDyn,Figure2D_150116_Hec1-mEGFP_CENP-C_fusion_2h,,GO:0007067,GO:0005828; GO:0005694,Fbbi:00000249
6128,70-Yoshida-KTMTDyn,Figure3A_140215_pHec1_pS55_ACA_120min,,GO:0007067,GO:0005828; GO:0005694,Fbbi:00000246
6129,70-Yoshida-KTMTDyn,Figure3A_140215_pHec1_pS55_ACA_240min,,GO:0007067,GO:0005828; GO:0005694,Fbbi:00000246
6130,70-Yoshida-KTMTDyn,Figure3A_140215_pHec1_pS55_ACA_360min,,GO:0007067,GO:0005828; GO:0005694,Fbbi:00000246
6131,70-Yoshida-KTMTDyn,Figure3A_140215_pHec1_pS55_ACA_MII,,GO:0007067,GO:0005828; GO:0005694,Fbbi:00000246
6132,70-Yoshida-KTMTDyn,Figure3A_Hec1_pS55_2h,,GO:0007067,GO:0005828; GO:0005694,Fbbi:00000246
6133,70-Yoshida-KTMTDyn,Figure3A_Hec1_pS55_4h,,GO:0007067,GO:0005828; GO:0005694,Fbbi:00000246
6134,70-Yoshida-KTMTDyn,Figure3A_Hec1_pS55_6h,,GO:0007067,GO:0005828; GO:0005694,Fbbi:00000246
6135,70-Yoshida-KTMTDyn,Figure3B_140408_KNL1_pS24_ACA_120min,,GO:0007067,GO:0005828; GO:0005694,Fbbi:00000249
6136,70-Yoshida-KTMTDyn,Figure3B_140408_KNL1_pS24_ACA_240min,,GO:0007067,GO:0005828; GO:0005694,Fbbi:00000249
6137,70-Yoshida-KTMTDyn,Figure3B_140408_KNL1_pS24_ACA_360min,,GO:0007067,GO:0005828; GO:0005694,Fbbi:00000249
6138,70-Yoshida-KTMTDyn,Figure3B_140408_KNL1_pS24_ACA_MII,,GO:0007067,GO:0005828; GO:0005694,Fbbi:00000249
6139,70-Yoshida-KTMTDyn,Figure3C_141114_Hec1_ACA_dil2500_1h,,GO:0007067,GO:0005828; GO:0005694,Fbbi:00000249
6140,70-Yoshida-KTMTDyn,Figure3C_141114_Hec1_ACA_dil2500_2h,,GO:0007067,GO:0005828; GO:0005694,Fbbi:00000249
6141,70-Yoshida-KTMTDyn,Figure3C_141114_Hec1_ACA_dil2500_3h,,GO:0007067,GO:0005828; GO:0005694,Fbbi:00000249
6142,70-Yoshida-KTMTDyn,Figure3C_141114_Hec1_ACA_dil2500_4h,,GO:0007067,GO:0005828; GO:0005694,Fbbi:00000249
6143,70-Yoshida-KTMTDyn,Figure3C_141114_Hec1_ACA_dil2500_5h,,GO:0007067,GO:0005828; GO:0005694,Fbbi:00000249
6144,70-Yoshida-KTMTDyn,Figure3C_141114_Hec1_ACA_dil2500_6h,,GO:0007067,GO:0005828; GO:0005694,Fbbi:00000249
6145,70-Yoshida-KTMTDyn,Figure3C_141114_Hec1_ACA_dil2500_MII,,GO:0007067,GO:0005828; GO:0005694,Fbbi:00000249
6146,70-Yoshida-KTMTDyn,Figure3D_140410_Hec1_ps55_ACA,,GO:0007067,GO:0005828; GO:0005694,Fbbi:00000249
6147,70-Yoshida-KTMTDyn,Figure4A_130420_3mEGFP-PP2A-B56E_control_monastrol,,GO:0007067,GO:0005828; GO:0005694,Fbbi:00000249
6148,70-Yoshida-KTMTDyn,Figure4A_130420_3mEGFP-PP2A-B56E_L12_control,,GO:0007067,GO:0005828; GO:0005694,Fbbi:00000249
6149,70-Yoshida-KTMTDyn,Figure4A_130420_3mEGFP-PP2A-B56E_L13_monastrol,,GO:0007067,GO:0005828; GO:0005694,Fbbi:00000249
6150,70-Yoshida-KTMTDyn,Figure4A_130420_3mEGFP-PP2A-B56E_monastrol,,GO:0007067,GO:0005828; GO:0005694,Fbbi:00000249
6151,70-Yoshida-KTMTDyn,Figure4B_140511_B56e_ACA_control_60min,,GO:0007067,GO:0005828; GO:0005694,Fbbi:00000246
6152,70-Yoshida-KTMTDyn,Figure4B_140511_B56e_ACA_control_120min,,GO:0007067,GO:0005828; GO:0005694,Fbbi:00000246
6153,70-Yoshida-KTMTDyn,Figure4B_140511_B56e_ACA_control_180min,,GO:0007067,GO:0005828; GO:0005694,Fbbi:00000246
6154,70-Yoshida-KTMTDyn,Figure4B_140511_B56e_ACA_control_240min,,GO:0007067,GO:0005828; GO:0005694,Fbbi:00000246
6155,70-Yoshida-KTMTDyn,Figure4B_140511_B56e_ACA_control_300min,,GO:0007067,GO:0005828; GO:0005694,Fbbi:00000246
6156,70-Yoshida-KTMTDyn,Figure4B_140511_B56e_ACA_control_360min,,GO:0007067,GO:0005828; GO:0005694,Fbbi:00000246
6157,70-Yoshida-KTMTDyn,Figure4B_140511_B56e_ACA_monastrol_120min,,GO:0007067,GO:0005828; GO:0005694,Fbbi:00000246
6158,70-Yoshida-KTMTDyn,Figure4B_140511_B56e_ACA_monastrol_240min,,GO:0007067,GO:0005828; GO:0005694,Fbbi:00000246
6159,70-Yoshida-KTMTDyn,Figure4B_140511_B56e_ACA_monastrol_360min,,GO:0007067,GO:0005828; GO:0005694,Fbbi:00000246
6160,70-Yoshida-KTMTDyn,Figure4C_131220_BubR1_pS659_ACA_60min,,GO:0007067,GO:0005828; GO:0005694,Fbbi:00000246
6161,70-Yoshida-KTMTDyn,Figure4C_131220_BubR1_pS659_ACA_120min,,GO:0007067,GO:0005828; GO:0005694,Fbbi:00000246
6162,70-Yoshida-KTMTDyn,Figure4C_131220_BubR1_pS659_ACA_180min,,GO:0007067,GO:0005828; GO:0005694,Fbbi:00000246
6163,70-Yoshida-KTMTDyn,Figure4C_131220_BubR1_pS659_ACA_240min,,GO:0007067,GO:0005828; GO:0005694,Fbbi:00000246
6164,70-Yoshida-KTMTDyn,Figure4C_131220_BubR1_pS659_ACA_300min,,GO:0007067,GO:0005828; GO:0005694,Fbbi:00000246
6165,70-Yoshida-KTMTDyn,Figure4C_131220_BubR1_pS659_ACA_360min,,GO:0007067,GO:0005828; GO:0005694,Fbbi:00000246
6166,70-Yoshida-KTMTDyn,Figure4DE_140514_B56e_ACA_BubR1-3A_240mim,,GO:0007067,GO:0005828; GO:0005694,Fbbi:00000249
6167,70-Yoshida-KTMTDyn,Figure4DE_140514_B56e_ACA_BubR1-3D_120min,,GO:0007067,GO:0005828; GO:0005694,Fbbi:00000249
6168,70-Yoshida-KTMTDyn,Figure4DE_140514_B56e_ACA_BubR1-WT_120min,,GO:0007067,GO:0005828; GO:0005694,Fbbi:00000249
6169,70-Yoshida-KTMTDyn,Figure4DE_140514_B56e_ACA_BubR1-WT_240min,,GO:0007067,GO:0005828; GO:0005694,Fbbi:00000249
6170,70-Yoshida-KTMTDyn,Figure4DE_140824_B56e_ACA_BubR1-3A_6h,,GO:0007067,GO:0005828; GO:0005694,Fbbi:00000249
6171,70-Yoshida-KTMTDyn,Figure4DE_140824_B56e_ACA_BubR1-3D_4h,,GO:0007067,GO:0005828; GO:0005694,Fbbi:00000249
6172,70-Yoshida-KTMTDyn,Figure4DE_140824_B56e_ACA_BubR1-WT_4h,,GO:0007067,GO:0005828; GO:0005694,Fbbi:00000249
6173,70-Yoshida-KTMTDyn,Figure4DE_140824_B56e_ACA_BubR1-WT_6h,,GO:0007067,GO:0005828; GO:0005694,Fbbi:00000249
6174,70-Yoshida-KTMTDyn,Figure5A_140416_KNL1pS24_ACA_BubR1-3D,,GO:0007067,GO:0005828; GO:0005694,Fbbi:00000249
6175,70-Yoshida-KTMTDyn,Figure5A_140416_KNL1pS24_ACA_BubR1-WT,,GO:0007067,GO:0005828; GO:0005694,Fbbi:00000249
6176,70-Yoshida-KTMTDyn,Figure5B_140425_KNL1pS24_ACA_BubR1-3A,,GO:0007067,GO:0005828; GO:0005694,Fbbi:00000249
6177,70-Yoshida-KTMTDyn,Figure5B_140425_KNL1pS24_ACA_BubR1-WT,,GO:0007067,GO:0005828; GO:0005694,Fbbi:00000249
6178,70-Yoshida-KTMTDyn,Figure5D_140829_BubR1-3A,,GO:0007067,GO:0005828; GO:0005694,Fbbi:00000249
6179,70-Yoshida-KTMTDyn,Figure5D_140829_BubR1-WT,,GO:0007067,GO:0005828; GO:0005694,Fbbi:00000249
6180,70-Yoshida-KTMTDyn,Figure5D_140904_BubR1-3D,,GO:0007067,GO:0005828; GO:0005694,Fbbi:00000249
6181,70-Yoshida-KTMTDyn,Figure5D_140904_BubR1-WT,,GO:0007067,GO:0005828; GO:0005694,Fbbi:00000249
6182,70-Yoshida-KTMTDyn,Figure5E_150118_MT_ACA_BubR1-3A_mNG-Nsl1,,GO:0007067,GO:0005828; GO:0005694,Fbbi:00000249
6183,70-Yoshida-KTMTDyn,Figure5E_150121_MT_ACA_BubR1-3A_B56e-mNeonGreen-Nsl1,,GO:0007067,GO:0005828; GO:0005694,Fbbi:00000249
6184,70-Yoshida-KTMTDyn,Figure5E_150121_MT_ACA_BubR1-3A_mNeonGreen-Nsl1,,GO:0007067,GO:0005828; GO:0005694,Fbbi:00000249
6185,70-Yoshida-KTMTDyn,Figure5E_150128_MT_ACA_BubR1-3A_B56e-mNeonGreen,,GO:0007067,GO:0005828; GO:0005694,Fbbi:00000249
6186,70-Yoshida-KTMTDyn,Figure6ABC_131213_BubR1-CAD,,GO:0007067,GO:0005828; GO:0005694,Fbbi:00000249
6187,70-Yoshida-KTMTDyn,Figure6ABC_131213_BubR1-CAD_concatenated_L1,,GO:0007067,GO:0005828; GO:0005694,Fbbi:00000249
6188,70-Yoshida-KTMTDyn,Figure6ABC_131213_BubR1-CAD_concatenated_L2,,GO:0007067,GO:0005828; GO:0005694,Fbbi:00000249
6189,70-Yoshida-KTMTDyn,Figure6ABC_131213_BubR1-CAD_concatenated_L3,,GO:0007067,GO:0005828; GO:0005694,Fbbi:00000249
6190,70-Yoshida-KTMTDyn,Figure6ABC_131213_BubR1-CAD_concatenated_L5,,GO:0007067,GO:0005828; GO:0005694,Fbbi:00000249
6191,70-Yoshida-KTMTDyn,Figure6ABC_131213_BubR1-CAD_concatenated_L6,,GO:0007067,GO:0005828; GO:0005694,Fbbi:00000249
6192,70-Yoshida-KTMTDyn,Figure6ABC_131213_BubR1-CAD_concatenated_L7,,GO:0007067,GO:0005828; GO:0005694,Fbbi:00000249
6193,70-Yoshida-KTMTDyn,Figure6ABC_131213_BubR1-CAD_concatenated_L8,,GO:0007067,GO:0005828; GO:0005694,Fbbi:00000249
6194,70-Yoshida-KTMTDyn,Figure6ABC_131213_BubR1-CAD_concatenated_L10,,GO:0007067,GO:0005828; GO:0005694,Fbbi:00000249
6195,70-Yoshida-KTMTDyn,Figure6ABC_131213_BubR1-CAD_concatenated_L11,,GO:0007067,GO:0005828; GO:0005694,Fbbi:00000249
6196,70-Yoshida-KTMTDyn,Figure6ABC_131213_BubR1-CAD_concatenated_L12,,GO:0007067,GO:0005828; GO:0005694,Fbbi:00000249
6197,70-Yoshida-KTMTDyn,Figure6ABC_131213_BubR1-CAD_concatenated_L14,,GO:0007067,GO:0005828; GO:0005694,Fbbi:00000249
6198,70-Yoshida-KTMTDyn,Figure6ABC_131213_BubR1-CAD_concatenated_L15,,GO:0007067,GO:0005828; GO:0005694,Fbbi:00000249
6199,70-Yoshida-KTMTDyn,Figure6ABC_131213_BubR1-CAD_concatenated_L17,,GO:0007067,GO:0005828; GO:0005694,Fbbi:00000249
6200,70-Yoshida-KTMTDyn,Figure6ABC_131213_BubR1-CAD_concatenated_L18,,GO:0007067,GO:0005828; GO:0005694,Fbbi:00000249
6201,70-Yoshida-KTMTDyn,Figure6ABC_131213_BubR1-CAD_concatenated_L21,,GO:0007067,GO:0005828; GO:0005694,Fbbi:00000249
6202,70-Yoshida-KTMTDyn,Figure6ABC_131213_BubR1-CAD_concatenated_L22,,GO:0007067,GO:0005828; GO:0005694,Fbbi:00000249
6203,70-Yoshida-KTMTDyn,Figure6ABC_131213_BubR1-CAD_concatenated_L23,,GO:0007067,GO:0005828; GO:0005694,Fbbi:00000249
6204,70-Yoshida-KTMTDyn,Figure7A_140806_MT_ACA_AZD3-4h,,GO:0007067,GO:0005828; GO:0005694,Fbbi:00000249
6205,70-Yoshida-KTMTDyn,Figure7A_140806_MT_ACA_control4h,,GO:0007067,GO:0005828; GO:0005694,Fbbi:00000249
6206,70-Yoshida-KTMTDyn,Figure7A_140806_MT_ACA_Hes3-4h,,GO:0007067,GO:0005828; GO:0005694,Fbbi:00000249
6207,70-Yoshida-KTMTDyn,Figure7B_120713_L1_con1,,GO:0007067,GO:0005828; GO:0005694,Fbbi:00000249
6208,70-Yoshida-KTMTDyn,Figure7B_120713_L1_con2,,GO:0007067,GO:0005828; GO:0005694,Fbbi:00000249
6209,70-Yoshida-KTMTDyn,Figure7B_120713_L1_con3,,GO:0007067,GO:0005828; GO:0005694,Fbbi:00000249
6210,70-Yoshida-KTMTDyn,Figure7B_120713_L1_con4,,GO:0007067,GO:0005828; GO:0005694,Fbbi:00000249
6211,70-Yoshida-KTMTDyn,Figure7B_120713_L1_con5,,GO:0007067,GO:0005828; GO:0005694,Fbbi:00000249
6212,70-Yoshida-KTMTDyn,Figure7B_120713_L1_con6,,GO:0007067,GO:0005828; GO:0005694,Fbbi:00000249
6213,70-Yoshida-KTMTDyn,Figure7B_120713_L3_con1,,GO:0007067,GO:0005828; GO:0005694,Fbbi:00000249
6214,70-Yoshida-KTMTDyn,Figure7B_120713_L3_con2,,GO:0007067,GO:0005828; GO:0005694,Fbbi:00000249
6215,70-Yoshida-KTMTDyn,Figure7B_120713_L3_con3,,GO:0007067,GO:0005828; GO:0005694,Fbbi:00000249
6216,70-Yoshida-KTMTDyn,Figure7B_120713_L3_con4,,GO:0007067,GO:0005828; GO:0005694,Fbbi:00000249
6217,70-Yoshida-KTMTDyn,Figure7B_120713_L3_con5,,GO:0007067,GO:0005828; GO:0005694,Fbbi:00000249
6218,70-Yoshida-KTMTDyn,Figure7B_120713_L4_con1,,GO:0007067,GO:0005828; GO:0005694,Fbbi:00000249
6219,70-Yoshida-KTMTDyn,Figure7B_120713_L4_con2,,GO:0007067,GO:0005828; GO:0005694,Fbbi:00000249
6220,70-Yoshida-KTMTDyn,Figure7B_120713_L4_con3,,GO:0007067,GO:0005828; GO:0005694,Fbbi:00000249
6221,70-Yoshida-KTMTDyn,Figure7B_120713_L4_con4,,GO:0007067,GO:0005828; GO:0005694,Fbbi:00000249
6222,70-Yoshida-KTMTDyn,Figure7B_120713_L4_con5,,GO:0007067,GO:0005828; GO:0005694,Fbbi:00000249
6223,70-Yoshida-KTMTDyn,Figure7B_120713_L4_con6,,GO:0007067,GO:0005828; GO:0005694,Fbbi:00000249
6224,70-Yoshida-KTMTDyn,Figure7B_120713_L5_con1,,GO:0007067,GO:0005828; GO:0005694,Fbbi:00000249
6225,70-Yoshida-KTMTDyn,Figure7B_120713_L5_con2,,GO:0007067,GO:0005828; GO:0005694,Fbbi:00000249
6226,70-Yoshida-KTMTDyn,Figure7B_120713_L5_con3,,GO:0007067,GO:0005828; GO:0005694,Fbbi:00000249
6227,70-Yoshida-KTMTDyn,Figure7B_120713_L5_con4,,GO:0007067,GO:0005828; GO:0005694,Fbbi:00000249
6228,70-Yoshida-KTMTDyn,Figure7B_120713_L5_con5,,GO:0007067,GO:0005828; GO:0005694,Fbbi:00000249
6229,70-Yoshida-KTMTDyn,Figure7B_120713_L5_con6,,GO:0007067,GO:0005828; GO:0005694,Fbbi:00000249
6230,70-Yoshida-KTMTDyn,Figure7B_120713_L9_con1,,GO:0007067,GO:0005828; GO:0005694,Fbbi:00000249
6231,70-Yoshida-KTMTDyn,Figure7B_120713_L9_con2,,GO:0007067,GO:0005828; GO:0005694,Fbbi:00000249
6232,70-Yoshida-KTMTDyn,Figure7B_120713_L9_con3,,GO:0007067,GO:0005828; GO:0005694,Fbbi:00000249
6233,70-Yoshida-KTMTDyn,Figure7B_120713_L9_con4,,GO:0007067,GO:0005828; GO:0005694,Fbbi:00000249
6234,70-Yoshida-KTMTDyn,Figure7B_120713_L9_con5,,GO:0007067,GO:0005828; GO:0005694,Fbbi:00000249
6235,70-Yoshida-KTMTDyn,Figure7B_120713_L11_con1,,GO:0007067,GO:0005828; GO:0005694,Fbbi:00000249
6236,70-Yoshida-KTMTDyn,Figure7B_120713_L11_con2,,GO:0007067,GO:0005828; GO:0005694,Fbbi:00000249
6237,70-Yoshida-KTMTDyn,Figure7B_120713_L11_con3,,GO:0007067,GO:0005828; GO:0005694,Fbbi:00000249
6238,70-Yoshida-KTMTDyn,Figure7B_120713_L11_con4,,GO:0007067,GO:0005828; GO:0005694,Fbbi:00000249
6239,70-Yoshida-KTMTDyn,Figure7B_120713_L12_con1,,GO:0007067,GO:0005828; GO:0005694,Fbbi:00000249
6240,70-Yoshida-KTMTDyn,Figure7B_120713_L12_con2,,GO:0007067,GO:0005828; GO:0005694,Fbbi:00000249
6241,70-Yoshida-KTMTDyn,Figure7B_120713_L12_con3,,GO:0007067,GO:0005828; GO:0005694,Fbbi:00000249
6242,70-Yoshida-KTMTDyn,Figure7B_120713_L12_con4,,GO:0007067,GO:0005828; GO:0005694,Fbbi:00000249
6243,70-Yoshida-KTMTDyn,Figure7B_120713_L12_con5,,GO:0007067,GO:0005828; GO:0005694,Fbbi:00000249
6244,70-Yoshida-KTMTDyn,Figure7B_120713_L13_con1,,GO:0007067,GO:0005828; GO:0005694,Fbbi:00000249
6245,70-Yoshida-KTMTDyn,Figure7B_120713_L13_con2,,GO:0007067,GO:0005828; GO:0005694,Fbbi:00000249
6246,70-Yoshida-KTMTDyn,Figure7B_120713_L13_con3,,GO:0007067,GO:0005828; GO:0005694,Fbbi:00000249
6247,70-Yoshida-KTMTDyn,Figure7B_120713_L13_con4,,GO:0007067,GO:0005828; GO:0005694,Fbbi:00000249
6248,70-Yoshida-KTMTDyn,Figure7B_120713_L13_con5,,GO:0007067,GO:0005828; GO:0005694,Fbbi:00000249
6249,70-Yoshida-KTMTDyn,Figure7B_120716_L1_con1,,GO:0007067,GO:0005828; GO:0005694,Fbbi:00000249
6250,70-Yoshida-KTMTDyn,Figure7B_120716_L1_con2,,GO:0007067,GO:0005828; GO:0005694,Fbbi:00000249
6251,70-Yoshida-KTMTDyn,Figure7B_120716_L1_con3,,GO:0007067,GO:0005828; GO:0005694,Fbbi:00000249
6252,70-Yoshida-KTMTDyn,Figure7B_120716_L1_con4,,GO:0007067,GO:0005828; GO:0005694,Fbbi:00000249
6253,70-Yoshida-KTMTDyn,Figure7B_120716_L1_con5,,GO:0007067,GO:0005828; GO:0005694,Fbbi:00000249
6254,70-Yoshida-KTMTDyn,Figure7B_120716_L4_con1,,GO:0007067,GO:0005828; GO:0005694,Fbbi:00000249
6255,70-Yoshida-KTMTDyn,Figure7B_120716_L4_con2,,GO:0007067,GO:0005828; GO:0005694,Fbbi:00000249
6256,70-Yoshida-KTMTDyn,Figure7B_120716_L4_con3,,GO:0007067,GO:0005828; GO:0005694,Fbbi:00000249
6257,70-Yoshida-KTMTDyn,Figure7B_120716_L4_con4,,GO:0007067,GO:0005828; GO:0005694,Fbbi:00000249
6258,70-Yoshida-KTMTDyn,Figure7B_120716_L4_con5,,GO:0007067,GO:0005828; GO:0005694,Fbbi:00000249
6259,70-Yoshida-KTMTDyn,Figure7B_120716_L4_con6,,GO:0007067,GO:0005828; GO:0005694,Fbbi:00000249
6260,70-Yoshida-KTMTDyn,Figure7B_120716_L5_con1,,GO:0007067,GO:0005828; GO:0005694,Fbbi:00000249
6261,70-Yoshida-KTMTDyn,Figure7B_120716_L5_con2,,GO:0007067,GO:0005828; GO:0005694,Fbbi:00000249
6262,70-Yoshida-KTMTDyn,Figure7B_120716_L5_con3,,GO:0007067,GO:0005828; GO:0005694,Fbbi:00000249
6263,70-Yoshida-KTMTDyn,Figure7B_120716_L5_con4,,GO:0007067,GO:0005828; GO:0005694,Fbbi:00000249
6264,70-Yoshida-KTMTDyn,Figure7B_120716_L5_con5,,GO:0007067,GO:0005828; GO:0005694,Fbbi:00000249
6265,70-Yoshida-KTMTDyn,Figure7B_120716_L6_con1,,GO:0007067,GO:0005828; GO:0005694,Fbbi:00000249
6266,70-Yoshida-KTMTDyn,Figure7B_120716_L6_con2,,GO:0007067,GO:0005828; GO:0005694,Fbbi:00000249
6267,70-Yoshida-KTMTDyn,Figure7B_120716_L6_con3,,GO:0007067,GO:0005828; GO:0005694,Fbbi:00000249
6268,70-Yoshida-KTMTDyn,Figure7B_120716_L6_con4,,GO:0007067,GO:0005828; GO:0005694,Fbbi:00000249
6269,70-Yoshida-KTMTDyn,Figure7B_120716_L6_con5,,GO:0007067,GO:0005828; GO:0005694,Fbbi:00000249
6270,70-Yoshida-KTMTDyn,Figure7B_120716_L8_con1,,GO:0007067,GO:0005828; GO:0005694,Fbbi:00000249
6271,70-Yoshida-KTMTDyn,Figure7B_120716_L8_con2,,GO:0007067,GO:0005828; GO:0005694,Fbbi:00000249
6272,70-Yoshida-KTMTDyn,Figure7B_120716_L8_con3,,GO:0007067,GO:0005828; GO:0005694,Fbbi:00000249
6273,70-Yoshida-KTMTDyn,Figure7B_120716_L8_con4,,GO:0007067,GO:0005828; GO:0005694,Fbbi:00000249
6274,70-Yoshida-KTMTDyn,Figure7B_120716_L8_con5,,GO:0007067,GO:0005828; GO:0005694,Fbbi:00000249
6275,70-Yoshida-KTMTDyn,Figure7B_120716_L9_con1,,GO:0007067,GO:0005828; GO:0005694,Fbbi:00000249
6276,70-Yoshida-KTMTDyn,Figure7B_120716_L9_con2,,GO:0007067,GO:0005828; GO:0005694,Fbbi:00000249
6277,70-Yoshida-KTMTDyn,Figure7B_120716_L9_con3,,GO:0007067,GO:0005828; GO:0005694,Fbbi:00000249
6278,70-Yoshida-KTMTDyn,Figure7B_120716_L9_con4,,GO:0007067,GO:0005828; GO:0005694,Fbbi:00000249
6279,70-Yoshida-KTMTDyn,Figure7B_120716_L10_con1,,GO:0007067,GO:0005828; GO:0005694,Fbbi:00000249
6280,70-Yoshida-KTMTDyn,Figure7B_120716_L10_con2,,GO:0007067,GO:0005828; GO:0005694,Fbbi:00000249
6281,70-Yoshida-KTMTDyn,Figure7B_120716_L10_con3,,GO:0007067,GO:0005828; GO:0005694,Fbbi:00000249
6282,70-Yoshida-KTMTDyn,Figure7B_120716_L10_con4,,GO:0007067,GO:0005828; GO:0005694,Fbbi:00000249
6283,70-Yoshida-KTMTDyn,Figure7B_120716_L11_con1,,GO:0007067,GO:0005828; GO:0005694,Fbbi:00000249
6284,70-Yoshida-KTMTDyn,Figure7B_120716_L11_con2,,GO:0007067,GO:0005828; GO:0005694,Fbbi:00000249
6285,70-Yoshida-KTMTDyn,Figure7B_120716_L11_con3,,GO:0007067,GO:0005828; GO:0005694,Fbbi:00000249
6286,70-Yoshida-KTMTDyn,Figure7B_120716_L11_con4,,GO:0007067,GO:0005828; GO:0005694,Fbbi:00000249
6287,70-Yoshida-KTMTDyn,Figure7B_120716_L12_con1,,GO:0007067,GO:0005828; GO:0005694,Fbbi:00000249
6288,70-Yoshida-KTMTDyn,Figure7B_120716_L12_con2,,GO:0007067,GO:0005828; GO:0005694,Fbbi:00000249
6289,70-Yoshida-KTMTDyn,Figure7B_120716_L12_con3,,GO:0007067,GO:0005828; GO:0005694,Fbbi:00000249
6290,70-Yoshida-KTMTDyn,Figure7B_120716_L13_con1,,GO:0007067,GO:0005828; GO:0005694,Fbbi:00000249
6291,70-Yoshida-KTMTDyn,Figure7B_120716_L13_con2,,GO:0007067,GO:0005828; GO:0005694,Fbbi:00000249
6292,70-Yoshida-KTMTDyn,Figure7B_120716_L13_con3,,GO:0007067,GO:0005828; GO:0005694,Fbbi:00000249
6293,70-Yoshida-KTMTDyn,Figure7B_120716_L13_con4,,GO:0007067,GO:0005828; GO:0005694,Fbbi:00000249
6294,70-Yoshida-KTMTDyn,Figure7B_120716_L14_con1,,GO:0007067,GO:0005828; GO:0005694,Fbbi:00000249
6295,70-Yoshida-KTMTDyn,Figure7B_120716_L14_con2,,GO:0007067,GO:0005828; GO:0005694,Fbbi:00000249
6296,70-Yoshida-KTMTDyn,Figure7B_120716_L14_con3,,GO:0007067,GO:0005828; GO:0005694,Fbbi:00000249
6297,70-Yoshida-KTMTDyn,Figure7B_120716_L14_con4,,GO:0007067,GO:0005828; GO:0005694,Fbbi:00000249
6298,70-Yoshida-KTMTDyn,Figure7B_121119_CENPC_H28_AZD_1,,GO:0007067,GO:0005828; GO:0005694,Fbbi:00000249
6299,70-Yoshida-KTMTDyn,Figure7B_121119_CENPC_H28_AZD_2,,GO:0007067,GO:0005828; GO:0005694,Fbbi:00000249
6300,70-Yoshida-KTMTDyn,FIgureS1CD_131107_MT_ACA_AZD_60min,,GO:0007067,GO:0005828; GO:0005694,Fbbi:00000249
6301,70-Yoshida-KTMTDyn,FIgureS1CD_131107_MT_ACA_AZD_180min,,GO:0007067,GO:0005828; GO:0005694,Fbbi:00000249
6302,70-Yoshida-KTMTDyn,FIgureS1CD_131107_MT_ACA_control,,GO:0007067,GO:0005828; GO:0005694,Fbbi:00000249
6303,70-Yoshida-KTMTDyn,FigureS2AB_150123_tdTomato-CENP-C_Hec1-mEGFP_Nuf_0-5h,,GO:0007067,GO:0005828; GO:0005694,Fbbi:00000249
6304,70-Yoshida-KTMTDyn,FigureS2AB_150123_tdTomato-CENP-C_Hec1-mEGFP_Nuf_5h_L8,,GO:0007067,GO:0005828; GO:0005694,Fbbi:00000249
6305,70-Yoshida-KTMTDyn,FigureS2AB_150123_tdTomato-CENP-C_Hec1-mEGFP_Nuf_5h_L13,,GO:0007067,GO:0005828; GO:0005694,Fbbi:00000249
6306,70-Yoshida-KTMTDyn,FigureS2AB_150123_tdTomato-CENP-C_Hec1-mEGFP_Nuf_5h_L26,,GO:0007067,GO:0005828; GO:0005694,Fbbi:00000249
6307,70-Yoshida-KTMTDyn,FigureS2AB_150123_tdTomato-CENP-C_Hec1-mEGFP_Nuf_MII_L1,,GO:0007067,GO:0005828; GO:0005694,Fbbi:00000249
6308,70-Yoshida-KTMTDyn,FigureS2AB_150123_tdTomato-CENP-C_Hec1-mEGFP_Nuf_MII_L6,,GO:0007067,GO:0005828; GO:0005694,Fbbi:00000249
6309,70-Yoshida-KTMTDyn,FigureS2AB_150123_tdTomato-CENP-C_Hec1-mEGFP_Nuf_MII_L7,,GO:0007067,GO:0005828; GO:0005694,Fbbi:00000249
6310,70-Yoshida-KTMTDyn,FigureS2AB_150123_tdTomato-CENP-C_Hec1-mEGFP_Nuf_MII_L20,,GO:0007067,GO:0005828; GO:0005694,Fbbi:00000249
6311,70-Yoshida-KTMTDyn,FigureS2AB_150123_tdTomato-CENP-C_Hec1-mEGFP_Nuf_MII_L25,,GO:0007067,GO:0005828; GO:0005694,Fbbi:00000249
6312,70-Yoshida-KTMTDyn,FigureS3A_150126_3mEGFP-B56_H2B-mCherry,,GO:0007067,GO:0005828; GO:0005694,Fbbi:00000249
6313,70-Yoshida-KTMTDyn,FigureS3B_150126_3mEGFP-B55_H2B-mCherry,,GO:0007067,GO:0005828; GO:0005694,Fbbi:00000249
6314,70-Yoshida-KTMTDyn,FigureS3C_150302_3mEGFP-B2alpha_H2B-mCherry,,GO:0007067,GO:0005828; GO:0005694,Fbbi:00000249
6315,70-Yoshida-KTMTDyn,FigureS3D_140511_B56e_ACA_control_60min,,GO:0007067,GO:0005828; GO:0005694,Fbbi:00000249
6316,70-Yoshida-KTMTDyn,FigureS3D_140511_B56e_ACA_control_120min,,GO:0007067,GO:0005828; GO:0005694,Fbbi:00000249
6317,70-Yoshida-KTMTDyn,FigureS3D_140511_B56e_ACA_control_180min,,GO:0007067,GO:0005828; GO:0005694,Fbbi:00000249
6318,70-Yoshida-KTMTDyn,FigureS3D_140511_B56e_ACA_control_240min,,GO:0007067,GO:0005828; GO:0005694,Fbbi:00000249
6319,70-Yoshida-KTMTDyn,FigureS3D_140511_B56e_ACA_control_300min,,GO:0007067,GO:0005828; GO:0005694,Fbbi:00000249
6320,70-Yoshida-KTMTDyn,FigureS3D_140511_B56e_ACA_control_360min,,GO:0007067,GO:0005828; GO:0005694,Fbbi:00000249
6321,70-Yoshida-KTMTDyn,FigureS3D_140511_B56e_ACA_monastrol_120min,,GO:0007067,GO:0005828; GO:0005694,Fbbi:00000249
6322,70-Yoshida-KTMTDyn,FigureS3D_140511_B56e_ACA_monastrol_240min,,GO:0007067,GO:0005828; GO:0005694,Fbbi:00000249
6323,70-Yoshida-KTMTDyn,FigureS3D_140511_B56e_ACA_monastrol_360min,,GO:0007067,GO:0005828; GO:0005694,Fbbi:00000249
6324,70-Yoshida-KTMTDyn,FigureS4A_131213_BubR1_CENP-C_control_60min,,GO:0007067,GO:0005828; GO:0005694,Fbbi:00000246
6325,70-Yoshida-KTMTDyn,FigureS4A_131213_BubR1_CENP-C_control_120min,,GO:0007067,GO:0005828; GO:0005694,Fbbi:00000246
6326,70-Yoshida-KTMTDyn,FigureS4A_131213_BubR1_CENP-C_control_180min,,GO:0007067,GO:0005828; GO:0005694,Fbbi:00000246
6327,70-Yoshida-KTMTDyn,FigureS4A_131213_BubR1_CENP-C_control_240min,,GO:0007067,GO:0005828; GO:0005694,Fbbi:00000246
6328,70-Yoshida-KTMTDyn,FigureS4A_131213_BubR1_CENP-C_control_300min,,GO:0007067,GO:0005828; GO:0005694,Fbbi:00000246
6329,70-Yoshida-KTMTDyn,FigureS4A_131213_BubR1_CENP-C_control_360in,,GO:0007067,GO:0005828; GO:0005694,Fbbi:00000246
6330,70-Yoshida-KTMTDyn,FigureS4B_130818_BuR1_pT680_control_60min,,GO:0007067,GO:0005828; GO:0005694,Fbbi:00000246
6331,70-Yoshida-KTMTDyn,FigureS4B_130818_BuR1_pT680_control_120min,,GO:0007067,GO:0005828; GO:0005694,Fbbi:00000246
6332,70-Yoshida-KTMTDyn,FigureS4B_130818_BuR1_pT680_control_180min,,GO:0007067,GO:0005828; GO:0005694,Fbbi:00000246
6333,70-Yoshida-KTMTDyn,FigureS4B_130818_BuR1_pT680_control_240min,,GO:0007067,GO:0005828; GO:0005694,Fbbi:00000246
6334,70-Yoshida-KTMTDyn,FigureS4B_130818_BuR1_pT680_control_300min,,GO:0007067,GO:0005828; GO:0005694,Fbbi:00000246
6335,70-Yoshida-KTMTDyn,FigureS4B_130818_BuR1_pT680_control_360min,,GO:0007067,GO:0005828; GO:0005694,Fbbi:00000246
6336,70-Yoshida-KTMTDyn,FigureS4B_131115_BuR1_pT680_ACA_60min,,GO:0007067,GO:0005828; GO:0005694,Fbbi:00000246
6337,70-Yoshida-KTMTDyn,FigureS4B_131115_BuR1_pT680_ACA_120min,,GO:0007067,GO:0005828; GO:0005694,Fbbi:00000246
6338,70-Yoshida-KTMTDyn,FigureS4B_131115_BuR1_pT680_ACA_180min,,GO:0007067,GO:0005828; GO:0005694,Fbbi:00000246
6339,70-Yoshida-KTMTDyn,FigureS4B_131115_BuR1_pT680_ACA_240min,,GO:0007067,GO:0005828; GO:0005694,Fbbi:00000246
6340,70-Yoshida-KTMTDyn,FigureS4B_131115_BuR1_pT680_ACA_300min,,GO:0007067,GO:0005828; GO:0005694,Fbbi:00000246
6341,70-Yoshida-KTMTDyn,FigureS4B_131115_BuR1_pT680_ACA_360min,,GO:0007067,GO:0005828; GO:0005694,Fbbi:00000246
6342,70-Yoshida-KTMTDyn,FigureS4C_140214_cyclinB1_mEGFP,,GO:0007067,GO:0005828; GO:0005694,Fbbi:00000249
6343,70-Yoshida-KTMTDyn,FigureS4C_140214_mEGFP_control,,GO:0007067,GO:0005828; GO:0005694,Fbbi:00000249
6344,70-Yoshida-KTMTDyn,FigureS4D_140521_B56e_ACA_Ccnb1-mEGFPI,,GO:0007067,GO:0005828; GO:0005694,Fbbi:00000249
6345,70-Yoshida-KTMTDyn,FigureS4D_140521_B56e_ACA_control,,GO:0007067,GO:0005828; GO:0005694,Fbbi:00000249
6346,70-Yoshida-KTMTDyn,FigureS5A_140416_Hec1_pS55_ACA_BubR1-3D,,GO:0007067,GO:0005828; GO:0005694,Fbbi:00000249
6347,70-Yoshida-KTMTDyn,FigureS5A_140416_Hec1_pS55_ACA_BubR1-WT,,GO:0007067,GO:0005828; GO:0005694,Fbbi:00000249
6348,70-Yoshida-KTMTDyn,FigureS5B_150127_pS55_Hec1_ACA_BubR1-3A,,GO:0007067,GO:0005828; GO:0005694,Fbbi:00000249
6349,70-Yoshida-KTMTDyn,FigureS5B_150127_pS55_Hec1_ACA_BubR1-WT,,GO:0007067,GO:0005828; GO:0005694,Fbbi:00000249
6350,70-Yoshida-KTMTDyn,FigureS5C_131031_MT_ACA_AZD_BubR1-3D,,GO:0007067,GO:0005828; GO:0005694,Fbbi:00000249
6351,70-Yoshida-KTMTDyn,FigureS5C_131031_MT_ACA_AZD_BubR1-WT,,GO:0007067,GO:0005828; GO:0005694,Fbbi:00000249
6352,70-Yoshida-KTMTDyn,FigureS5C_131031_MT_ACA_BubR1-3D,,GO:0007067,GO:0005828; GO:0005694,Fbbi:00000249
6353,70-Yoshida-KTMTDyn,FigureS5C_131031_MT_ACA_BubR1-WT,,GO:0007067,GO:0005828; GO:0005694,Fbbi:00000249
6354,70-Yoshida-KTMTDyn,FigureS5C_141105_MT_ACA_BubR1-3A,,GO:0007067,GO:0005828; GO:0005694,Fbbi:00000249
6355,70-Yoshida-KTMTDyn,FigureS5C_141105_MT_ACA_BubR1-WT,,GO:0007067,GO:0005828; GO:0005694,Fbbi:00000249
6356,70-Yoshida-KTMTDyn,FigureS5E_150118_mNeonGreen-Nsl1_B56e-mNeonGreen-Nsl1_H2B-mCherry,,GO:0007067,GO:0005828; GO:0005694,Fbbi:00000249
6357,70-Yoshida-KTMTDyn,FigureS5E_150211_mNeonGreen-Nsl1_B56e-mNeonGreen-Nsl1_H2B-mCherry,,GO:0007067,GO:0005828; GO:0005694,Fbbi:00000249
6358,70-Yoshida-KTMTDyn,FigureS5E_150227_mNeonGreen-Nsl1_B56e-mNeonGreen-Nsl1_H2B-mCherry,,GO:0007067,GO:0005828; GO:0005694,Fbbi:00000249
6359,70-Yoshida-KTMTDyn,FigureS6A_130913_AZD_H3_pS28_H3,,GO:0007067,GO:0005828; GO:0005694,Fbbi:00000249
6360,70-Yoshida-KTMTDyn,FigureS6A_130913_control_H3_pS28_H3,,GO:0007067,GO:0005828; GO:0005694,Fbbi:00000249
6361,70-Yoshida-KTMTDyn,FigureS6A_130913_MLN_H3_pS28_H3,,GO:0007067,GO:0005828; GO:0005694,Fbbi:00000249
6362,70-Yoshida-KTMTDyn,FigureS6B_130913_AZD_PCNT_AuroraAp,,GO:0007067,GO:0005828; GO:0005694,Fbbi:00000249
6363,70-Yoshida-KTMTDyn,FigureS6B_130913_control_PCNT_AuroraAp,,GO:0007067,GO:0005828; GO:0005694,Fbbi:00000249
6364,70-Yoshida-KTMTDyn,FigureS6B_130913_MLN_PCNT_AuroraAp,,GO:0007067,GO:0005828; GO:0005694,Fbbi:00000249
6365,70-Yoshida-KTMTDyn,FigureS6C_130705_H2BFRET,,GO:0007067,GO:0005828; GO:0005694,Fbbi:00000249
6366,70-Yoshida-KTMTDyn,FigureS6D_KNL1-pS24_ACA_140813_AZD,,GO:0007067,GO:0005828; GO:0005694,Fbbi:00000249
6367,70-Yoshida-KTMTDyn,FigureS6D_KNL1-pS24_ACA_140813_control,,GO:0007067,GO:0005828; GO:0005694,Fbbi:00000249
6368,70-Yoshida-KTMTDyn,FigureS6E_Hec1-pS55_ACA_140813_AZD,,GO:0007067,GO:0005828; GO:0005694,Fbbi:00000249
6369,70-Yoshida-KTMTDyn,FigureS6E_Hec1-pS55_ACA_140813_control,,GO:0007067,GO:0005828; GO:0005694,Fbbi:00000249
6370,70-Yoshida-KTMTDyn,FigureS7A_130720_MT_ACA_AZD,,GO:0007067,GO:0005828; GO:0005694,Fbbi:00000249
6371,70-Yoshida-KTMTDyn,FigureS7A_130720_MT_ACA_control,,GO:0007067,GO:0005828; GO:0005694,Fbbi:00000249
6372,70-Yoshida-KTMTDyn,FigureS7A_131026_MT_ACA_AZD,,GO:0007067,GO:0005828; GO:0005694,Fbbi:00000249
6373,70-Yoshida-KTMTDyn,FigureS7A_131026_MT_ACA_control_60min,,GO:0007067,GO:0005828; GO:0005694,Fbbi:00000249
6374,70-Yoshida-KTMTDyn,FigureS7A_131026_MT_ACA_control_300min,,GO:0007067,GO:0005828; GO:0005694,Fbbi:00000249
6375,70-Yoshida-KTMTDyn,FigureS7B_140816_MT_ACA_Sycp3KO_AZD,,GO:0007067,GO:0005828; GO:0005694,Fbbi:00000249
6376,70-Yoshida-KTMTDyn,FigureS7B_140816_MT_ACA_Sycp3KO_control,,GO:0007067,GO:0005828; GO:0005694,Fbbi:00000249
6377,72-Kyogoku-CytoplasmNucDyn,Figure1B_control,,GO:0051081; GO:0007067; GO:0007028,GO:0005828; GO:0005694,Fbbi:00000249
6378,72-Kyogoku-CytoplasmNucDyn,Figure1B_control_EGFP,,GO:0051081; GO:0007067; GO:0007028,GO:0005828; GO:0005694,Fbbi:00000249
6379,72-Kyogoku-CytoplasmNucDyn,Figure1B_Doubled_cytoplasmic,,GO:0051081; GO:0007067; GO:0007028,GO:0005828; GO:0005694,Fbbi:00000249
6380,72-Kyogoku-CytoplasmNucDyn,Figure1B_Doubled_cytoplasmic_EGFP,,GO:0051081; GO:0007067; GO:0007028,GO:0005828; GO:0005694,Fbbi:00000249
6381,72-Kyogoku-CytoplasmNucDyn,Figure1B_Half_cytoplasmic,,GO:0051081; GO:0007067; GO:0007028,GO:0005828; GO:0005694,Fbbi:00000249
6382,72-Kyogoku-CytoplasmNucDyn,Figure1B_Half_cytoplasmic_EGFP,,GO:0051081; GO:0007067; GO:0007028,GO:0005828; GO:0005694,Fbbi:00000249
6383,72-Kyogoku-CytoplasmNucDyn,Figure1C_2013_12_19,,GO:0051081; GO:0007067; GO:0007028,GO:0005828; GO:0005694,Fbbi:00000249
6384,72-Kyogoku-CytoplasmNucDyn,Figure1C_2014_1_31,,GO:0051081; GO:0007067; GO:0007028,GO:0005828; GO:0005694,Fbbi:00000249
6385,72-Kyogoku-CytoplasmNucDyn,Figure1C_2014_3_19,,GO:0051081; GO:0007067; GO:0007028,GO:0005828; GO:0005694,Fbbi:00000249
6386,72-Kyogoku-CytoplasmNucDyn,Figure1C_2014_4_2,,GO:0051081; GO:0007067; GO:0007028,GO:0005828; GO:0005694,Fbbi:00000249
6387,72-Kyogoku-CytoplasmNucDyn,Figure2B_2015_8_6,,GO:0051081; GO:0007067; GO:0007028,GO:0005828; GO:0005694,Fbbi:00000249
6388,72-Kyogoku-CytoplasmNucDyn,Figure2B_2015_8_10,,GO:0051081; GO:0007067; GO:0007028,GO:0005828; GO:0005694,Fbbi:00000249
6389,72-Kyogoku-CytoplasmNucDyn,Figure2B_2015_8_13,,GO:0051081; GO:0007067; GO:0007028,GO:0005828; GO:0005694,Fbbi:00000249
6390,72-Kyogoku-CytoplasmNucDyn,Figure2B_Halved_After_NEBD,,GO:0051081; GO:0007067; GO:0007028,GO:0005828; GO:0005694,Fbbi:00000249
6391,72-Kyogoku-CytoplasmNucDyn,Figure2B_Halved_Before_NEBD,,GO:0051081; GO:0007067; GO:0007028,GO:0005828; GO:0005694,Fbbi:00000249
6392,72-Kyogoku-CytoplasmNucDyn,Figure2C_2015_11_20_after,,GO:0051081; GO:0007067; GO:0007028,GO:0005828; GO:0005694,Fbbi:00000249
6393,72-Kyogoku-CytoplasmNucDyn,Figure2C_2015_11_20_before,,GO:0051081; GO:0007067; GO:0007028,GO:0005828; GO:0005694,Fbbi:00000249
6394,72-Kyogoku-CytoplasmNucDyn,Figure2D_2015_11_17,,GO:0051081; GO:0007067; GO:0007028,GO:0005828; GO:0005694,Fbbi:00000249
6395,72-Kyogoku-CytoplasmNucDyn,Figure2D_2015_11_18,,GO:0051081; GO:0007067; GO:0007028,GO:0005828; GO:0005694,Fbbi:00000249
6396,72-Kyogoku-CytoplasmNucDyn,Figure2D_2015_11_18_after,,GO:0051081; GO:0007067; GO:0007028,GO:0005828; GO:0005694,Fbbi:00000249
6397,72-Kyogoku-CytoplasmNucDyn,Figure2D_2015_11_18_before,,GO:0051081; GO:0007067; GO:0007028,GO:0005828; GO:0005694,Fbbi:00000249
6398,72-Kyogoku-CytoplasmNucDyn,Figure2D_2015_11_20,,GO:0051081; GO:0007067; GO:0007028,GO:0005828; GO:0005694,Fbbi:00000249
6399,72-Kyogoku-CytoplasmNucDyn,Figure2D_2015_12_9,,GO:0051081; GO:0007067; GO:0007028,GO:0005828; GO:0005694,Fbbi:00000249
6400,72-Kyogoku-CytoplasmNucDyn,Figure2D_2015_12_9_after,,GO:0051081; GO:0007067; GO:0007028,GO:0005828; GO:0005694,Fbbi:00000249
6401,72-Kyogoku-CytoplasmNucDyn,Figure2D_2015_12_9_before,,GO:0051081; GO:0007067; GO:0007028,GO:0005828; GO:0005694,Fbbi:00000249
6402,72-Kyogoku-CytoplasmNucDyn,Figure2D_2016_2_10,,GO:0051081; GO:0007067; GO:0007028,GO:0005828; GO:0005694,Fbbi:00000249
6403,72-Kyogoku-CytoplasmNucDyn,Figure2D_2016_2_17,,GO:0051081; GO:0007067; GO:0007028,GO:0005828; GO:0005694,Fbbi:00000249
6404,72-Kyogoku-CytoplasmNucDyn,Figure3A_doubled,,GO:0051081; GO:0007067; GO:0007028,GO:0005828; GO:0005694,Fbbi:00000249
6405,72-Kyogoku-CytoplasmNucDyn,Figure3A_EFcontrol,,GO:0051081; GO:0007067; GO:0007028,GO:0005828; GO:0005694,Fbbi:00000249
6406,72-Kyogoku-CytoplasmNucDyn,Figure3A_Half,,GO:0051081; GO:0007067; GO:0007028,GO:0005828; GO:0005694,Fbbi:00000249
6407,72-Kyogoku-CytoplasmNucDyn,Figure3BC_2015_12_10_2,,GO:0051081; GO:0007067; GO:0007028,GO:0005828; GO:0005694,Fbbi:00000249
6408,72-Kyogoku-CytoplasmNucDyn,Figure3BC_2015_12_16,,GO:0051081; GO:0007067; GO:0007028,GO:0005828; GO:0005694,Fbbi:00000249
6409,72-Kyogoku-CytoplasmNucDyn,Figure3BC_2015_12_18,,GO:0051081; GO:0007067; GO:0007028,GO:0005828; GO:0005694,Fbbi:00000249
6410,72-Kyogoku-CytoplasmNucDyn,Figure3BC_2016_1_4,,GO:0051081; GO:0007067; GO:0007028,GO:0005828; GO:0005694,Fbbi:00000249
6411,72-Kyogoku-CytoplasmNucDyn,Figure3BC_2016_1_5,,GO:0051081; GO:0007067; GO:0007028,GO:0005828; GO:0005694,Fbbi:00000249
6412,72-Kyogoku-CytoplasmNucDyn,Figure3BC_2016_1_6,,GO:0051081; GO:0007067; GO:0007028,GO:0005828; GO:0005694,Fbbi:00000249
6413,72-Kyogoku-CytoplasmNucDyn,Figure3BC_Double_20151220_L1_MTOC,,GO:0051081; GO:0007067; GO:0007028,GO:0005828; GO:0005694,Fbbi:00000249
6414,72-Kyogoku-CytoplasmNucDyn,Figure3BC_Double_20151220_L3_MTOC,,GO:0051081; GO:0007067; GO:0007028,GO:0005828; GO:0005694,Fbbi:00000249
6415,72-Kyogoku-CytoplasmNucDyn,Figure3BC_Double_20151220_L4_MTOC,,GO:0051081; GO:0007067; GO:0007028,GO:0005828; GO:0005694,Fbbi:00000249
6416,72-Kyogoku-CytoplasmNucDyn,Figure3BC_Double_20151220_L5_MTOC,,GO:0051081; GO:0007067; GO:0007028,GO:0005828; GO:0005694,Fbbi:00000249
6417,72-Kyogoku-CytoplasmNucDyn,Figure3BC_Double_20151220_L6_MTOC,,GO:0051081; GO:0007067; GO:0007028,GO:0005828; GO:0005694,Fbbi:00000249
6418,72-Kyogoku-CytoplasmNucDyn,Figure3BC_Double_20151220_L7,,GO:0051081; GO:0007067; GO:0007028,GO:0005828; GO:0005694,Fbbi:00000249
6419,72-Kyogoku-CytoplasmNucDyn,Figure3BC_Double_20151220_L10_MTOC,,GO:0051081; GO:0007067; GO:0007028,GO:0005828; GO:0005694,Fbbi:00000249
6420,72-Kyogoku-CytoplasmNucDyn,Figure3BC_Double_20151220_L11_MTOC,,GO:0051081; GO:0007067; GO:0007028,GO:0005828; GO:0005694,Fbbi:00000249
6421,72-Kyogoku-CytoplasmNucDyn,Figure3BC_Double_20151220_L12_MTOC,,GO:0051081; GO:0007067; GO:0007028,GO:0005828; GO:0005694,Fbbi:00000249
6422,72-Kyogoku-CytoplasmNucDyn,Figure3BC_Double_20151220_L13_MTOC,,GO:0051081; GO:0007067; GO:0007028,GO:0005828; GO:0005694,Fbbi:00000249
6423,72-Kyogoku-CytoplasmNucDyn,Figure3BC_Double_20151220_L14_MTOC,,GO:0051081; GO:0007067; GO:0007028,GO:0005828; GO:0005694,Fbbi:00000249
6424,72-Kyogoku-CytoplasmNucDyn,Figure5D_KTtracking_2016_2_23,,GO:0051081; GO:0007067; GO:0007028,GO:0005828; GO:0005694,Fbbi:00000249
6425,72-Kyogoku-CytoplasmNucDyn,Figure5D_KTtracking_2016_2_25,,GO:0051081; GO:0007067; GO:0007028,GO:0005828; GO:0005694,Fbbi:00000249
6426,72-Kyogoku-CytoplasmNucDyn,Figure5D_KTtracking_2016_5_27,,GO:0051081; GO:0007067; GO:0007028,GO:0005828; GO:0005694,Fbbi:00000249
6427,72-Kyogoku-CytoplasmNucDyn,Figure5D_KTtracking_2016_5_30,,GO:0051081; GO:0007067; GO:0007028,GO:0005828; GO:0005694,Fbbi:00000249
6428,72-Kyogoku-CytoplasmNucDyn,Figure5D_KTtracking_20160223_L19_con1,,GO:0051081; GO:0007067; GO:0007028,GO:0005828; GO:0005694,Fbbi:00000249
6429,72-Kyogoku-CytoplasmNucDyn,Figure5D_KTtracking_20160223_L19_con2,,GO:0051081; GO:0007067; GO:0007028,GO:0005828; GO:0005694,Fbbi:00000249
6430,72-Kyogoku-CytoplasmNucDyn,Figure5D_KTtracking_20160223_L19_con3,,GO:0051081; GO:0007067; GO:0007028,GO:0005828; GO:0005694,Fbbi:00000249
6431,72-Kyogoku-CytoplasmNucDyn,Figure5D_KTtracking_20160223_L19_con4,,GO:0051081; GO:0007067; GO:0007028,GO:0005828; GO:0005694,Fbbi:00000249
6432,72-Kyogoku-CytoplasmNucDyn,Figure5D_KTtracking_20160223_L19_con5,,GO:0051081; GO:0007067; GO:0007028,GO:0005828; GO:0005694,Fbbi:00000249
6433,72-Kyogoku-CytoplasmNucDyn,Figure5D_KTtracking_20160223_L23_con1,,GO:0051081; GO:0007067; GO:0007028,GO:0005828; GO:0005694,Fbbi:00000249
6434,72-Kyogoku-CytoplasmNucDyn,Figure5D_KTtracking_20160223_L23_con2,,GO:0051081; GO:0007067; GO:0007028,GO:0005828; GO:0005694,Fbbi:00000249
6435,72-Kyogoku-CytoplasmNucDyn,Figure5D_KTtracking_20160223_L23_con3,,GO:0051081; GO:0007067; GO:0007028,GO:0005828; GO:0005694,Fbbi:00000249
6436,72-Kyogoku-CytoplasmNucDyn,Figure5D_KTtracking_20160223_L23_con4,,GO:0051081; GO:0007067; GO:0007028,GO:0005828; GO:0005694,Fbbi:00000249
6437,72-Kyogoku-CytoplasmNucDyn,Figure5D_KTtracking_20160223_L23_con5,,GO:0051081; GO:0007067; GO:0007028,GO:0005828; GO:0005694,Fbbi:00000249
6438,72-Kyogoku-CytoplasmNucDyn,Figure5D_KTtracking_20160223_L24_con1,,GO:0051081; GO:0007067; GO:0007028,GO:0005828; GO:0005694,Fbbi:00000249
6439,72-Kyogoku-CytoplasmNucDyn,Figure5D_KTtracking_20160223_L24_con2,,GO:0051081; GO:0007067; GO:0007028,GO:0005828; GO:0005694,Fbbi:00000249
6440,72-Kyogoku-CytoplasmNucDyn,Figure5D_KTtracking_20160223_L24_con3,,GO:0051081; GO:0007067; GO:0007028,GO:0005828; GO:0005694,Fbbi:00000249
6441,72-Kyogoku-CytoplasmNucDyn,Figure5D_KTtracking_20160223_L24_con4,,GO:0051081; GO:0007067; GO:0007028,GO:0005828; GO:0005694,Fbbi:00000249
6442,72-Kyogoku-CytoplasmNucDyn,Figure5D_KTtracking_doubled,,GO:0051081; GO:0007067; GO:0007028,GO:0005828; GO:0005694,Fbbi:00000249
6443,72-Kyogoku-CytoplasmNucDyn,Figure5D_KTtracking_doubled_EFcon_con1,,GO:0051081; GO:0007067; GO:0007028,GO:0005828; GO:0005694,Fbbi:00000249
6444,72-Kyogoku-CytoplasmNucDyn,Figure5D_KTtracking_doubled_EFcon_con2,,GO:0051081; GO:0007067; GO:0007028,GO:0005828; GO:0005694,Fbbi:00000249
6445,72-Kyogoku-CytoplasmNucDyn,Figure5D_KTtracking_doubled_EFcon_con3,,GO:0051081; GO:0007067; GO:0007028,GO:0005828; GO:0005694,Fbbi:00000249
6446,72-Kyogoku-CytoplasmNucDyn,Figure5D_KTtracking_doubled_EFcon_con4,,GO:0051081; GO:0007067; GO:0007028,GO:0005828; GO:0005694,Fbbi:00000249
6447,72-Kyogoku-CytoplasmNucDyn,Figure5D_KTtracking_doubled_L2_con1,,GO:0051081; GO:0007067; GO:0007028,GO:0005828; GO:0005694,Fbbi:00000249
6448,72-Kyogoku-CytoplasmNucDyn,Figure5D_KTtracking_doubled_L2_con2,,GO:0051081; GO:0007067; GO:0007028,GO:0005828; GO:0005694,Fbbi:00000249
6449,72-Kyogoku-CytoplasmNucDyn,Figure5D_KTtracking_doubled_L2_con3,,GO:0051081; GO:0007067; GO:0007028,GO:0005828; GO:0005694,Fbbi:00000249
6450,72-Kyogoku-CytoplasmNucDyn,Figure5D_KTtracking_doubled_L2_con4,,GO:0051081; GO:0007067; GO:0007028,GO:0005828; GO:0005694,Fbbi:00000249
6451,72-Kyogoku-CytoplasmNucDyn,Figure5D_KTtracking_Half_20160223_L2_con1,,GO:0051081; GO:0007067; GO:0007028,GO:0005828; GO:0005694,Fbbi:00000249
6452,72-Kyogoku-CytoplasmNucDyn,Figure5D_KTtracking_Half_20160223_L2_con2,,GO:0051081; GO:0007067; GO:0007028,GO:0005828; GO:0005694,Fbbi:00000249
6453,72-Kyogoku-CytoplasmNucDyn,Figure5D_KTtracking_Half_20160223_L2_con3,,GO:0051081; GO:0007067; GO:0007028,GO:0005828; GO:0005694,Fbbi:00000249
6454,72-Kyogoku-CytoplasmNucDyn,Figure5D_KTtracking_Half_20160223_L2_con4,,GO:0051081; GO:0007067; GO:0007028,GO:0005828; GO:0005694,Fbbi:00000249
6455,72-Kyogoku-CytoplasmNucDyn,Figure5D_KTtracking_Half_20160223_L9_con1,,GO:0051081; GO:0007067; GO:0007028,GO:0005828; GO:0005694,Fbbi:00000249
6456,72-Kyogoku-CytoplasmNucDyn,Figure5D_KTtracking_Half_20160223_L9_con2,,GO:0051081; GO:0007067; GO:0007028,GO:0005828; GO:0005694,Fbbi:00000249
6457,72-Kyogoku-CytoplasmNucDyn,Figure5D_KTtracking_Half_20160223_L9_con3,,GO:0051081; GO:0007067; GO:0007028,GO:0005828; GO:0005694,Fbbi:00000249
6458,72-Kyogoku-CytoplasmNucDyn,Figure5D_KTtracking_Half_20160223_L9_con4,,GO:0051081; GO:0007067; GO:0007028,GO:0005828; GO:0005694,Fbbi:00000249
6459,72-Kyogoku-CytoplasmNucDyn,Figure5D_KTtracking_Half_20160223_L10_con1,,GO:0051081; GO:0007067; GO:0007028,GO:0005828; GO:0005694,Fbbi:00000249
6460,72-Kyogoku-CytoplasmNucDyn,Figure5D_KTtracking_misalign_20160225_L2_con2,,GO:0051081; GO:0007067; GO:0007028,GO:0005828; GO:0005694,Fbbi:00000249
6461,72-Kyogoku-CytoplasmNucDyn,Figure5D_KTtracking_misalign_20160225_L2_con3,,GO:0051081; GO:0007067; GO:0007028,GO:0005828; GO:0005694,Fbbi:00000249
6462,72-Kyogoku-CytoplasmNucDyn,Figure5D_KTtracking_misalign_20160225_L16_con2,,GO:0051081; GO:0007067; GO:0007028,GO:0005828; GO:0005694,Fbbi:00000249
6463,72-Kyogoku-CytoplasmNucDyn,Figure5D_KTtracking_misalign_20160225_L16_con3,,GO:0051081; GO:0007067; GO:0007028,GO:0005828; GO:0005694,Fbbi:00000249
6464,72-Kyogoku-CytoplasmNucDyn,Figure5D_KTtracking_misalign_20160225_L17_con2,,GO:0051081; GO:0007067; GO:0007028,GO:0005828; GO:0005694,Fbbi:00000249
6465,72-Kyogoku-CytoplasmNucDyn,Figure5D_KTtracking_misalign_20160225_L17_con3,,GO:0051081; GO:0007067; GO:0007028,GO:0005828; GO:0005694,Fbbi:00000249
6466,72-Kyogoku-CytoplasmNucDyn,Figure5D_KTtracking_misalign_20160225_L29_con2,,GO:0051081; GO:0007067; GO:0007028,GO:0005828; GO:0005694,Fbbi:00000249
6467,72-Kyogoku-CytoplasmNucDyn,Figure5D_KTtracking_misalign_20160225_L29_con3,,GO:0051081; GO:0007067; GO:0007028,GO:0005828; GO:0005694,Fbbi:00000249
6468,72-Kyogoku-CytoplasmNucDyn,Figure5D_KTtracking_misalign_20160527_L1_con1,,GO:0051081; GO:0007067; GO:0007028,GO:0005828; GO:0005694,Fbbi:00000249
6469,72-Kyogoku-CytoplasmNucDyn,Figure5D_KTtracking_misalign_20160527_L1_con2,,GO:0051081; GO:0007067; GO:0007028,GO:0005828; GO:0005694,Fbbi:00000249
6470,72-Kyogoku-CytoplasmNucDyn,Figure5D_KTtracking_misalign_20160527_L1_con3,,GO:0051081; GO:0007067; GO:0007028,GO:0005828; GO:0005694,Fbbi:00000249
6471,72-Kyogoku-CytoplasmNucDyn,Figure5D_KTtracking_misalign_20160527_L1_con4,,GO:0051081; GO:0007067; GO:0007028,GO:0005828; GO:0005694,Fbbi:00000249
6472,72-Kyogoku-CytoplasmNucDyn,Figure5D_KTtracking_misalign_20160527_L3_con1,,GO:0051081; GO:0007067; GO:0007028,GO:0005828; GO:0005694,Fbbi:00000249
6473,72-Kyogoku-CytoplasmNucDyn,Figure5D_KTtracking_misalign_20160527_L3_con2,,GO:0051081; GO:0007067; GO:0007028,GO:0005828; GO:0005694,Fbbi:00000249
6474,72-Kyogoku-CytoplasmNucDyn,Figure5D_KTtracking_misalign_20160527_L3_con3,,GO:0051081; GO:0007067; GO:0007028,GO:0005828; GO:0005694,Fbbi:00000249
6475,72-Kyogoku-CytoplasmNucDyn,Figure5D_KTtracking_misalign_20160527_L3_con4,,GO:0051081; GO:0007067; GO:0007028,GO:0005828; GO:0005694,Fbbi:00000249
6476,72-Kyogoku-CytoplasmNucDyn,Figure5D_KTtracking_misalign_20160527_L4_con2,,GO:0051081; GO:0007067; GO:0007028,GO:0005828; GO:0005694,Fbbi:00000249
6477,72-Kyogoku-CytoplasmNucDyn,Figure5D_KTtracking_misalign_20160527_L4_con3,,GO:0051081; GO:0007067; GO:0007028,GO:0005828; GO:0005694,Fbbi:00000249
6478,72-Kyogoku-CytoplasmNucDyn,Figure5D_KTtracking_misalign_20160527_L5_con2,,GO:0051081; GO:0007067; GO:0007028,GO:0005828; GO:0005694,Fbbi:00000249
6479,72-Kyogoku-CytoplasmNucDyn,Figure5D_KTtracking_misalign_20160527_L5_con3,,GO:0051081; GO:0007067; GO:0007028,GO:0005828; GO:0005694,Fbbi:00000249
6480,72-Kyogoku-CytoplasmNucDyn,Figure5D_KTtracking_misalign_20160527_L6_con2,,GO:0051081; GO:0007067; GO:0007028,GO:0005828; GO:0005694,Fbbi:00000249
6481,72-Kyogoku-CytoplasmNucDyn,Figure5D_KTtracking_misalign_20160527_L6_con3,,GO:0051081; GO:0007067; GO:0007028,GO:0005828; GO:0005694,Fbbi:00000249
6482,72-Kyogoku-CytoplasmNucDyn,Figure5D_KTtracking_misalign_20160527_L7_con3,,GO:0051081; GO:0007067; GO:0007028,GO:0005828; GO:0005694,Fbbi:00000249
6483,72-Kyogoku-CytoplasmNucDyn,Figure5D_KTtracking_misalign_20160527_L7_con4,,GO:0051081; GO:0007067; GO:0007028,GO:0005828; GO:0005694,Fbbi:00000249
6484,72-Kyogoku-CytoplasmNucDyn,Figure5D_KTtracking_misalign_20160527_L9_con1,,GO:0051081; GO:0007067; GO:0007028,GO:0005828; GO:0005694,Fbbi:00000249
6485,72-Kyogoku-CytoplasmNucDyn,Figure5D_KTtracking_misalign_20160527_L9_con2,,GO:0051081; GO:0007067; GO:0007028,GO:0005828; GO:0005694,Fbbi:00000249
6486,72-Kyogoku-CytoplasmNucDyn,Figure5D_KTtracking_misalign_20160527_L9_con3,,GO:0051081; GO:0007067; GO:0007028,GO:0005828; GO:0005694,Fbbi:00000249
6487,72-Kyogoku-CytoplasmNucDyn,Figure5D_KTtracking_misalign_20160527_L9_con4,,GO:0051081; GO:0007067; GO:0007028,GO:0005828; GO:0005694,Fbbi:00000249
6488,72-Kyogoku-CytoplasmNucDyn,Figure5D_KTtracking_misalign_20160530_L3_con2,,GO:0051081; GO:0007067; GO:0007028,GO:0005828; GO:0005694,Fbbi:00000249
6489,72-Kyogoku-CytoplasmNucDyn,Figure5D_KTtracking_misalign_20160530_L3_con3,,GO:0051081; GO:0007067; GO:0007028,GO:0005828; GO:0005694,Fbbi:00000249
6490,72-Kyogoku-CytoplasmNucDyn,Figure5D_KTtracking_misalign_20160530_L3_con4,,GO:0051081; GO:0007067; GO:0007028,GO:0005828; GO:0005694,Fbbi:00000249
6491,72-Kyogoku-CytoplasmNucDyn,Figure6A_2014_1_23,,GO:0051081; GO:0007067; GO:0007028,GO:0005828; GO:0005694,Fbbi:00000249
6492,72-Kyogoku-CytoplasmNucDyn,Figure6A_2014_2_24,,GO:0051081; GO:0007067; GO:0007028,GO:0005828; GO:0005694,Fbbi:00000249
6493,72-Kyogoku-CytoplasmNucDyn,Figure6A_2014_2_24_2,,GO:0051081; GO:0007067; GO:0007028,GO:0005828; GO:0005694,Fbbi:00000249
6494,72-Kyogoku-CytoplasmNucDyn,Figure6A_2014_6_25,,GO:0051081; GO:0007067; GO:0007028,GO:0005828; GO:0005694,Fbbi:00000249
6495,72-Kyogoku-CytoplasmNucDyn,Figure6A_2014_8_11,,GO:0051081; GO:0007067; GO:0007028,GO:0005828; GO:0005694,Fbbi:00000249
6496,72-Kyogoku-CytoplasmNucDyn,Figure6A_2014_8_11_2,,GO:0051081; GO:0007067; GO:0007028,GO:0005828; GO:0005694,Fbbi:00000249
6497,72-Kyogoku-CytoplasmNucDyn,Figure6A_2014_8_13,,GO:0051081; GO:0007067; GO:0007028,GO:0005828; GO:0005694,Fbbi:00000249
6498,72-Kyogoku-CytoplasmNucDyn,Figure6A_2015_6_25,,GO:0051081; GO:0007067; GO:0007028,GO:0005828; GO:0005694,Fbbi:00000249
6499,72-Kyogoku-CytoplasmNucDyn,Figure6C_2015_7_22_1,,GO:0051081; GO:0007067; GO:0007028,GO:0005828; GO:0005694,Fbbi:00000249
6500,72-Kyogoku-CytoplasmNucDyn,Figure6C_2015_7_22_2,,GO:0051081; GO:0007067; GO:0007028,GO:0005828; GO:0005694,Fbbi:00000249
6501,72-Kyogoku-CytoplasmNucDyn,Figure6C_2015_7_23_1,,GO:0051081; GO:0007067; GO:0007028,GO:0005828; GO:0005694,Fbbi:00000249
6502,72-Kyogoku-CytoplasmNucDyn,Figure6C_2015_7_23_2,,GO:0051081; GO:0007067; GO:0007028,GO:0005828; GO:0005694,Fbbi:00000249
6503,72-Kyogoku-CytoplasmNucDyn,Figure6C_2015_7_31_1,,GO:0051081; GO:0007067; GO:0007028,GO:0005828; GO:0005694,Fbbi:00000249
6504,72-Kyogoku-CytoplasmNucDyn,Figure6C_2015_7_31_2,,GO:0051081; GO:0007067; GO:0007028,GO:0005828; GO:0005694,Fbbi:00000249
6505,72-Kyogoku-CytoplasmNucDyn,Figure6C_2015_8_3_1,,GO:0051081; GO:0007067; GO:0007028,GO:0005828; GO:0005694,Fbbi:00000249
6506,72-Kyogoku-CytoplasmNucDyn,Figure6C_2015_8_3_2,,GO:0051081; GO:0007067; GO:0007028,GO:0005828; GO:0005694,Fbbi:00000249
6507,72-Kyogoku-CytoplasmNucDyn,Figure6C_2015_8_14_1,,GO:0051081; GO:0007067; GO:0007028,GO:0005828; GO:0005694,Fbbi:00000249
6508,72-Kyogoku-CytoplasmNucDyn,Figure6C_2015_8_14_2,,GO:0051081; GO:0007067; GO:0007028,GO:0005828; GO:0005694,Fbbi:00000249
6509,72-Kyogoku-CytoplasmNucDyn,Figure6C_2015_8_20_1,,GO:0051081; GO:0007067; GO:0007028,GO:0005828; GO:0005694,Fbbi:00000249
6510,72-Kyogoku-CytoplasmNucDyn,Figure6C_2015_8_20_2,,GO:0051081; GO:0007067; GO:0007028,GO:0005828; GO:0005694,Fbbi:00000249
6511,72-Kyogoku-CytoplasmNucDyn,Figure6D_2016_10_27_control,,GO:0051081; GO:0007067; GO:0007028,GO:0005828; GO:0005694,Fbbi:00000246
6512,72-Kyogoku-CytoplasmNucDyn,Figure6D_2016_10_27_Half,,GO:0051081; GO:0007067; GO:0007028,GO:0005828; GO:0005694,Fbbi:00000246
6513,72-Kyogoku-CytoplasmNucDyn,Figure6D_2016_10_28_EFcontrol,,GO:0051081; GO:0007067; GO:0007028,GO:0005828; GO:0005694,Fbbi:00000246
6514,72-Kyogoku-CytoplasmNucDyn,Figure6D_2016_10_28_Giant,,GO:0051081; GO:0007067; GO:0007028,GO:0005828; GO:0005694,Fbbi:00000246
6515,72-Kyogoku-CytoplasmNucDyn,Figure6D_2016_10_31_C-Mad2_control_1,,GO:0051081; GO:0007067; GO:0007028,GO:0005828; GO:0005694,Fbbi:00000246
6516,72-Kyogoku-CytoplasmNucDyn,Figure6D_2016_10_31_C-Mad2_control_2,,GO:0051081; GO:0007067; GO:0007028,GO:0005828; GO:0005694,Fbbi:00000246
6517,72-Kyogoku-CytoplasmNucDyn,Figure6D_2016_10_31_C-Mad2_Half_1,,GO:0051081; GO:0007067; GO:0007028,GO:0005828; GO:0005694,Fbbi:00000246
6518,72-Kyogoku-CytoplasmNucDyn,Figure6D_2016_10_31_C-Mad2_Half_2,,GO:0051081; GO:0007067; GO:0007028,GO:0005828; GO:0005694,Fbbi:00000246
6519,72-Kyogoku-CytoplasmNucDyn,Figure6D_2016_11_03_C-Mad2_EFcontrol,,GO:0051081; GO:0007067; GO:0007028,GO:0005828; GO:0005694,Fbbi:00000246
6520,72-Kyogoku-CytoplasmNucDyn,Figure6D_2016_11_03_C-Mad2_Giant,,GO:0051081; GO:0007067; GO:0007028,GO:0005828; GO:0005694,Fbbi:00000246
6521,72-Kyogoku-CytoplasmNucDyn,Figure6D_2016_11_16_C-Mad2_EFcontrol,,GO:0051081; GO:0007067; GO:0007028,GO:0005828; GO:0005694,Fbbi:00000246
6522,72-Kyogoku-CytoplasmNucDyn,Figure6D_2016_11_16_C-Mad2_Giant,,GO:0051081; GO:0007067; GO:0007028,GO:0005828; GO:0005694,Fbbi:00000246
6523,72-Kyogoku-CytoplasmNucDyn,Figure6D_2016_11_17_C-Mad2_EFcontrol,,GO:0051081; GO:0007067; GO:0007028,GO:0005828; GO:0005694,Fbbi:00000246
6524,72-Kyogoku-CytoplasmNucDyn,Figure6D_2016_11_17_C-Mad2_Giant,,GO:0051081; GO:0007067; GO:0007028,GO:0005828; GO:0005694,Fbbi:00000246
6525,72-Kyogoku-CytoplasmNucDyn,Figure6E_2016_02_22_con_1_5h,,GO:0051081; GO:0007067; GO:0007028,GO:0005828; GO:0005694,Fbbi:00000246
6526,72-Kyogoku-CytoplasmNucDyn,Figure6E_2016_02_22_con_2_5h,,GO:0051081; GO:0007067; GO:0007028,GO:0005828; GO:0005694,Fbbi:00000246
6527,72-Kyogoku-CytoplasmNucDyn,Figure6E_2016_02_22_half_1_5h,,GO:0051081; GO:0007067; GO:0007028,GO:0005828; GO:0005694,Fbbi:00000246
6528,72-Kyogoku-CytoplasmNucDyn,Figure6E_2016_02_22_half_2_5h,,GO:0051081; GO:0007067; GO:0007028,GO:0005828; GO:0005694,Fbbi:00000246
6529,72-Kyogoku-CytoplasmNucDyn,Figure6E_2016_02_24_EFcon_3_5h,,GO:0051081; GO:0007067; GO:0007028,GO:0005828; GO:0005694,Fbbi:00000246
6530,72-Kyogoku-CytoplasmNucDyn,Figure6E_2016_02_24_EFcon_3_5h_2,,GO:0051081; GO:0007067; GO:0007028,GO:0005828; GO:0005694,Fbbi:00000246
6531,72-Kyogoku-CytoplasmNucDyn,Figure6E_2016_02_24_Giant_4h,,GO:0051081; GO:0007067; GO:0007028,GO:0005828; GO:0005694,Fbbi:00000246
6532,72-Kyogoku-CytoplasmNucDyn,Figure6E_2016_02_24_Giant_4h_2,,GO:0051081; GO:0007067; GO:0007028,GO:0005828; GO:0005694,Fbbi:00000246
6533,72-Kyogoku-CytoplasmNucDyn,Figure6E_2016_02_25_control_3_5h,,GO:0051081; GO:0007067; GO:0007028,GO:0005828; GO:0005694,Fbbi:00000246
6534,72-Kyogoku-CytoplasmNucDyn,Figure6E_2016_02_25_half_3h,,GO:0051081; GO:0007067; GO:0007028,GO:0005828; GO:0005694,Fbbi:00000246
6535,72-Kyogoku-CytoplasmNucDyn,Figure6E_2016_04_08_EFcon,,GO:0051081; GO:0007067; GO:0007028,GO:0005828; GO:0005694,Fbbi:00000246
6536,72-Kyogoku-CytoplasmNucDyn,Figure6E_2016_04_08_Giant,,GO:0051081; GO:0007067; GO:0007028,GO:0005828; GO:0005694,Fbbi:00000246
6537,72-Kyogoku-CytoplasmNucDyn,Figure6E_2016_01182_con_2_5h,,GO:0051081; GO:0007067; GO:0007028,GO:0005828; GO:0005694,Fbbi:00000246
6538,72-Kyogoku-CytoplasmNucDyn,Figure6E_2016_01182_con_3_5h,,GO:0051081; GO:0007067; GO:0007028,GO:0005828; GO:0005694,Fbbi:00000246
6539,72-Kyogoku-CytoplasmNucDyn,Figure6E_2016_01182_half_2h,,GO:0051081; GO:0007067; GO:0007028,GO:0005828; GO:0005694,Fbbi:00000246
6540,72-Kyogoku-CytoplasmNucDyn,Figure6E_2016_01182_half_3h,,GO:0051081; GO:0007067; GO:0007028,GO:0005828; GO:0005694,Fbbi:00000246
6541,72-Kyogoku-CytoplasmNucDyn,Figure6G_2014_4_18,,GO:0051081; GO:0007067; GO:0007028,GO:0005828; GO:0005694,Fbbi:00000249
6542,72-Kyogoku-CytoplasmNucDyn,Figure6G_2014_4_24,,GO:0051081; GO:0007067; GO:0007028,GO:0005828; GO:0005694,Fbbi:00000249
6543,72-Kyogoku-CytoplasmNucDyn,Figure6G_2014_5_21,,GO:0051081; GO:0007067; GO:0007028,GO:0005828; GO:0005694,Fbbi:00000249
6544,72-Kyogoku-CytoplasmNucDyn,Figure6G_2014_5_29,,GO:0051081; GO:0007067; GO:0007028,GO:0005828; GO:0005694,Fbbi:00000249
6545,72-Kyogoku-CytoplasmNucDyn,Figure6G_2014_6_5,,GO:0051081; GO:0007067; GO:0007028,GO:0005828; GO:0005694,Fbbi:00000249
6546,72-Kyogoku-CytoplasmNucDyn,Figure6G_2014_11_28,,GO:0051081; GO:0007067; GO:0007028,GO:0005828; GO:0005694,Fbbi:00000249
6547,72-Kyogoku-CytoplasmNucDyn,Figure6H_2016_4_5_1,,GO:0051081; GO:0007067; GO:0007028,GO:0005828; GO:0005694,Fbbi:00000249
6548,72-Kyogoku-CytoplasmNucDyn,Figure6H_2016_4_5_2,,GO:0051081; GO:0007067; GO:0007028,GO:0005828; GO:0005694,Fbbi:00000249
6549,72-Kyogoku-CytoplasmNucDyn,Figure6H_2016_4_12_1,,GO:0051081; GO:0007067; GO:0007028,GO:0005828; GO:0005694,Fbbi:00000249
6550,72-Kyogoku-CytoplasmNucDyn,Figure6H_2016_4_12_2,,GO:0051081; GO:0007067; GO:0007028,GO:0005828; GO:0005694,Fbbi:00000249
6551,72-Kyogoku-CytoplasmNucDyn,Figure6H_2016_4_14_1,,GO:0051081; GO:0007067; GO:0007028,GO:0005828; GO:0005694,Fbbi:00000249
6552,72-Kyogoku-CytoplasmNucDyn,Figure6H_2016_4_14_2,,GO:0051081; GO:0007067; GO:0007028,GO:0005828; GO:0005694,Fbbi:00000249
6553,72-Kyogoku-CytoplasmNucDyn,Figure6H_2016_4_15_1,,GO:0051081; GO:0007067; GO:0007028,GO:0005828; GO:0005694,Fbbi:00000249
6554,72-Kyogoku-CytoplasmNucDyn,Figure6H_2016_4_15_2,,GO:0051081; GO:0007067; GO:0007028,GO:0005828; GO:0005694,Fbbi:00000249
6555,72-Kyogoku-CytoplasmNucDyn,Figure6H_2016_5_11_1,,GO:0051081; GO:0007067; GO:0007028,GO:0005828; GO:0005694,Fbbi:00000249
6556,72-Kyogoku-CytoplasmNucDyn,Figure6H_2016_5_11_2,,GO:0051081; GO:0007067; GO:0007028,GO:0005828; GO:0005694,Fbbi:00000249
6557,72-Kyogoku-CytoplasmNucDyn,Figure6H_2016_5_13_1,,GO:0051081; GO:0007067; GO:0007028,GO:0005828; GO:0005694,Fbbi:00000249
6558,72-Kyogoku-CytoplasmNucDyn,Figure6H_2016_5_13_2,,GO:0051081; GO:0007067; GO:0007028,GO:0005828; GO:0005694,Fbbi:00000249
6559,72-Kyogoku-CytoplasmNucDyn,Figure7B_2013_5_8,,GO:0051081; GO:0007067; GO:0007028,GO:0005828; GO:0005694,Fbbi:00000249
6560,72-Kyogoku-CytoplasmNucDyn,Figure7B_2013_5_8_L1_con1,,GO:0051081; GO:0007067; GO:0007028,GO:0005828; GO:0005694,Fbbi:00000249
6561,72-Kyogoku-CytoplasmNucDyn,Figure7B_2013_5_8_L1_con2,,GO:0051081; GO:0007067; GO:0007028,GO:0005828; GO:0005694,Fbbi:00000249
6562,72-Kyogoku-CytoplasmNucDyn,Figure7B_2013_5_8_L1_con3,,GO:0051081; GO:0007067; GO:0007028,GO:0005828; GO:0005694,Fbbi:00000249
6563,72-Kyogoku-CytoplasmNucDyn,Figure7B_2013_5_8_L1_con4,,GO:0051081; GO:0007067; GO:0007028,GO:0005828; GO:0005694,Fbbi:00000249
6564,72-Kyogoku-CytoplasmNucDyn,Figure7B_2013_5_8_L1_con5,,GO:0051081; GO:0007067; GO:0007028,GO:0005828; GO:0005694,Fbbi:00000249
6565,72-Kyogoku-CytoplasmNucDyn,Figure7B_2013_5_8_L1_con6,,GO:0051081; GO:0007067; GO:0007028,GO:0005828; GO:0005694,Fbbi:00000249
6566,72-Kyogoku-CytoplasmNucDyn,Figure7B_2013_5_8_L1_con7,,GO:0051081; GO:0007067; GO:0007028,GO:0005828; GO:0005694,Fbbi:00000249
6567,72-Kyogoku-CytoplasmNucDyn,Figure7B_2013_5_8_L1_con8,,GO:0051081; GO:0007067; GO:0007028,GO:0005828; GO:0005694,Fbbi:00000249
6568,72-Kyogoku-CytoplasmNucDyn,Figure7B_2013_5_8_L1_con9,,GO:0051081; GO:0007067; GO:0007028,GO:0005828; GO:0005694,Fbbi:00000249
6569,72-Kyogoku-CytoplasmNucDyn,Figure7B_2013_5_8_L1_con10,,GO:0051081; GO:0007067; GO:0007028,GO:0005828; GO:0005694,Fbbi:00000249
6570,72-Kyogoku-CytoplasmNucDyn,Figure7B_2013_5_8_L1_con11,,GO:0051081; GO:0007067; GO:0007028,GO:0005828; GO:0005694,Fbbi:00000249
6571,72-Kyogoku-CytoplasmNucDyn,Figure7B_2013_5_8_L1_con12,,GO:0051081; GO:0007067; GO:0007028,GO:0005828; GO:0005694,Fbbi:00000249
6572,72-Kyogoku-CytoplasmNucDyn,Figure7B_2013_5_8_L1_con13,,GO:0051081; GO:0007067; GO:0007028,GO:0005828; GO:0005694,Fbbi:00000249
6573,72-Kyogoku-CytoplasmNucDyn,Figure7B_2013_5_8_L1_con14,,GO:0051081; GO:0007067; GO:0007028,GO:0005828; GO:0005694,Fbbi:00000249
6574,72-Kyogoku-CytoplasmNucDyn,Figure7B_2013_5_8_L1_con15,,GO:0051081; GO:0007067; GO:0007028,GO:0005828; GO:0005694,Fbbi:00000249
6575,72-Kyogoku-CytoplasmNucDyn,Figure7B_2013_5_8_L1_con16,,GO:0051081; GO:0007067; GO:0007028,GO:0005828; GO:0005694,Fbbi:00000249
6576,72-Kyogoku-CytoplasmNucDyn,Figure7B_2013_5_8_L1_con17,,GO:0051081; GO:0007067; GO:0007028,GO:0005828; GO:0005694,Fbbi:00000249
6577,72-Kyogoku-CytoplasmNucDyn,Figure7B_2013_5_8_L1_con18,,GO:0051081; GO:0007067; GO:0007028,GO:0005828; GO:0005694,Fbbi:00000249
6578,72-Kyogoku-CytoplasmNucDyn,Figure7B_2013_6_19,,GO:0051081; GO:0007067; GO:0007028,GO:0005828; GO:0005694,Fbbi:00000249
6579,72-Kyogoku-CytoplasmNucDyn,Figure7B_2013_8_15,,GO:0051081; GO:0007067; GO:0007028,GO:0005828; GO:0005694,Fbbi:00000249
6580,72-Kyogoku-CytoplasmNucDyn,Figure7B_2013_9_17,,GO:0051081; GO:0007067; GO:0007028,GO:0005828; GO:0005694,Fbbi:00000249
6581,72-Kyogoku-CytoplasmNucDyn,Figure7B_2013_11_22,,GO:0051081; GO:0007067; GO:0007028,GO:0005828; GO:0005694,Fbbi:00000249
6582,72-Kyogoku-CytoplasmNucDyn,Figure7B_2013_11_27,,GO:0051081; GO:0007067; GO:0007028,GO:0005828; GO:0005694,Fbbi:00000249
6583,72-Kyogoku-CytoplasmNucDyn,Figure7B_2013_12_28,,GO:0051081; GO:0007067; GO:0007028,GO:0005828; GO:0005694,Fbbi:00000249
6584,72-Kyogoku-CytoplasmNucDyn,Figure7B_2014_1_18,,GO:0051081; GO:0007067; GO:0007028,GO:0005828; GO:0005694,Fbbi:00000249
6585,72-Kyogoku-CytoplasmNucDyn,Figure7B_2014_2_17,,GO:0051081; GO:0007067; GO:0007028,GO:0005828; GO:0005694,Fbbi:00000249
6586,72-Kyogoku-CytoplasmNucDyn,Figure7B_2014_2_26,,GO:0051081; GO:0007067; GO:0007028,GO:0005828; GO:0005694,Fbbi:00000249
6587,72-Kyogoku-CytoplasmNucDyn,Figure7B_2014_3_13,,GO:0051081; GO:0007067; GO:0007028,GO:0005828; GO:0005694,Fbbi:00000249
6588,72-Kyogoku-CytoplasmNucDyn,Figure7B_2014_4_3,,GO:0051081; GO:0007067; GO:0007028,GO:0005828; GO:0005694,Fbbi:00000249
6589,72-Kyogoku-CytoplasmNucDyn,Figure7B_2014_4_17,,GO:0051081; GO:0007067; GO:0007028,GO:0005828; GO:0005694,Fbbi:00000249
6590,72-Kyogoku-CytoplasmNucDyn,Figure7B_2014_5_28,,GO:0051081; GO:0007067; GO:0007028,GO:0005828; GO:0005694,Fbbi:00000249
6591,72-Kyogoku-CytoplasmNucDyn,Figure7B_2014_8_27,,GO:0051081; GO:0007067; GO:0007028,GO:0005828; GO:0005694,Fbbi:00000249
6592,72-Kyogoku-CytoplasmNucDyn,Figure7B_2016_6_6,,GO:0051081; GO:0007067; GO:0007028,GO:0005828; GO:0005694,Fbbi:00000249
6593,72-Kyogoku-CytoplasmNucDyn,Figure7B_2016_6_7,,GO:0051081; GO:0007067; GO:0007028,GO:0005828; GO:0005694,Fbbi:00000249
6594,72-Kyogoku-CytoplasmNucDyn,FigureS3A_misalign_20150926_C-Mad2_EFcon,,GO:0051081; GO:0007067; GO:0007028,GO:0005828; GO:0005694,Fbbi:00000246
6595,72-Kyogoku-CytoplasmNucDyn,FigureS3A_misalign_20150926_C-Mad2_Giant,,GO:0051081; GO:0007067; GO:0007028,GO:0005828; GO:0005694,Fbbi:00000246
6596,72-Kyogoku-CytoplasmNucDyn,FigureS3A_misalign_20150928_C-Mad2_EFcon,,GO:0051081; GO:0007067; GO:0007028,GO:0005828; GO:0005694,Fbbi:00000246
6597,72-Kyogoku-CytoplasmNucDyn,FigureS3A_misalign_20151002_C-Mad2_EFcon,,GO:0051081; GO:0007067; GO:0007028,GO:0005828; GO:0005694,Fbbi:00000246
6598,72-Kyogoku-CytoplasmNucDyn,FigureS3A_misalign_20151002_C-Mad2_Giant,,GO:0051081; GO:0007067; GO:0007028,GO:0005828; GO:0005694,Fbbi:00000246
6599,72-Kyogoku-CytoplasmNucDyn,FigureS3A_misalign_20151008_C-Mad2_EFcon,,GO:0051081; GO:0007067; GO:0007028,GO:0005828; GO:0005694,Fbbi:00000246
6600,72-Kyogoku-CytoplasmNucDyn,FigureS3A_misalign_20151008_C-Mad2_EFconGV,,GO:0051081; GO:0007067; GO:0007028,GO:0005828; GO:0005694,Fbbi:00000246
6601,72-Kyogoku-CytoplasmNucDyn,FigureS3A_misalign_20151008_C-Mad2_Giant,,GO:0051081; GO:0007067; GO:0007028,GO:0005828; GO:0005694,Fbbi:00000246
6602,72-Kyogoku-CytoplasmNucDyn,FigureS3A_misalign_20151008_C-Mad2_GiantGV,,GO:0051081; GO:0007067; GO:0007028,GO:0005828; GO:0005694,Fbbi:00000246
6603,72-Kyogoku-CytoplasmNucDyn,FigureS3A_misalign_20151021_C-Mad2_con,,GO:0051081; GO:0007067; GO:0007028,GO:0005828; GO:0005694,Fbbi:00000246
6604,72-Kyogoku-CytoplasmNucDyn,FigureS3A_misalign_20151021_C-Mad2_half,,GO:0051081; GO:0007067; GO:0007028,GO:0005828; GO:0005694,Fbbi:00000246
6605,72-Kyogoku-CytoplasmNucDyn,FigureS3A_misalign_20151024_C-Mad2_con1,,GO:0051081; GO:0007067; GO:0007028,GO:0005828; GO:0005694,Fbbi:00000246
6606,72-Kyogoku-CytoplasmNucDyn,FigureS3A_misalign_20151024_C-Mad2_con2,,GO:0051081; GO:0007067; GO:0007028,GO:0005828; GO:0005694,Fbbi:00000246
6607,72-Kyogoku-CytoplasmNucDyn,FigureS3A_misalign_20151024_C-Mad2_half1,,GO:0051081; GO:0007067; GO:0007028,GO:0005828; GO:0005694,Fbbi:00000246
6608,72-Kyogoku-CytoplasmNucDyn,FigureS3A_misalign_20151024_C-Mad2_half2,,GO:0051081; GO:0007067; GO:0007028,GO:0005828; GO:0005694,Fbbi:00000246
6609,72-Kyogoku-CytoplasmNucDyn,FigureS3A_misalign_20151209_C-Mad2_con,,GO:0051081; GO:0007067; GO:0007028,GO:0005828; GO:0005694,Fbbi:00000246
6610,72-Kyogoku-CytoplasmNucDyn,FigureS3A_misalign_20151209_C-Mad2_half,,GO:0051081; GO:0007067; GO:0007028,GO:0005828; GO:0005694,Fbbi:00000246
6611,72-Kyogoku-CytoplasmNucDyn,FigureS3A_misalign_20151210_C-Mad2_con,,GO:0051081; GO:0007067; GO:0007028,GO:0005828; GO:0005694,Fbbi:00000246
6612,72-Kyogoku-CytoplasmNucDyn,FigureS3A_misalign_20151210_C-Mad2_half,,GO:0051081; GO:0007067; GO:0007028,GO:0005828; GO:0005694,Fbbi:00000246
6613,72-Kyogoku-CytoplasmNucDyn,FigureS3A_misalign_20151221_C-Mad2_EFcon,,GO:0051081; GO:0007067; GO:0007028,GO:0005828; GO:0005694,Fbbi:00000246
6614,72-Kyogoku-CytoplasmNucDyn,FigureS3A_misalign_20151221_C-Mad2_Giant,,GO:0051081; GO:0007067; GO:0007028,GO:0005828; GO:0005694,Fbbi:00000246
6615,72-Kyogoku-CytoplasmNucDyn,FigureS3A_misalign_20160222_C-Mad2_con1_5h,,GO:0051081; GO:0007067; GO:0007028,GO:0005828; GO:0005694,Fbbi:00000246
6616,72-Kyogoku-CytoplasmNucDyn,FigureS3A_misalign_20160222_C-Mad2_con2_5h,,GO:0051081; GO:0007067; GO:0007028,GO:0005828; GO:0005694,Fbbi:00000246
6617,72-Kyogoku-CytoplasmNucDyn,FigureS3A_misalign_20160222_C-Mad2_half1_5h,,GO:0051081; GO:0007067; GO:0007028,GO:0005828; GO:0005694,Fbbi:00000246
6618,72-Kyogoku-CytoplasmNucDyn,FigureS3A_misalign_20160222_C-Mad2_half2_5h,,GO:0051081; GO:0007067; GO:0007028,GO:0005828; GO:0005694,Fbbi:00000246
6619,72-Kyogoku-CytoplasmNucDyn,FigureS3A_misalign_20160224_C-Mad2_EFcon1,,GO:0051081; GO:0007067; GO:0007028,GO:0005828; GO:0005694,Fbbi:00000246
6620,72-Kyogoku-CytoplasmNucDyn,FigureS3A_misalign_20160224_C-Mad2_EFcon2,,GO:0051081; GO:0007067; GO:0007028,GO:0005828; GO:0005694,Fbbi:00000246
6621,72-Kyogoku-CytoplasmNucDyn,FigureS3A_misalign_20160224_C-Mad2_Giant,,GO:0051081; GO:0007067; GO:0007028,GO:0005828; GO:0005694,Fbbi:00000246
6622,72-Kyogoku-CytoplasmNucDyn,FigureS3A_misalign_20160224_C-Mad2_Giant2,,GO:0051081; GO:0007067; GO:0007028,GO:0005828; GO:0005694,Fbbi:00000246
6623,72-Kyogoku-CytoplasmNucDyn,FigureS3A_misalign_20160225_C-Mad2_con3_5h,,GO:0051081; GO:0007067; GO:0007028,GO:0005828; GO:0005694,Fbbi:00000246
6624,72-Kyogoku-CytoplasmNucDyn,FigureS3A_misalign_20160225_C-Mad2_half3h,,GO:0051081; GO:0007067; GO:0007028,GO:0005828; GO:0005694,Fbbi:00000246
6625,72-Kyogoku-CytoplasmNucDyn,FigureS3A_misalign_20160321_ACA_con,,GO:0051081; GO:0007067; GO:0007028,GO:0005828; GO:0005694,Fbbi:00000246
6626,72-Kyogoku-CytoplasmNucDyn,FigureS3A_misalign_20160321_ACA_half,,GO:0051081; GO:0007067; GO:0007028,GO:0005828; GO:0005694,Fbbi:00000246
6627,72-Kyogoku-CytoplasmNucDyn,FigureS3A_misalign_20160408_C-Mad2_EFcon,,GO:0051081; GO:0007067; GO:0007028,GO:0005828; GO:0005694,Fbbi:00000246
6628,72-Kyogoku-CytoplasmNucDyn,FigureS3A_misalign_20160408_C-Mad2_EFcon_GV,,GO:0051081; GO:0007067; GO:0007028,GO:0005828; GO:0005694,Fbbi:00000246
6629,72-Kyogoku-CytoplasmNucDyn,FigureS3A_misalign_20160408_C-Mad2_Giant,,GO:0051081; GO:0007067; GO:0007028,GO:0005828; GO:0005694,Fbbi:00000246
6630,72-Kyogoku-CytoplasmNucDyn,FigureS3A_misalign_20160408_C-Mad2_Giant_GV,,GO:0051081; GO:0007067; GO:0007028,GO:0005828; GO:0005694,Fbbi:00000246
6631,72-Kyogoku-CytoplasmNucDyn,FigureS3A_misalign_20160429_ACA_con,,GO:0051081; GO:0007067; GO:0007028,GO:0005828; GO:0005694,Fbbi:00000246
6632,72-Kyogoku-CytoplasmNucDyn,FigureS3A_misalign_20160429_ACA_half,,GO:0051081; GO:0007067; GO:0007028,GO:0005828; GO:0005694,Fbbi:00000246
6633,72-Kyogoku-CytoplasmNucDyn,FigureS3A_misalign_20160509_ACA_EFcon,,GO:0051081; GO:0007067; GO:0007028,GO:0005828; GO:0005694,Fbbi:00000246
6634,72-Kyogoku-CytoplasmNucDyn,FigureS3A_misalign_20160509_ACA_Giant,,GO:0051081; GO:0007067; GO:0007028,GO:0005828; GO:0005694,Fbbi:00000246
6635,72-Kyogoku-CytoplasmNucDyn,FigureS3A_misalign_20160717_ACA_after,,GO:0051081; GO:0007067; GO:0007028,GO:0005828; GO:0005694,Fbbi:00000246
6636,72-Kyogoku-CytoplasmNucDyn,FigureS3A_misalign_20160717_ACA_before,,GO:0051081; GO:0007067; GO:0007028,GO:0005828; GO:0005694,Fbbi:00000246
6637,72-Kyogoku-CytoplasmNucDyn,FigureS3A_misalign_20160717_ACA_con,,GO:0051081; GO:0007067; GO:0007028,GO:0005828; GO:0005694,Fbbi:00000246
6638,72-Kyogoku-CytoplasmNucDyn,FigureS3A_misalign_20160724_ACA_2GV,,GO:0051081; GO:0007067; GO:0007028,GO:0005828; GO:0005694,Fbbi:00000246
6639,72-Kyogoku-CytoplasmNucDyn,FigureS3A_misalign_20160724_ACA_EFcon,,GO:0051081; GO:0007067; GO:0007028,GO:0005828; GO:0005694,Fbbi:00000246
6640,72-Kyogoku-CytoplasmNucDyn,FigureS3A_misalign_20160808_ACA_after,,GO:0051081; GO:0007067; GO:0007028,GO:0005828; GO:0005694,Fbbi:00000246
6641,72-Kyogoku-CytoplasmNucDyn,FigureS3A_misalign_20160808_ACA_before,,GO:0051081; GO:0007067; GO:0007028,GO:0005828; GO:0005694,Fbbi:00000246
6642,72-Kyogoku-CytoplasmNucDyn,FigureS3A_misalign_20160808_ACA_con,,GO:0051081; GO:0007067; GO:0007028,GO:0005828; GO:0005694,Fbbi:00000246
6643,72-Kyogoku-CytoplasmNucDyn,FigureS3A_misalign_20160909_ACA_con,,GO:0051081; GO:0007067; GO:0007028,GO:0005828; GO:0005694,Fbbi:00000246
6644,72-Kyogoku-CytoplasmNucDyn,FigureS3A_misalign_20160909_ACA_half,,GO:0051081; GO:0007067; GO:0007028,GO:0005828; GO:0005694,Fbbi:00000246
6645,72-Kyogoku-CytoplasmNucDyn,FigureS3A_misalign_20161022_kinetochore_CENPA_con,,GO:0051081; GO:0007067; GO:0007028,GO:0005828; GO:0005694,Fbbi:00000246
6646,72-Kyogoku-CytoplasmNucDyn,FigureS3A_misalign_20161022_kinetochore_CENPA_half,,GO:0051081; GO:0007067; GO:0007028,GO:0005828; GO:0005694,Fbbi:00000246
6647,72-Kyogoku-CytoplasmNucDyn,FigureS3A_misalign_20161022_kinetochore_CENPC_con,,GO:0051081; GO:0007067; GO:0007028,GO:0005828; GO:0005694,Fbbi:00000246
6648,72-Kyogoku-CytoplasmNucDyn,FigureS3A_misalign_20161022_kinetochore_CENPC_half,,GO:0051081; GO:0007067; GO:0007028,GO:0005828; GO:0005694,Fbbi:00000246
6649,72-Kyogoku-CytoplasmNucDyn,FigureS3A_misalign_20161022_kinetochore_Hec1_con,,GO:0051081; GO:0007067; GO:0007028,GO:0005828; GO:0005694,Fbbi:00000246
6650,72-Kyogoku-CytoplasmNucDyn,FigureS3A_misalign_20161022_kinetochore_Hec1_half,,GO:0051081; GO:0007067; GO:0007028,GO:0005828; GO:0005694,Fbbi:00000246
6651,72-Kyogoku-CytoplasmNucDyn,FigureS3A_misalign_20161024_kinetochore_CENPA_EFcon,,GO:0051081; GO:0007067; GO:0007028,GO:0005828; GO:0005694,Fbbi:00000246
6652,72-Kyogoku-CytoplasmNucDyn,FigureS3A_misalign_20161024_kinetochore_CENPA_Giant,,GO:0051081; GO:0007067; GO:0007028,GO:0005828; GO:0005694,Fbbi:00000246
6653,72-Kyogoku-CytoplasmNucDyn,FigureS3A_misalign_20161024_kinetochore_CENPC_EFcon,,GO:0051081; GO:0007067; GO:0007028,GO:0005828; GO:0005694,Fbbi:00000246
6654,72-Kyogoku-CytoplasmNucDyn,FigureS3A_misalign_20161024_kinetochore_CENPC_Giant,,GO:0051081; GO:0007067; GO:0007028,GO:0005828; GO:0005694,Fbbi:00000246
6655,72-Kyogoku-CytoplasmNucDyn,FigureS3A_misalign_20161024_kinetochore_Hec1_EFcon,,GO:0051081; GO:0007067; GO:0007028,GO:0005828; GO:0005694,Fbbi:00000246
6656,72-Kyogoku-CytoplasmNucDyn,FigureS3A_misalign_20161024_kinetochore_Hec1_Giant,,GO:0051081; GO:0007067; GO:0007028,GO:0005828; GO:0005694,Fbbi:00000246
6657,72-Kyogoku-CytoplasmNucDyn,FigureS3A_misalign_20161031_kinetochore_CENPC_con1,,GO:0051081; GO:0007067; GO:0007028,GO:0005828; GO:0005694,Fbbi:00000246
6658,72-Kyogoku-CytoplasmNucDyn,FigureS3A_misalign_20161031_kinetochore_CENPC_con2,,GO:0051081; GO:0007067; GO:0007028,GO:0005828; GO:0005694,Fbbi:00000246
6659,72-Kyogoku-CytoplasmNucDyn,FigureS3A_misalign_20161031_kinetochore_CENPC_half1,,GO:0051081; GO:0007067; GO:0007028,GO:0005828; GO:0005694,Fbbi:00000246
6660,72-Kyogoku-CytoplasmNucDyn,FigureS3A_misalign_20161031_kinetochore_CENPC_half2,,GO:0051081; GO:0007067; GO:0007028,GO:0005828; GO:0005694,Fbbi:00000246
6661,72-Kyogoku-CytoplasmNucDyn,FigureS3A_misalign_20161031_kinetochore_Hec_con1,,GO:0051081; GO:0007067; GO:0007028,GO:0005828; GO:0005694,Fbbi:00000246
6662,72-Kyogoku-CytoplasmNucDyn,FigureS3A_misalign_20161031_kinetochore_Hec_con2,,GO:0051081; GO:0007067; GO:0007028,GO:0005828; GO:0005694,Fbbi:00000246
6663,72-Kyogoku-CytoplasmNucDyn,FigureS3A_misalign_20161031_kinetochore_Hec_half1,,GO:0051081; GO:0007067; GO:0007028,GO:0005828; GO:0005694,Fbbi:00000246
6664,72-Kyogoku-CytoplasmNucDyn,FigureS3A_misalign_20161031_kinetochore_Hec_half2,,GO:0051081; GO:0007067; GO:0007028,GO:0005828; GO:0005694,Fbbi:00000246
6665,72-Kyogoku-CytoplasmNucDyn,FigureS3A_misalign_20161104_kinetochore_CENPC_EFcon,,GO:0051081; GO:0007067; GO:0007028,GO:0005828; GO:0005694,Fbbi:00000246
6666,72-Kyogoku-CytoplasmNucDyn,FigureS3A_misalign_20161104_kinetochore_CENPC_Giant,,GO:0051081; GO:0007067; GO:0007028,GO:0005828; GO:0005694,Fbbi:00000246
6667,72-Kyogoku-CytoplasmNucDyn,FigureS3A_misalign_20161104_kinetochore_Hec1_EFcon,,GO:0051081; GO:0007067; GO:0007028,GO:0005828; GO:0005694,Fbbi:00000246
6668,72-Kyogoku-CytoplasmNucDyn,FigureS3A_misalign_20161104_kinetochore_Hec1_Giant,,GO:0051081; GO:0007067; GO:0007028,GO:0005828; GO:0005694,Fbbi:00000246
6669,72-Kyogoku-CytoplasmNucDyn,FigureS3A_misalign_20161106_kinetochore_CENPC_EFcon,,GO:0051081; GO:0007067; GO:0007028,GO:0005828; GO:0005694,Fbbi:00000246
6670,72-Kyogoku-CytoplasmNucDyn,FigureS3A_misalign_20161106_kinetochore_CENPC_Giant,,GO:0051081; GO:0007067; GO:0007028,GO:0005828; GO:0005694,Fbbi:00000246
6671,72-Kyogoku-CytoplasmNucDyn,FigureS3A_misalign_20161106_kinetochore_Hec1_EFcon,,GO:0051081; GO:0007067; GO:0007028,GO:0005828; GO:0005694,Fbbi:00000246
6672,72-Kyogoku-CytoplasmNucDyn,FigureS3A_misalign_20161106_kinetochore_Hec1_Giant,,GO:0051081; GO:0007067; GO:0007028,GO:0005828; GO:0005694,Fbbi:00000246
6673,72-Kyogoku-CytoplasmNucDyn,FigureS3A_misalign_20161109_C-Mad2_after,,GO:0051081; GO:0007067; GO:0007028,GO:0005828; GO:0005694,Fbbi:00000246
6674,72-Kyogoku-CytoplasmNucDyn,FigureS3A_misalign_20161109_C-Mad2_before,,GO:0051081; GO:0007067; GO:0007028,GO:0005828; GO:0005694,Fbbi:00000246
6675,72-Kyogoku-CytoplasmNucDyn,FigureS3A_misalign_20161109_C-Mad2_con,,GO:0051081; GO:0007067; GO:0007028,GO:0005828; GO:0005694,Fbbi:00000246
6676,72-Kyogoku-CytoplasmNucDyn,FigureS3A_misalign_20161110_C-Mad2_after,,GO:0051081; GO:0007067; GO:0007028,GO:0005828; GO:0005694,Fbbi:00000246
6677,72-Kyogoku-CytoplasmNucDyn,FigureS3A_misalign_20161110_C-Mad2_before,,GO:0051081; GO:0007067; GO:0007028,GO:0005828; GO:0005694,Fbbi:00000246
6678,72-Kyogoku-CytoplasmNucDyn,FigureS3A_misalign_20161110_C-Mad2_con,,GO:0051081; GO:0007067; GO:0007028,GO:0005828; GO:0005694,Fbbi:00000246
6679,72-Kyogoku-CytoplasmNucDyn,FigureS3A_misalign_20161112_C-Mad2_after,,GO:0051081; GO:0007067; GO:0007028,GO:0005828; GO:0005694,Fbbi:00000246
6680,72-Kyogoku-CytoplasmNucDyn,FigureS3A_misalign_20161112_C-Mad2_before,,GO:0051081; GO:0007067; GO:0007028,GO:0005828; GO:0005694,Fbbi:00000246
6681,72-Kyogoku-CytoplasmNucDyn,FigureS3A_misalign_20161112_C-Mad2_con,,GO:0051081; GO:0007067; GO:0007028,GO:0005828; GO:0005694,Fbbi:00000246
6682,72-Kyogoku-CytoplasmNucDyn,FigureS3A_misalign_201601182_C-Mad2_con2_5h,,GO:0051081; GO:0007067; GO:0007028,GO:0005828; GO:0005694,Fbbi:00000246
6683,72-Kyogoku-CytoplasmNucDyn,FigureS3A_misalign_201601182_C-Mad2_con3_5h,,GO:0051081; GO:0007067; GO:0007028,GO:0005828; GO:0005694,Fbbi:00000246
6684,72-Kyogoku-CytoplasmNucDyn,FigureS3A_misalign_201601182_C-Mad2_half2h,,GO:0051081; GO:0007067; GO:0007028,GO:0005828; GO:0005694,Fbbi:00000246
6685,72-Kyogoku-CytoplasmNucDyn,FigureS3A_misalign_201601182_C-Mad2_half3h,,GO:0051081; GO:0007067; GO:0007028,GO:0005828; GO:0005694,Fbbi:00000246
6686,72-Kyogoku-CytoplasmNucDyn,FigureS3A_misalign_pericentrin_con,,GO:0051081; GO:0007067; GO:0007028,GO:0005828; GO:0005694,Fbbi:00000246
6687,72-Kyogoku-CytoplasmNucDyn,FigureS3A_misalign_pericentrin_Giant,,GO:0051081; GO:0007067; GO:0007028,GO:0005828; GO:0005694,Fbbi:00000246
6688,72-Kyogoku-CytoplasmNucDyn,FigureS3BC_BC_KT-MT_20160118_con,,GO:0051081; GO:0007067; GO:0007028,GO:0005828; GO:0005694,Fbbi:00000246
6689,72-Kyogoku-CytoplasmNucDyn,FigureS3BC_BC_KT-MT_20160118_half,,GO:0051081; GO:0007067; GO:0007028,GO:0005828; GO:0005694,Fbbi:00000246
6690,72-Kyogoku-CytoplasmNucDyn,FigureS3BC_BC_KT-MT_20160125_Giant,,GO:0051081; GO:0007067; GO:0007028,GO:0005828; GO:0005694,Fbbi:00000246
6691,72-Kyogoku-CytoplasmNucDyn,FigureS3BC_BC_KT-MT_20160208_con,,GO:0051081; GO:0007067; GO:0007028,GO:0005828; GO:0005694,Fbbi:00000246
6692,72-Kyogoku-CytoplasmNucDyn,FigureS3BC_BC_KT-MT_20160208_half,,GO:0051081; GO:0007067; GO:0007028,GO:0005828; GO:0005694,Fbbi:00000246
6693,72-Kyogoku-CytoplasmNucDyn,FigureS3BC_BC_KT-MT_20160317_EFcon,,GO:0051081; GO:0007067; GO:0007028,GO:0005828; GO:0005694,Fbbi:00000246
6694,72-Kyogoku-CytoplasmNucDyn,FigureS3BC_BC_KT-MT_20160317_Giant,,GO:0051081; GO:0007067; GO:0007028,GO:0005828; GO:0005694,Fbbi:00000246
6695,72-Kyogoku-CytoplasmNucDyn,FigureS3BC_BC_KT-MT_20160318_EFcon,,GO:0051081; GO:0007067; GO:0007028,GO:0005828; GO:0005694,Fbbi:00000246
6696,72-Kyogoku-CytoplasmNucDyn,FigureS3BC_BC_KT-MT_20160318_Giant,,GO:0051081; GO:0007067; GO:0007028,GO:0005828; GO:0005694,Fbbi:00000246
6697,72-Kyogoku-CytoplasmNucDyn,FigureS3BC_BC_KT-MT_20160412_con,,GO:0051081; GO:0007067; GO:0007028,GO:0005828; GO:0005694,Fbbi:00000246
6698,72-Kyogoku-CytoplasmNucDyn,FigureS3BC_BC_KT-MT_20160412_half,,GO:0051081; GO:0007067; GO:0007028,GO:0005828; GO:0005694,Fbbi:00000246
6699,72-Kyogoku-CytoplasmNucDyn,FigureS3BC_BC_KT-MT_afterGVBD5_5h_con,,GO:0051081; GO:0007067; GO:0007028,GO:0005828; GO:0005694,Fbbi:00000246
6700,72-Kyogoku-CytoplasmNucDyn,FigureS3DE_MII-ACA_20161021_con,,GO:0051081; GO:0007067; GO:0007028,GO:0005828; GO:0005694,Fbbi:00000246
6701,72-Kyogoku-CytoplasmNucDyn,FigureS3DE_MII-ACA_20161021_half,,GO:0051081; GO:0007067; GO:0007028,GO:0005828; GO:0005694,Fbbi:00000246
6702,72-Kyogoku-CytoplasmNucDyn,FigureS3DE_MII-ACA_20161024_con,,GO:0051081; GO:0007067; GO:0007028,GO:0005828; GO:0005694,Fbbi:00000246
6703,72-Kyogoku-CytoplasmNucDyn,FigureS3DE_MII-ACA_20161024_half,,GO:0051081; GO:0007067; GO:0007028,GO:0005828; GO:0005694,Fbbi:00000246
6704,72-Kyogoku-CytoplasmNucDyn,FigureS3DE_MII-ACA_20161104_EFcon,,GO:0051081; GO:0007067; GO:0007028,GO:0005828; GO:0005694,Fbbi:00000246
6705,72-Kyogoku-CytoplasmNucDyn,FigureS3DE_MII-ACA_20161104_Giant,,GO:0051081; GO:0007067; GO:0007028,GO:0005828; GO:0005694,Fbbi:00000246
6706,72-Kyogoku-CytoplasmNucDyn,FigureS3DE_MII-ACA_20161117_EFcon,,GO:0051081; GO:0007067; GO:0007028,GO:0005828; GO:0005694,Fbbi:00000246
6707,72-Kyogoku-CytoplasmNucDyn,FigureS3DE_MII-ACA_20161117_Giant,,GO:0051081; GO:0007067; GO:0007028,GO:0005828; GO:0005694,Fbbi:00000246
6708,72-Kyogoku-CytoplasmNucDyn,FigureS3DE_MII-ACA_20161118_EFcon,,GO:0051081; GO:0007067; GO:0007028,GO:0005828; GO:0005694,Fbbi:00000246
6709,72-Kyogoku-CytoplasmNucDyn,FigureS3DE_MII-ACA_20161118_Giant,,GO:0051081; GO:0007067; GO:0007028,GO:0005828; GO:0005694,Fbbi:00000246
6710,72-Kyogoku-CytoplasmNucDyn,FigureS3DE_MII-ACA_20161124_double,,GO:0051081; GO:0007067; GO:0007028,GO:0005828; GO:0005694,Fbbi:00000246
6711,72-Kyogoku-CytoplasmNucDyn,FigureS3DE_MII-ACA_20161124_EFcon,,GO:0051081; GO:0007067; GO:0007028,GO:0005828; GO:0005694,Fbbi:00000246
6712,72-Kyogoku-CytoplasmNucDyn,FigureS3DE_MII-ACA_20161125_con,,GO:0051081; GO:0007067; GO:0007028,GO:0005828; GO:0005694,Fbbi:00000246
6713,72-Kyogoku-CytoplasmNucDyn,FigureS3DE_MII-ACA_20161125_half,,GO:0051081; GO:0007067; GO:0007028,GO:0005828; GO:0005694,Fbbi:00000246
6714,72-Kyogoku-CytoplasmNucDyn,FigureS3DE_MII-ACA_20161128_EFcon,,GO:0051081; GO:0007067; GO:0007028,GO:0005828; GO:0005694,Fbbi:00000246
6715,72-Kyogoku-CytoplasmNucDyn,FigureS3DE_MII-ACA_20161128_Giant,,GO:0051081; GO:0007067; GO:0007028,GO:0005828; GO:0005694,Fbbi:00000246
6716,72-Kyogoku-CytoplasmNucDyn,FigureS4_20160222_con1_5h,,GO:0051081; GO:0007067; GO:0007028,GO:0005828; GO:0005694,Fbbi:00000246
6717,72-Kyogoku-CytoplasmNucDyn,FigureS4_20160222_con2_5h,,GO:0051081; GO:0007067; GO:0007028,GO:0005828; GO:0005694,Fbbi:00000246
6718,72-Kyogoku-CytoplasmNucDyn,FigureS4_20160222_half1_5h,,GO:0051081; GO:0007067; GO:0007028,GO:0005828; GO:0005694,Fbbi:00000246
6719,72-Kyogoku-CytoplasmNucDyn,FigureS4_20160222_half2_5h,,GO:0051081; GO:0007067; GO:0007028,GO:0005828; GO:0005694,Fbbi:00000246
6720,72-Kyogoku-CytoplasmNucDyn,FigureS4_20160224_EFcon1,,GO:0051081; GO:0007067; GO:0007028,GO:0005828; GO:0005694,Fbbi:00000246
6721,72-Kyogoku-CytoplasmNucDyn,FigureS4_20160224_EFcon2,,GO:0051081; GO:0007067; GO:0007028,GO:0005828; GO:0005694,Fbbi:00000246
6722,72-Kyogoku-CytoplasmNucDyn,FigureS4_20160224_Giant1,,GO:0051081; GO:0007067; GO:0007028,GO:0005828; GO:0005694,Fbbi:00000246
6723,72-Kyogoku-CytoplasmNucDyn,FigureS4_20160224_Giant2,,GO:0051081; GO:0007067; GO:0007028,GO:0005828; GO:0005694,Fbbi:00000246
6724,72-Kyogoku-CytoplasmNucDyn,FigureS4_20160225_con3_5h,,GO:0051081; GO:0007067; GO:0007028,GO:0005828; GO:0005694,Fbbi:00000246
6725,72-Kyogoku-CytoplasmNucDyn,FigureS4_20160225_half3h,,GO:0051081; GO:0007067; GO:0007028,GO:0005828; GO:0005694,Fbbi:00000246
6726,72-Kyogoku-CytoplasmNucDyn,FigureS4_20160408_EFcon,,GO:0051081; GO:0007067; GO:0007028,GO:0005828; GO:0005694,Fbbi:00000246
6727,72-Kyogoku-CytoplasmNucDyn,FigureS4_20160408_EFcon_GV,,GO:0051081; GO:0007067; GO:0007028,GO:0005828; GO:0005694,Fbbi:00000246
6728,72-Kyogoku-CytoplasmNucDyn,FigureS4_20160408_Giant,,GO:0051081; GO:0007067; GO:0007028,GO:0005828; GO:0005694,Fbbi:00000246
6729,72-Kyogoku-CytoplasmNucDyn,FigureS4_20160408_Giant_GV,,GO:0051081; GO:0007067; GO:0007028,GO:0005828; GO:0005694,Fbbi:00000246
6730,72-Kyogoku-CytoplasmNucDyn,FigureS4_201601182_con2_5h,,GO:0051081; GO:0007067; GO:0007028,GO:0005828; GO:0005694,Fbbi:00000246
6731,72-Kyogoku-CytoplasmNucDyn,FigureS4_201601182_con3_5h,,GO:0051081; GO:0007067; GO:0007028,GO:0005828; GO:0005694,Fbbi:00000246
6732,72-Kyogoku-CytoplasmNucDyn,FigureS4_201601182_half2h,,GO:0051081; GO:0007067; GO:0007028,GO:0005828; GO:0005694,Fbbi:00000246
6733,72-Kyogoku-CytoplasmNucDyn,FigureS4_201601182_half3h,,GO:0051081; GO:0007067; GO:0007028,GO:0005828; GO:0005694,Fbbi:00000246
6734,72-Kyogoku-CytoplasmNucDyn,FigureS4_kinetochore_CENPA_20161022_con,,GO:0051081; GO:0007067; GO:0007028,GO:0005828; GO:0005694,Fbbi:00000246
6735,72-Kyogoku-CytoplasmNucDyn,FigureS4_kinetochore_CENPA_20161022_half,,GO:0051081; GO:0007067; GO:0007028,GO:0005828; GO:0005694,Fbbi:00000246
6736,72-Kyogoku-CytoplasmNucDyn,FigureS4_kinetochore_CENPA_20161024_EFcon,,GO:0051081; GO:0007067; GO:0007028,GO:0005828; GO:0005694,Fbbi:00000246
6737,72-Kyogoku-CytoplasmNucDyn,FigureS4_kinetochore_CENPA_20161024_Giant,,GO:0051081; GO:0007067; GO:0007028,GO:0005828; GO:0005694,Fbbi:00000246
6738,72-Kyogoku-CytoplasmNucDyn,FigureS4_kinetochore_CENPC_20161022_con,,GO:0051081; GO:0007067; GO:0007028,GO:0005828; GO:0005694,Fbbi:00000246
6739,72-Kyogoku-CytoplasmNucDyn,FigureS4_kinetochore_CENPC_20161022_half,,GO:0051081; GO:0007067; GO:0007028,GO:0005828; GO:0005694,Fbbi:00000246
6740,72-Kyogoku-CytoplasmNucDyn,FigureS4_kinetochore_CENPC_20161024_EFcon,,GO:0051081; GO:0007067; GO:0007028,GO:0005828; GO:0005694,Fbbi:00000246
6741,72-Kyogoku-CytoplasmNucDyn,FigureS4_kinetochore_CENPC_20161024_Giant,,GO:0051081; GO:0007067; GO:0007028,GO:0005828; GO:0005694,Fbbi:00000246
6742,72-Kyogoku-CytoplasmNucDyn,FigureS4_kinetochore_CENPC_20161031_con1,,GO:0051081; GO:0007067; GO:0007028,GO:0005828; GO:0005694,Fbbi:00000246
6743,72-Kyogoku-CytoplasmNucDyn,FigureS4_kinetochore_CENPC_20161031_con2,,GO:0051081; GO:0007067; GO:0007028,GO:0005828; GO:0005694,Fbbi:00000246
6744,72-Kyogoku-CytoplasmNucDyn,FigureS4_kinetochore_CENPC_20161031_half1,,GO:0051081; GO:0007067; GO:0007028,GO:0005828; GO:0005694,Fbbi:00000246
6745,72-Kyogoku-CytoplasmNucDyn,FigureS4_kinetochore_CENPC_20161031_half2,,GO:0051081; GO:0007067; GO:0007028,GO:0005828; GO:0005694,Fbbi:00000246
6746,72-Kyogoku-CytoplasmNucDyn,FigureS4_kinetochore_CENPC_20161104_EFcon,,GO:0051081; GO:0007067; GO:0007028,GO:0005828; GO:0005694,Fbbi:00000246
6747,72-Kyogoku-CytoplasmNucDyn,FigureS4_kinetochore_CENPC_20161104_Giant,,GO:0051081; GO:0007067; GO:0007028,GO:0005828; GO:0005694,Fbbi:00000246
6748,72-Kyogoku-CytoplasmNucDyn,FigureS4_kinetochore_CENPC_20161106_EFcon,,GO:0051081; GO:0007067; GO:0007028,GO:0005828; GO:0005694,Fbbi:00000246
6749,72-Kyogoku-CytoplasmNucDyn,FigureS4_kinetochore_CENPC_20161106_Giant,,GO:0051081; GO:0007067; GO:0007028,GO:0005828; GO:0005694,Fbbi:00000246
6750,72-Kyogoku-CytoplasmNucDyn,FigureS4_kinetochore_CENPE_20170305_con,,GO:0051081; GO:0007067; GO:0007028,GO:0005828; GO:0005694,Fbbi:00000246
6751,72-Kyogoku-CytoplasmNucDyn,FigureS4_kinetochore_CENPE_20170305_half,,GO:0051081; GO:0007067; GO:0007028,GO:0005828; GO:0005694,Fbbi:00000246
6752,72-Kyogoku-CytoplasmNucDyn,FigureS4_kinetochore_CENPE_20170308_con,,GO:0051081; GO:0007067; GO:0007028,GO:0005828; GO:0005694,Fbbi:00000246
6753,72-Kyogoku-CytoplasmNucDyn,FigureS4_kinetochore_CENPE_20170308_EFcon,,GO:0051081; GO:0007067; GO:0007028,GO:0005828; GO:0005694,Fbbi:00000246
6754,72-Kyogoku-CytoplasmNucDyn,FigureS4_kinetochore_CENPE_20170308_Giant,,GO:0051081; GO:0007067; GO:0007028,GO:0005828; GO:0005694,Fbbi:00000246
6755,72-Kyogoku-CytoplasmNucDyn,FigureS4_kinetochore_CENPE_20170308_half,,GO:0051081; GO:0007067; GO:0007028,GO:0005828; GO:0005694,Fbbi:00000246
6756,72-Kyogoku-CytoplasmNucDyn,FigureS4_kinetochore_CENPE_20170309_con,,GO:0051081; GO:0007067; GO:0007028,GO:0005828; GO:0005694,Fbbi:00000246
6757,72-Kyogoku-CytoplasmNucDyn,FigureS4_kinetochore_CENPE_20170309_doubled,,GO:0051081; GO:0007067; GO:0007028,GO:0005828; GO:0005694,Fbbi:00000246
6758,72-Kyogoku-CytoplasmNucDyn,FigureS4_kinetochore_CENPE_20170309_EFcon,,GO:0051081; GO:0007067; GO:0007028,GO:0005828; GO:0005694,Fbbi:00000246
6759,72-Kyogoku-CytoplasmNucDyn,FigureS4_kinetochore_CENPE_20170309_half,,GO:0051081; GO:0007067; GO:0007028,GO:0005828; GO:0005694,Fbbi:00000246
6760,72-Kyogoku-CytoplasmNucDyn,FigureS4_kinetochore_CENPE_20170310_con,,GO:0051081; GO:0007067; GO:0007028,GO:0005828; GO:0005694,Fbbi:00000246
6761,72-Kyogoku-CytoplasmNucDyn,FigureS4_kinetochore_CENPE_20170310_doubled,,GO:0051081; GO:0007067; GO:0007028,GO:0005828; GO:0005694,Fbbi:00000246
6762,72-Kyogoku-CytoplasmNucDyn,FigureS4_kinetochore_CENPE_20170310_EFcon,,GO:0051081; GO:0007067; GO:0007028,GO:0005828; GO:0005694,Fbbi:00000246
6763,72-Kyogoku-CytoplasmNucDyn,FigureS4_kinetochore_CENPE_20170310_half,,GO:0051081; GO:0007067; GO:0007028,GO:0005828; GO:0005694,Fbbi:00000246
6764,72-Kyogoku-CytoplasmNucDyn,FigureS4_kinetochore_CENPE_20170313_doubled1,,GO:0051081; GO:0007067; GO:0007028,GO:0005828; GO:0005694,Fbbi:00000246
6765,72-Kyogoku-CytoplasmNucDyn,FigureS4_kinetochore_CENPE_20170313_doubled2,,GO:0051081; GO:0007067; GO:0007028,GO:0005828; GO:0005694,Fbbi:00000246
6766,72-Kyogoku-CytoplasmNucDyn,FigureS4_kinetochore_CENPE_20170313_EFcon1,,GO:0051081; GO:0007067; GO:0007028,GO:0005828; GO:0005694,Fbbi:00000246
6767,72-Kyogoku-CytoplasmNucDyn,FigureS4_kinetochore_CENPE_20170313_EFcon2,,GO:0051081; GO:0007067; GO:0007028,GO:0005828; GO:0005694,Fbbi:00000246
6768,72-Kyogoku-CytoplasmNucDyn,FigureS4_kinetochore_Hec1_20161022_con,,GO:0051081; GO:0007067; GO:0007028,GO:0005828; GO:0005694,Fbbi:00000246
6769,72-Kyogoku-CytoplasmNucDyn,FigureS4_kinetochore_Hec1_20161022_half,,GO:0051081; GO:0007067; GO:0007028,GO:0005828; GO:0005694,Fbbi:00000246
6770,72-Kyogoku-CytoplasmNucDyn,FigureS4_kinetochore_Hec1_20161024_EFcon,,GO:0051081; GO:0007067; GO:0007028,GO:0005828; GO:0005694,Fbbi:00000246
6771,72-Kyogoku-CytoplasmNucDyn,FigureS4_kinetochore_Hec1_20161024_Giant,,GO:0051081; GO:0007067; GO:0007028,GO:0005828; GO:0005694,Fbbi:00000246
6772,72-Kyogoku-CytoplasmNucDyn,FigureS4_kinetochore_Hec1_20161031_con1,,GO:0051081; GO:0007067; GO:0007028,GO:0005828; GO:0005694,Fbbi:00000246
6773,72-Kyogoku-CytoplasmNucDyn,FigureS4_kinetochore_Hec1_20161031_con2,,GO:0051081; GO:0007067; GO:0007028,GO:0005828; GO:0005694,Fbbi:00000246
6774,72-Kyogoku-CytoplasmNucDyn,FigureS4_kinetochore_Hec1_20161031_half1,,GO:0051081; GO:0007067; GO:0007028,GO:0005828; GO:0005694,Fbbi:00000246
6775,72-Kyogoku-CytoplasmNucDyn,FigureS4_kinetochore_Hec1_20161031_half2,,GO:0051081; GO:0007067; GO:0007028,GO:0005828; GO:0005694,Fbbi:00000246
6776,72-Kyogoku-CytoplasmNucDyn,FigureS4_kinetochore_Hec1_20161104_EFcon,,GO:0051081; GO:0007067; GO:0007028,GO:0005828; GO:0005694,Fbbi:00000246
6777,72-Kyogoku-CytoplasmNucDyn,FigureS4_kinetochore_Hec1_20161104_Giant,,GO:0051081; GO:0007067; GO:0007028,GO:0005828; GO:0005694,Fbbi:00000246
6778,72-Kyogoku-CytoplasmNucDyn,FigureS4_kinetochore_Hec1_20161106_EFcon,,GO:0051081; GO:0007067; GO:0007028,GO:0005828; GO:0005694,Fbbi:00000246
6779,72-Kyogoku-CytoplasmNucDyn,FigureS4_kinetochore_Hec1_20161106_Giant,,GO:0051081; GO:0007067; GO:0007028,GO:0005828; GO:0005694,Fbbi:00000246
6780,72-Kyogoku-CytoplasmNucDyn,FigureS4_kinetochore_MCAK_20170305_con,,GO:0051081; GO:0007067; GO:0007028,GO:0005828; GO:0005694,Fbbi:00000246
6781,72-Kyogoku-CytoplasmNucDyn,FigureS4_kinetochore_MCAK_20170305_half,,GO:0051081; GO:0007067; GO:0007028,GO:0005828; GO:0005694,Fbbi:00000246
6782,72-Kyogoku-CytoplasmNucDyn,FigureS4_kinetochore_MCAK_20170308_con,,GO:0051081; GO:0007067; GO:0007028,GO:0005828; GO:0005694,Fbbi:00000246
6783,72-Kyogoku-CytoplasmNucDyn,FigureS4_kinetochore_MCAK_20170308_EFcon,,GO:0051081; GO:0007067; GO:0007028,GO:0005828; GO:0005694,Fbbi:00000246
6784,72-Kyogoku-CytoplasmNucDyn,FigureS4_kinetochore_MCAK_20170308_Giant,,GO:0051081; GO:0007067; GO:0007028,GO:0005828; GO:0005694,Fbbi:00000246
6785,72-Kyogoku-CytoplasmNucDyn,FigureS4_kinetochore_MCAK_20170308_half,,GO:0051081; GO:0007067; GO:0007028,GO:0005828; GO:0005694,Fbbi:00000246
6786,72-Kyogoku-CytoplasmNucDyn,FigureS4_kinetochore_MCAK_20170309_con,,GO:0051081; GO:0007067; GO:0007028,GO:0005828; GO:0005694,Fbbi:00000246
6787,72-Kyogoku-CytoplasmNucDyn,FigureS4_kinetochore_MCAK_20170309_doubled,,GO:0051081; GO:0007067; GO:0007028,GO:0005828; GO:0005694,Fbbi:00000246
6788,72-Kyogoku-CytoplasmNucDyn,FigureS4_kinetochore_MCAK_20170309_EFcon,,GO:0051081; GO:0007067; GO:0007028,GO:0005828; GO:0005694,Fbbi:00000246
6789,72-Kyogoku-CytoplasmNucDyn,FigureS4_kinetochore_MCAK_20170309_half,,GO:0051081; GO:0007067; GO:0007028,GO:0005828; GO:0005694,Fbbi:00000246
6790,72-Kyogoku-CytoplasmNucDyn,FigureS4_kinetochore_MCAK_20170310_con,,GO:0051081; GO:0007067; GO:0007028,GO:0005828; GO:0005694,Fbbi:00000246
6791,72-Kyogoku-CytoplasmNucDyn,FigureS4_kinetochore_MCAK_20170310_doubled,,GO:0051081; GO:0007067; GO:0007028,GO:0005828; GO:0005694,Fbbi:00000246
6792,72-Kyogoku-CytoplasmNucDyn,FigureS4_kinetochore_MCAK_20170310_EFcon,,GO:0051081; GO:0007067; GO:0007028,GO:0005828; GO:0005694,Fbbi:00000246
6793,72-Kyogoku-CytoplasmNucDyn,FigureS4_kinetochore_MCAK_20170310_half,,GO:0051081; GO:0007067; GO:0007028,GO:0005828; GO:0005694,Fbbi:00000246
6794,72-Kyogoku-CytoplasmNucDyn,FigureS4_kinetochore_pS55_20161027_con,,GO:0051081; GO:0007067; GO:0007028,GO:0005828; GO:0005694,Fbbi:00000246
6795,72-Kyogoku-CytoplasmNucDyn,FigureS4_kinetochore_pS55_20161027_half,,GO:0051081; GO:0007067; GO:0007028,GO:0005828; GO:0005694,Fbbi:00000246
6796,72-Kyogoku-CytoplasmNucDyn,FigureS4_kinetochore_pS55_20161028_EFcon,,GO:0051081; GO:0007067; GO:0007028,GO:0005828; GO:0005694,Fbbi:00000246
6797,72-Kyogoku-CytoplasmNucDyn,FigureS4_kinetochore_pS55_20161028_Giant,,GO:0051081; GO:0007067; GO:0007028,GO:0005828; GO:0005694,Fbbi:00000246
6798,72-Kyogoku-CytoplasmNucDyn,FigureS4_kinetochore_pS55_20161031_con1,,GO:0051081; GO:0007067; GO:0007028,GO:0005828; GO:0005694,Fbbi:00000246
6799,72-Kyogoku-CytoplasmNucDyn,FigureS4_kinetochore_pS55_20161031_con2,,GO:0051081; GO:0007067; GO:0007028,GO:0005828; GO:0005694,Fbbi:00000246
6800,72-Kyogoku-CytoplasmNucDyn,FigureS4_kinetochore_pS55_20161031_half1,,GO:0051081; GO:0007067; GO:0007028,GO:0005828; GO:0005694,Fbbi:00000246
6801,72-Kyogoku-CytoplasmNucDyn,FigureS4_kinetochore_pS55_20161031_half2,,GO:0051081; GO:0007067; GO:0007028,GO:0005828; GO:0005694,Fbbi:00000246
6802,72-Kyogoku-CytoplasmNucDyn,FigureS4_kinetochore_pS55_20161104_EFcon,,GO:0051081; GO:0007067; GO:0007028,GO:0005828; GO:0005694,Fbbi:00000246
6803,72-Kyogoku-CytoplasmNucDyn,FigureS4_kinetochore_pS55_20161104_Giant,,GO:0051081; GO:0007067; GO:0007028,GO:0005828; GO:0005694,Fbbi:00000246
6804,72-Kyogoku-CytoplasmNucDyn,FigureS4_kinetochore_pS55_20161106_EFcon,,GO:0051081; GO:0007067; GO:0007028,GO:0005828; GO:0005694,Fbbi:00000246
6805,72-Kyogoku-CytoplasmNucDyn,FigureS4_kinetochore_pS55_20161106_Giant,,GO:0051081; GO:0007067; GO:0007028,GO:0005828; GO:0005694,Fbbi:00000246
6806,72-Kyogoku-CytoplasmNucDyn,FigureS5_2015_7_2,,GO:0051081; GO:0007067; GO:0007028,GO:0005828; GO:0005694,Fbbi:00000249
6807,72-Kyogoku-CytoplasmNucDyn,FigureS5_2015_7_3,,GO:0051081; GO:0007067; GO:0007028,GO:0005828; GO:0005694,Fbbi:00000249
6808,72-Kyogoku-CytoplasmNucDyn,FigureS5_2015_7_6,,GO:0051081; GO:0007067; GO:0007028,GO:0005828; GO:0005694,Fbbi:00000249
6809,72-Kyogoku-CytoplasmNucDyn,FigureS5_2015_7_7,,GO:0051081; GO:0007067; GO:0007028,GO:0005828; GO:0005694,Fbbi:00000249
6810,72-Kyogoku-CytoplasmNucDyn,FigureS5_2015_7_13,,GO:0051081; GO:0007067; GO:0007028,GO:0005828; GO:0005694,Fbbi:00000249
6811,72-Kyogoku-CytoplasmNucDyn,FigureS5_2015_7_15,,GO:0051081; GO:0007067; GO:0007028,GO:0005828; GO:0005694,Fbbi:00000249
6812,72-Kyogoku-CytoplasmNucDyn,FigureS5_2015_7_16,,GO:0051081; GO:0007067; GO:0007028,GO:0005828; GO:0005694,Fbbi:00000249
6813,72-Kyogoku-CytoplasmNucDyn,FigureS6AB_20160224_EFcon1,,GO:0051081; GO:0007067; GO:0007028,GO:0005828; GO:0005694,Fbbi:00000249
6814,72-Kyogoku-CytoplasmNucDyn,FigureS6AB_20160224_EFcon2,,GO:0051081; GO:0007067; GO:0007028,GO:0005828; GO:0005694,Fbbi:00000249
6815,72-Kyogoku-CytoplasmNucDyn,FigureS6AB_20160224_Giant1,,GO:0051081; GO:0007067; GO:0007028,GO:0005828; GO:0005694,Fbbi:00000249
6816,72-Kyogoku-CytoplasmNucDyn,FigureS6AB_20160224_Giant2,,GO:0051081; GO:0007067; GO:0007028,GO:0005828; GO:0005694,Fbbi:00000249
6817,72-Kyogoku-CytoplasmNucDyn,FigureS6AB_20160225_con3_5h,,GO:0051081; GO:0007067; GO:0007028,GO:0005828; GO:0005694,Fbbi:00000249
6818,72-Kyogoku-CytoplasmNucDyn,FigureS6AB_20160225_half3h,,GO:0051081; GO:0007067; GO:0007028,GO:0005828; GO:0005694,Fbbi:00000249
6819,72-Kyogoku-CytoplasmNucDyn,FigureS6C_2014_4_23,,GO:0051081; GO:0007067; GO:0007028,GO:0005828; GO:0005694,Fbbi:00000246
6820,72-Kyogoku-CytoplasmNucDyn,FigureS6C_2014_6_6,,GO:0051081; GO:0007067; GO:0007028,GO:0005828; GO:0005694,Fbbi:00000246
6821,72-Kyogoku-CytoplasmNucDyn,FigureS6C_2014_6_12,,GO:0051081; GO:0007067; GO:0007028,GO:0005828; GO:0005694,Fbbi:00000246
6822,72-Kyogoku-CytoplasmNucDyn,FigureS6C_2014_6_18,,GO:0051081; GO:0007067; GO:0007028,GO:0005828; GO:0005694,Fbbi:00000246
6823,72-Kyogoku-CytoplasmNucDyn,FigureS6C_2014_6_20,,GO:0051081; GO:0007067; GO:0007028,GO:0005828; GO:0005694,Fbbi:00000246
6824,72-Kyogoku-CytoplasmNucDyn,FigureS6C_2014_6_27,,GO:0051081; GO:0007067; GO:0007028,GO:0005828; GO:0005694,Fbbi:00000246
6825,72-Kyogoku-CytoplasmNucDyn,FigureS6C_2014_7_2,,GO:0051081; GO:0007067; GO:0007028,GO:0005828; GO:0005694,Fbbi:00000246
6826,72-Kyogoku-CytoplasmNucDyn,FigureS6C_2014_7_10,,GO:0051081; GO:0007067; GO:0007028,GO:0005828; GO:0005694,Fbbi:00000246
6827,72-Kyogoku-CytoplasmNucDyn,FigureS6C_2014_7_11,,GO:0051081; GO:0007067; GO:0007028,GO:0005828; GO:0005694,Fbbi:00000246
6828,72-Kyogoku-CytoplasmNucDyn,FigureS6C_2014_7_15,,GO:0051081; GO:0007067; GO:0007028,GO:0005828; GO:0005694,Fbbi:00000246
6829,72-Kyogoku-CytoplasmNucDyn,FigureS6C_2014_7_16,,GO:0051081; GO:0007067; GO:0007028,GO:0005828; GO:0005694,Fbbi:00000246
6830,166-Takubo-ECsTrajectory,Fig1b_movie1_ECNuclei_trajectory,,GO:0001886,GO:0005634,
6831,166-Takubo-ECsTrajectory,Fig3a_ECNuclei_trajectory_branch1,,GO:0001886,GO:0005634,
6832,166-Takubo-ECsTrajectory,Fig3b_ECNuclei_trajectory_branch2,,GO:0001886,GO:0005634,
6833,166-Takubo-ECsTrajectory,Fig4c_ECNuclei_trajectory_isolated_branch,,GO:0001886,GO:0005634,
6834,131-Wen-NeuronalNucDyn,Fig3_Dataset1a_nuclei,,GO:0051647,GO:0005634,Fbbi:00000249
6835,131-Wen-NeuronalNucDyn,Fig3_Dataset1b_nuclei_image,,GO:0051647,GO:0005634,Fbbi:00000249
6836,131-Wen-NeuronalNucDyn,Fig3_Dataset2_nuclei_image,,GO:0051647,GO:0005634,Fbbi:00000249
6837,131-Wen-NeuronalNucDyn,Fig5_Dataset1a_GCaMP_image,,GO:0051647,GO:0005634,Fbbi:00000249
6838,131-Wen-NeuronalNucDyn,Fig5_Dataset1b_GCaMP_image,,GO:0051647,GO:0005634,Fbbi:00000249
6839,131-Wen-NeuronalNucDyn,Fig5_Dataset2_GCaMP_image,,GO:0051647,GO:0005634,Fbbi:00000249
6840,138-Ito-SPBDyn,Figure1C_nucleolus_0.04YEA,,GO:0014703,GO:0005816; GO:0031965,Fbbi:00000249
6841,138-Ito-SPBDyn,Figure1C_nucleolus_3YEA,,GO:0014703,GO:0005816; GO:0031965,Fbbi:00000249
6842,138-Ito-SPBDyn,Figure1C_nucleolus_3YEAnh4cl,,GO:0014703,GO:0005816; GO:0031965,Fbbi:00000249
6843,138-Ito-SPBDyn,Figure1C_nucleolus_EMM,,GO:0014703,GO:0005816; GO:0031965,Fbbi:00000249
6844,138-Ito-SPBDyn,Figure1C_nucleolus_EMMG,,GO:0014703,GO:0005816; GO:0031965,Fbbi:00000249
6845,164-Ono-NeuPMCA,Fig7_180702_PMCA1-SEP_20Hz200APs,,GO:0036465,GO:0005886,Fbbi:00000249
6846,164-Ono-NeuPMCA,Fig7_180702_SypHy_20Hz200APs,,GO:0036465,GO:0005886,Fbbi:00000249
6847,170-Tsutsui-HookBM,Airyscan_hook_BM,,,GO:0005604,Fbbi:00000251
6848,172-Yoshida-ERKTracheaDev,Figure3C_ERK_TracheaDev_E12.5,GO:0004707,GO:0060438,,Fbbi:00000249
6849,172-Yoshida-ERKTracheaDev,Figure3E_ERK_TracheaDev_E14.5,GO:0004707,GO:0060438,,Fbbi:00000249
6850,177-Kinjo-cAMPsignalingDyn,Figure1B_2pabPAC_HeLa,,GO:0019933,GO:0005952,Fbbi:00000605
6851,177-Kinjo-cAMPsignalingDyn,Figure1B_mTFP1_HeLa,,GO:0019933,GO:0005952,Fbbi:00000605
6852,177-Kinjo-cAMPsignalingDyn,Figure2B_2pabPAC_post1P,,GO:0019933,GO:0005952,Fbbi:00000605
6853,177-Kinjo-cAMPsignalingDyn,Figure2B_2pabPAC_post2P,,GO:0019933,GO:0005952,Fbbi:00000605
6854,177-Kinjo-cAMPsignalingDyn,Figure2B_2pabPAC_pre,,GO:0019933,GO:0005952,Fbbi:00000605
6855,177-Kinjo-cAMPsignalingDyn,Figure2B_2pabPACY72L_post1P,,GO:0019933,GO:0005952,Fbbi:00000605
6856,177-Kinjo-cAMPsignalingDyn,Figure2B_2pabPACY72L_post2P,,GO:0019933,GO:0005952,Fbbi:00000605
6857,177-Kinjo-cAMPsignalingDyn,Figure2B_2pabPACY72L_pre,,GO:0019933,GO:0005952,Fbbi:00000605
6858,177-Kinjo-cAMPsignalingDyn,Figure3A_20191224_LCVMPE_RMDCK_2pabPAC_2P,,GO:0019933,GO:0005952,Fbbi:00000249
6859,177-Kinjo-cAMPsignalingDyn,Figure3A_20191224_LCVMPE_RMDCK_2pabPAC_post_handBL,,GO:0019933,GO:0005952,Fbbi:00000249
6860,177-Kinjo-cAMPsignalingDyn,Figure3A_20191224_LCVMPE_RMDCK_2pabPAC_pre,,GO:0019933,GO:0005952,Fbbi:00000249
6861,177-Kinjo-cAMPsignalingDyn,Figure3C_20200711_2pabPAC_1st_2P,,GO:0019933,GO:0005952,Fbbi:00000249
6862,177-Kinjo-cAMPsignalingDyn,Figure3C_20200711_2pabPAC_1st_post_handBL,,GO:0019933,GO:0005952,Fbbi:00000249
6863,177-Kinjo-cAMPsignalingDyn,Figure3C_20200711_2pabPAC_1st_pre,,GO:0019933,GO:0005952,Fbbi:00000249
6864,177-Kinjo-cAMPsignalingDyn,Figure3C_20200711_2pabPAC_1st3cells_2P,,GO:0019933,GO:0005952,Fbbi:00000249
6865,177-Kinjo-cAMPsignalingDyn,Figure3C_20200711_2pabPAC_1st3cells_post_handBL,,GO:0019933,GO:0005952,Fbbi:00000249
6866,177-Kinjo-cAMPsignalingDyn,Figure3C_20200711_2pabPAC_1st3cells_pre,,GO:0019933,GO:0005952,Fbbi:00000249
6867,177-Kinjo-cAMPsignalingDyn,Figure3C_20200711_2pabPAC_2nd_2P,,GO:0019933,GO:0005952,Fbbi:00000249
6868,177-Kinjo-cAMPsignalingDyn,Figure3C_20200711_2pabPAC_2nd_post_handBL,,GO:0019933,GO:0005952,Fbbi:00000249
6869,177-Kinjo-cAMPsignalingDyn,Figure3C_20200711_2pabPAC_2nd_pre,,GO:0019933,GO:0005952,Fbbi:00000249
6870,177-Kinjo-cAMPsignalingDyn,Figure3C_20200711_2pabPAC_2nd3cells_2P,,GO:0019933,GO:0005952,Fbbi:00000249
6871,177-Kinjo-cAMPsignalingDyn,Figure3C_20200711_2pabPAC_2nd3cells_post_handBL,,GO:0019933,GO:0005952,Fbbi:00000249
6872,177-Kinjo-cAMPsignalingDyn,Figure3C_20200711_2pabPAC_2nd3cells_pre,,GO:0019933,GO:0005952,Fbbi:00000249
6873,177-Kinjo-cAMPsignalingDyn,Figure3C_20200711_4493NES_1st_2P,,GO:0019933,GO:0005952,Fbbi:00000249
6874,177-Kinjo-cAMPsignalingDyn,Figure3C_20200711_4493NES_1st_post_handBL,,GO:0019933,GO:0005952,Fbbi:00000249
6875,177-Kinjo-cAMPsignalingDyn,Figure3C_20200711_4493NES_1st_pre,,GO:0019933,GO:0005952,Fbbi:00000249
6876,177-Kinjo-cAMPsignalingDyn,Figure3C_20200711_4493NES_1st3cells_2P,,GO:0019933,GO:0005952,Fbbi:00000249
6877,177-Kinjo-cAMPsignalingDyn,Figure3C_20200711_4493NES_1st3cells_post_handBL,,GO:0019933,GO:0005952,Fbbi:00000249
6878,177-Kinjo-cAMPsignalingDyn,Figure3C_20200711_4493NES_1st3cells_pre,,GO:0019933,GO:0005952,Fbbi:00000249
6879,177-Kinjo-cAMPsignalingDyn,Figure3C_20200711_4493NES_2nd_2P,,GO:0019933,GO:0005952,Fbbi:00000249
6880,177-Kinjo-cAMPsignalingDyn,Figure3C_20200711_4493NES_2nd_post_handBL,,GO:0019933,GO:0005952,Fbbi:00000249
6881,177-Kinjo-cAMPsignalingDyn,Figure3C_20200711_4493NES_2nd_pre,,GO:0019933,GO:0005952,Fbbi:00000249
6882,177-Kinjo-cAMPsignalingDyn,Figure3C_20200711_4493NES_2nd3cells_2P,,GO:0019933,GO:0005952,Fbbi:00000249
6883,177-Kinjo-cAMPsignalingDyn,Figure3C_20200711_4493NES_2nd3cells_post_handBL,,GO:0019933,GO:0005952,Fbbi:00000249
6884,177-Kinjo-cAMPsignalingDyn,Figure3C_20200711_4493NES_2nd3cells_pre,,GO:0019933,GO:0005952,Fbbi:00000249
6885,177-Kinjo-cAMPsignalingDyn,Figure3C_20200715_2pabPAC_1st3cells_2P,,GO:0019933,GO:0005952,Fbbi:00000249
6886,177-Kinjo-cAMPsignalingDyn,Figure3C_20200715_2pabPAC_1st3cells_post_handBL,,GO:0019933,GO:0005952,Fbbi:00000249
6887,177-Kinjo-cAMPsignalingDyn,Figure3C_20200715_2pabPAC_1st3cells_pre,,GO:0019933,GO:0005952,Fbbi:00000249
6888,177-Kinjo-cAMPsignalingDyn,Figure3C_20200715_2pabPAC_2nd3cells_2P,,GO:0019933,GO:0005952,Fbbi:00000249
6889,177-Kinjo-cAMPsignalingDyn,Figure3C_20200715_2pabPAC_2nd3cells_post_handBL,,GO:0019933,GO:0005952,Fbbi:00000249
6890,177-Kinjo-cAMPsignalingDyn,Figure3C_20200715_2pabPAC_2nd3cells_pre,,GO:0019933,GO:0005952,Fbbi:00000249
6891,177-Kinjo-cAMPsignalingDyn,Figure3C_20200715_4493NES_1st_2P,,GO:0019933,GO:0005952,Fbbi:00000249
6892,177-Kinjo-cAMPsignalingDyn,Figure3C_20200715_4493NES_1st_post_handBL,,GO:0019933,GO:0005952,Fbbi:00000249
6893,177-Kinjo-cAMPsignalingDyn,Figure3C_20200715_4493NES_1st_pre,,GO:0019933,GO:0005952,Fbbi:00000249
6894,177-Kinjo-cAMPsignalingDyn,Figure3C_20200715_4493NES_1st3cells_2P,,GO:0019933,GO:0005952,Fbbi:00000249
6895,177-Kinjo-cAMPsignalingDyn,Figure3C_20200715_4493NES_1st3cells_post_handBL,,GO:0019933,GO:0005952,Fbbi:00000249
6896,177-Kinjo-cAMPsignalingDyn,Figure3C_20200715_4493NES_1st3cells_pre,,GO:0019933,GO:0005952,Fbbi:00000249
6897,177-Kinjo-cAMPsignalingDyn,Figure3C_20200715_4493NES_2nd_2P,,GO:0019933,GO:0005952,Fbbi:00000249
6898,177-Kinjo-cAMPsignalingDyn,Figure3C_20200715_4493NES_2nd_post_handBL,,GO:0019933,GO:0005952,Fbbi:00000249
6899,177-Kinjo-cAMPsignalingDyn,Figure3C_20200715_4493NES_2nd_pre,,GO:0019933,GO:0005952,Fbbi:00000249
6900,177-Kinjo-cAMPsignalingDyn,Figure3C_20200715_4493NES_2nd3cells_2P,,GO:0019933,GO:0005952,Fbbi:00000249
6901,177-Kinjo-cAMPsignalingDyn,Figure3C_20200715_4493NES_2nd3cells_post_handBL,,GO:0019933,GO:0005952,Fbbi:00000249
6902,177-Kinjo-cAMPsignalingDyn,Figure3C_20200715_4493NES_2nd3cells_pre,,GO:0019933,GO:0005952,Fbbi:00000249
6903,177-Kinjo-cAMPsignalingDyn,Figure3C_20200717_2pabPAC_1st3cells_2P,,GO:0019933,GO:0005952,Fbbi:00000249
6904,177-Kinjo-cAMPsignalingDyn,Figure3C_20200717_2pabPAC_1st3cells_post_handBL,,GO:0019933,GO:0005952,Fbbi:00000249
6905,177-Kinjo-cAMPsignalingDyn,Figure3C_20200717_2pabPAC_1st3cells_pre,,GO:0019933,GO:0005952,Fbbi:00000249
6906,177-Kinjo-cAMPsignalingDyn,Figure3C_20200717_2pabPAC_2nd3cells_2P,,GO:0019933,GO:0005952,Fbbi:00000249
6907,177-Kinjo-cAMPsignalingDyn,Figure3C_20200717_2pabPAC_2nd3cells_post_handBL,,GO:0019933,GO:0005952,Fbbi:00000249
6908,177-Kinjo-cAMPsignalingDyn,Figure3C_20200717_2pabPAC_2nd3cells_pre,,GO:0019933,GO:0005952,Fbbi:00000249
6909,177-Kinjo-cAMPsignalingDyn,Figure3C_20200717_4493NES_1st3cells_2P,,GO:0019933,GO:0005952,Fbbi:00000249
6910,177-Kinjo-cAMPsignalingDyn,Figure3C_20200717_4493NES_1st3cells_post_handBL,,GO:0019933,GO:0005952,Fbbi:00000249
6911,177-Kinjo-cAMPsignalingDyn,Figure3C_20200717_4493NES_1st3cells_pre,,GO:0019933,GO:0005952,Fbbi:00000249
6912,177-Kinjo-cAMPsignalingDyn,Figure3C_20200717_4493NES_2nd_2P,,GO:0019933,GO:0005952,Fbbi:00000249
6913,177-Kinjo-cAMPsignalingDyn,Figure3C_20200717_4493NES_2nd_post_handBL,,GO:0019933,GO:0005952,Fbbi:00000249
6914,177-Kinjo-cAMPsignalingDyn,Figure3C_20200717_4493NES_2nd_pre,,GO:0019933,GO:0005952,Fbbi:00000249
6915,177-Kinjo-cAMPsignalingDyn,Figure3D_20200118_RMDCK_2pabPAC_2P,,GO:0019933,GO:0005952,Fbbi:00000249
6916,177-Kinjo-cAMPsignalingDyn,Figure3D_20200118_RMDCK_2pabPAC_post_handBL,,GO:0019933,GO:0005952,Fbbi:00000249
6917,177-Kinjo-cAMPsignalingDyn,Figure3D_20200118_RMDCK_2pabPAC_pre,,GO:0019933,GO:0005952,Fbbi:00000249
6918,177-Kinjo-cAMPsignalingDyn,Figure4A_2pabPAC_20200127_1st_z41_2P,,GO:0019933,GO:0005952,Fbbi:00000367
6919,177-Kinjo-cAMPsignalingDyn,Figure4A_2pabPAC_20200127_1st_z41_postHgL,,GO:0019933,GO:0005952,Fbbi:00000367
6920,177-Kinjo-cAMPsignalingDyn,Figure4A_2pabPAC_20200127_1st_z41_pre,,GO:0019933,GO:0005952,Fbbi:00000367
6921,177-Kinjo-cAMPsignalingDyn,Figure4A_2pabPAC_20200716_1st_z41_2P,,GO:0019933,GO:0005952,Fbbi:00000367
6922,177-Kinjo-cAMPsignalingDyn,Figure4A_2pabPAC_20200716_1st_z41_postHgL,,GO:0019933,GO:0005952,Fbbi:00000367
6923,177-Kinjo-cAMPsignalingDyn,Figure4A_2pabPAC_20200716_1st_z41_pre,,GO:0019933,GO:0005952,Fbbi:00000367
6924,177-Kinjo-cAMPsignalingDyn,Figure4A_2pabPAC_20200716-2nd_1st_z41_female_2P,,GO:0019933,GO:0005952,Fbbi:00000367
6925,177-Kinjo-cAMPsignalingDyn,Figure4A_2pabPAC_20200716-2nd_1st_z41_female_postHgL,,GO:0019933,GO:0005952,Fbbi:00000367
6926,177-Kinjo-cAMPsignalingDyn,Figure4A_2pabPAC_20200716-2nd_1st_z41_female_pre,,GO:0019933,GO:0005952,Fbbi:00000367
6927,177-Kinjo-cAMPsignalingDyn,Figure4A_2pabPAC_20200717-2nd_1st_z41_male_2P,,GO:0019933,GO:0005952,Fbbi:00000367
6928,177-Kinjo-cAMPsignalingDyn,Figure4A_2pabPAC_20200717-2nd_1st_z41_male_postHgL,,GO:0019933,GO:0005952,Fbbi:00000367
6929,177-Kinjo-cAMPsignalingDyn,Figure4A_2pabPAC_20200717-2nd_1st_z41_male_pre,,GO:0019933,GO:0005952,Fbbi:00000367
6930,177-Kinjo-cAMPsignalingDyn,Figure4A_2pabPAC_20200717-2nd_2nd_z41_male_2P,,GO:0019933,GO:0005952,Fbbi:00000367
6931,177-Kinjo-cAMPsignalingDyn,Figure4A_2pabPAC_20200717-2nd_2nd_z41_male_postHgL,,GO:0019933,GO:0005952,Fbbi:00000367
6932,177-Kinjo-cAMPsignalingDyn,Figure4A_2pabPAC_20200717-2nd_2nd_z41_male_pre,,GO:0019933,GO:0005952,Fbbi:00000367
6933,177-Kinjo-cAMPsignalingDyn,Figure4A_2pabPAC_without_20200322_1st_z41_2P,,GO:0019933,GO:0005952,Fbbi:00000367
6934,177-Kinjo-cAMPsignalingDyn,Figure4A_2pabPAC_without_20200322_1st_z41_postHgL,,GO:0019933,GO:0005952,Fbbi:00000367
6935,177-Kinjo-cAMPsignalingDyn,Figure4A_2pabPAC_without_20200322_1st_z41_pre,,GO:0019933,GO:0005952,Fbbi:00000367
6936,177-Kinjo-cAMPsignalingDyn,Figure4A_2pabPAC_Y72L_20200714_1st_z41_2P,,GO:0019933,GO:0005952,Fbbi:00000367
6937,177-Kinjo-cAMPsignalingDyn,Figure4A_2pabPAC_Y72L_20200714_1st_z41_postHgL,,GO:0019933,GO:0005952,Fbbi:00000367
6938,177-Kinjo-cAMPsignalingDyn,Figure4A_2pabPAC_Y72L_20200714_1st_z41_pre,,GO:0019933,GO:0005952,Fbbi:00000367
6939,177-Kinjo-cAMPsignalingDyn,Figure4A_2pabPAC_Y72L_20200714_2nd_z41_2P,,GO:0019933,GO:0005952,Fbbi:00000367
6940,177-Kinjo-cAMPsignalingDyn,Figure4A_2pabPAC_Y72L_20200714_2nd_z41_postHgL,,GO:0019933,GO:0005952,Fbbi:00000367
6941,177-Kinjo-cAMPsignalingDyn,Figure4A_2pabPAC_Y72L_20200714_2nd_z41_pre,,GO:0019933,GO:0005952,Fbbi:00000367
6942,177-Kinjo-cAMPsignalingDyn,Figure4A_2pabPAC_Y72L_20200714_3rd_z41_2P,,GO:0019933,GO:0005952,Fbbi:00000367
6943,177-Kinjo-cAMPsignalingDyn,Figure4A_2pabPAC_Y72L_20200714_3rd_z41_postHgL,,GO:0019933,GO:0005952,Fbbi:00000367
6944,177-Kinjo-cAMPsignalingDyn,Figure4A_2pabPAC_Y72L_20200714_3rd_z41_pre,,GO:0019933,GO:0005952,Fbbi:00000367
6945,177-Kinjo-cAMPsignalingDyn,Figure4A_2pabPAC_Y72L_20200714_4th_z41_2P,,GO:0019933,GO:0005952,Fbbi:00000367
6946,177-Kinjo-cAMPsignalingDyn,Figure4A_2pabPAC_Y72L_20200714_4th_z41_postHgL,,GO:0019933,GO:0005952,Fbbi:00000367
6947,177-Kinjo-cAMPsignalingDyn,Figure4A_2pabPAC_Y72L_20200714_4th_z41_pre,,GO:0019933,GO:0005952,Fbbi:00000367
6948,177-Kinjo-cAMPsignalingDyn,Figure4A_2pabPAC_Y72L_20200714-2nd_1st_z41_2P,,GO:0019933,GO:0005952,Fbbi:00000367
6949,177-Kinjo-cAMPsignalingDyn,Figure4A_2pabPAC_Y72L_20200714-2nd_1st_z41_postHgL,,GO:0019933,GO:0005952,Fbbi:00000367
6950,177-Kinjo-cAMPsignalingDyn,Figure4A_2pabPAC_Y72L_20200714-2nd_1st_z41_pre,,GO:0019933,GO:0005952,Fbbi:00000367
6951,177-Kinjo-cAMPsignalingDyn,Figure4A_2pabPAC_Y72L_20200717_1st_z41_2P,,GO:0019933,GO:0005952,Fbbi:00000367
6952,177-Kinjo-cAMPsignalingDyn,Figure4A_2pabPAC_Y72L_20200717_1st_z41_postHgL,,GO:0019933,GO:0005952,Fbbi:00000367
6953,177-Kinjo-cAMPsignalingDyn,Figure4A_2pabPAC_Y72L_20200717_1st_z41_pre,,GO:0019933,GO:0005952,Fbbi:00000367
6954,177-Kinjo-cAMPsignalingDyn,Figure4A_2pabPAC_Y72L_20200717_2nd_z41_2P,,GO:0019933,GO:0005952,Fbbi:00000367
6955,177-Kinjo-cAMPsignalingDyn,Figure4A_2pabPAC_Y72L_20200717_2nd_z41_postHgL,,GO:0019933,GO:0005952,Fbbi:00000367
6956,177-Kinjo-cAMPsignalingDyn,Figure4A_2pabPAC_Y72L_20200717_2nd_z41_pre,,GO:0019933,GO:0005952,Fbbi:00000367
6957,177-Kinjo-cAMPsignalingDyn,Figure4BC_2pabPAC_20200127_5th_good_post2P-1st,,GO:0019933,GO:0005952,Fbbi:00000367
6958,177-Kinjo-cAMPsignalingDyn,Figure4BC_2pabPAC_20200127_5th_good_post2P-2nd,,GO:0019933,GO:0005952,Fbbi:00000367
6959,177-Kinjo-cAMPsignalingDyn,Figure4BC_2pabPAC_20200127_5th_good_post2P-3rd,,GO:0019933,GO:0005952,Fbbi:00000367
6960,177-Kinjo-cAMPsignalingDyn,Figure4BC_2pabPAC_20200127_5th_good_postHgL,,GO:0019933,GO:0005952,Fbbi:00000367
6961,177-Kinjo-cAMPsignalingDyn,Figure4BC_2pabPAC_20200127_5th_good_pre,,GO:0019933,GO:0005952,Fbbi:00000367
6962,178-konagaya-CellMigration,Fig1D_myogenicCell_0dpi,GO:0004707,GO:0016477,,Fbbi:00000254
6963,178-konagaya-CellMigration,Fig1D_myogenicCell_1dpi,GO:0004707,GO:0016477,,Fbbi:00000254
6964,178-konagaya-CellMigration,Fig1D_myogenicCell_2dpi,GO:0004707,GO:0016477,,Fbbi:00000254
6965,178-konagaya-CellMigration,Fig1D_myogenicCell_3dpi,GO:0004707,GO:0016477,,Fbbi:00000254
6966,178-konagaya-CellMigration,Fig1D_myogenicCell_5dpi,GO:0004707,GO:0016477,,Fbbi:00000254
6967,178-konagaya-CellMigration,Fig2A_myogenicCell_migration_lapse1,GO:0004707,GO:0016477,,Fbbi:00000249
6968,178-konagaya-CellMigration,Fig2A_myogenicCell_migration_lapse2,GO:0004707,GO:0016477,,Fbbi:00000249
6969,178-konagaya-CellMigration,Fig2A_myogenicCell_migration_lapse3,GO:0004707,GO:0016477,,Fbbi:00000249
6970,178-konagaya-CellMigration,Fig2BC_myogenicCell_migration_N1_0dpi_lapse2,GO:0004707,GO:0016477,,Fbbi:00000249
6971,178-konagaya-CellMigration,Fig2BC_myogenicCell_migration_N1_0dpi_lapse3,GO:0004707,GO:0016477,,Fbbi:00000249
6972,178-konagaya-CellMigration,Fig2BC_myogenicCell_migration_N1_0dpi_lapse4,GO:0004707,GO:0016477,,Fbbi:00000249
6973,178-konagaya-CellMigration,Fig2BC_myogenicCell_migration_N1_2dpi_lapse5,GO:0004707,GO:0016477,,Fbbi:00000249
6974,178-konagaya-CellMigration,Fig2BC_myogenicCell_migration_N1_2dpi_lapse6,GO:0004707,GO:0016477,,Fbbi:00000249
6975,178-konagaya-CellMigration,Fig2BC_myogenicCell_migration_N1_2dpi_lapse7,GO:0004707,GO:0016477,,Fbbi:00000249
6976,178-konagaya-CellMigration,Fig2BC_myogenicCell_migration_N1_3dpi_lapse2,GO:0004707,GO:0016477,,Fbbi:00000249
6977,178-konagaya-CellMigration,Fig2BC_myogenicCell_migration_N1_5dpi_lapse1,GO:0004707,GO:0016477,,Fbbi:00000249
6978,178-konagaya-CellMigration,Fig2BC_myogenicCell_migration_N1_5dpi_lapse2,GO:0004707,GO:0016477,,Fbbi:00000249
6979,178-konagaya-CellMigration,Fig2BC_myogenicCell_migration_N2_0dpi_lapse1,GO:0004707,GO:0016477,,Fbbi:00000249
6980,178-konagaya-CellMigration,Fig2BC_myogenicCell_migration_N2_0dpi_lapse2,GO:0004707,GO:0016477,,Fbbi:00000249
6981,178-konagaya-CellMigration,Fig2BC_myogenicCell_migration_N2_2dpi_lapse2,GO:0004707,GO:0016477,,Fbbi:00000249
6982,178-konagaya-CellMigration,Fig2BC_myogenicCell_migration_N2_3dpi_lapse1,GO:0004707,GO:0016477,,Fbbi:00000249
6983,178-konagaya-CellMigration,Fig2BC_myogenicCell_migration_N2_3dpi_lapse2,GO:0004707,GO:0016477,,Fbbi:00000249
6984,178-konagaya-CellMigration,Fig2BC_myogenicCell_migration_N2_3dpi_lapse3,GO:0004707,GO:0016477,,Fbbi:00000249
6985,178-konagaya-CellMigration,Fig2BC_myogenicCell_migration_N2_5dpi_lapse3,GO:0004707,GO:0016477,,Fbbi:00000249
6986,178-konagaya-CellMigration,Fig2BC_myogenicCell_migration_N3_0dpi_lapse4,GO:0004707,GO:0016477,,Fbbi:00000249
6987,178-konagaya-CellMigration,Fig2BC_myogenicCell_migration_N3_2dpi_lapse5,GO:0004707,GO:0016477,,Fbbi:00000249
6988,178-konagaya-CellMigration,Fig2BC_myogenicCell_migration_N3_2dpi_lapse6,GO:0004707,GO:0016477,,Fbbi:00000249
6989,178-konagaya-CellMigration,Fig2BC_myogenicCell_migration_N3_3dpi_lapse2,GO:0004707,GO:0016477,,Fbbi:00000249
6990,178-konagaya-CellMigration,Fig2BC_myogenicCell_migration_N3_3dpi_lapse3,GO:0004707,GO:0016477,,Fbbi:00000249
6991,178-konagaya-CellMigration,Fig2BC_myogenicCell_migration_N3_5dpi_lapse3,GO:0004707,GO:0016477,,Fbbi:00000249
6992,178-konagaya-CellMigration,Fig2DEF_myogenicCell_migration_N1_DMSO_lapse1,GO:0004707,GO:0016477,,Fbbi:00000249
6993,178-konagaya-CellMigration,Fig2DEF_myogenicCell_migration_N1_DMSO_lapse2,GO:0004707,GO:0016477,,Fbbi:00000249
6994,178-konagaya-CellMigration,Fig2DEF_myogenicCell_migration_N1_DMSO_lapse3,GO:0004707,GO:0016477,,Fbbi:00000249
6995,178-konagaya-CellMigration,Fig2DEF_myogenicCell_migration_N1_DMSO_lapse4,GO:0004707,GO:0016477,,Fbbi:00000249
6996,178-konagaya-CellMigration,Fig2DEF_myogenicCell_migration_N1_MEKi_lapse5,GO:0004707,GO:0016477,,Fbbi:00000249
6997,178-konagaya-CellMigration,Fig2DEF_myogenicCell_migration_N1_MEKi_lapse6,GO:0004707,GO:0016477,,Fbbi:00000249
6998,178-konagaya-CellMigration,Fig2DEF_myogenicCell_migration_N2_DMSO_lapse1,GO:0004707,GO:0016477,,Fbbi:00000249
6999,178-konagaya-CellMigration,Fig2DEF_myogenicCell_migration_N2_DMSO_lapse2,GO:0004707,GO:0016477,,Fbbi:00000249
7000,178-konagaya-CellMigration,Fig2DEF_myogenicCell_migration_N2_DMSO_lapse3,GO:0004707,GO:0016477,,Fbbi:00000249
7001,178-konagaya-CellMigration,Fig2DEF_myogenicCell_migration_N2_MEKi_lapse4,GO:0004707,GO:0016477,,Fbbi:00000249
7002,178-konagaya-CellMigration,Fig2DEF_myogenicCell_migration_N2_MEKi_lapse5,GO:0004707,GO:0016477,,Fbbi:00000249
7003,178-konagaya-CellMigration,Fig2DEF_myogenicCell_migration_N2_MEKi_lapse6,GO:0004707,GO:0016477,,Fbbi:00000249
7004,178-konagaya-CellMigration,Fig2DEF_myogenicCell_migration_N3_DMSO_lapse1,GO:0004707,GO:0016477,,Fbbi:00000249
7005,178-konagaya-CellMigration,Fig2DEF_myogenicCell_migration_N3_DMSO_lapse2,GO:0004707,GO:0016477,,Fbbi:00000249
7006,178-konagaya-CellMigration,Fig2DEF_myogenicCell_migration_N3_DMSO_lapse3,GO:0004707,GO:0016477,,Fbbi:00000249
7007,178-konagaya-CellMigration,Fig2DEF_myogenicCell_migration_N3_DMSO_lapse4,GO:0004707,GO:0016477,,Fbbi:00000249
7008,178-konagaya-CellMigration,Fig2DEF_myogenicCell_migration_N3_DMSO_lapse5,GO:0004707,GO:0016477,,Fbbi:00000249
7009,178-konagaya-CellMigration,Fig2DEF_myogenicCell_migration_N3_DMSO_lapse6,GO:0004707,GO:0016477,,Fbbi:00000249
7010,178-konagaya-CellMigration,Fig2DEF_myogenicCell_migration_N3_MEKi_lapse7,GO:0004707,GO:0016477,,Fbbi:00000249
7011,178-konagaya-CellMigration,Fig2DEF_myogenicCell_migration_N3_MEKi_lapse8,GO:0004707,GO:0016477,,Fbbi:00000249
7012,178-konagaya-CellMigration,Fig2DEF_myogenicCell_migration_N3_MEKi_lapse9,GO:0004707,GO:0016477,,Fbbi:00000249
7013,178-konagaya-CellMigration,Fig3B_myogenicCell_control_N1,GO:0004707,GO:0016477,,Fbbi:00000246
7014,178-konagaya-CellMigration,Fig3B_myogenicCell_control_N2,GO:0004707,GO:0016477,,Fbbi:00000246
7015,178-konagaya-CellMigration,Fig3B_myogenicCell_control_N3,GO:0004707,GO:0016477,,Fbbi:00000246
7016,178-konagaya-CellMigration,Fig3B_myogenicCell_MEKi_N1,GO:0004707,GO:0016477,,Fbbi:00000246
7017,178-konagaya-CellMigration,Fig3B_myogenicCell_MEKi_N2,GO:0004707,GO:0016477,,Fbbi:00000246
7018,178-konagaya-CellMigration,Fig3B_myogenicCell_MEKi_N3,GO:0004707,GO:0016477,,Fbbi:00000246
7019,178-konagaya-CellMigration,Fig4A_myogenicCell_Fucci_N1_0dpi,GO:0004707,GO:0016477,,Fbbi:00000254
7020,178-konagaya-CellMigration,Fig4A_myogenicCell_Fucci_N1_2dpi,GO:0004707,GO:0016477,,Fbbi:00000254
7021,178-konagaya-CellMigration,Fig4A_myogenicCell_Fucci_N1_3dpi,GO:0004707,GO:0016477,,Fbbi:00000254
7022,178-konagaya-CellMigration,Fig4A_myogenicCell_Fucci_N1_5dpi,GO:0004707,GO:0016477,,Fbbi:00000254
7023,178-konagaya-CellMigration,Fig4A_myogenicCell_Fucci_N2_0dpi,GO:0004707,GO:0016477,,Fbbi:00000254
7024,178-konagaya-CellMigration,Fig4A_myogenicCell_Fucci_N2_2dpi,GO:0004707,GO:0016477,,Fbbi:00000254
7025,178-konagaya-CellMigration,Fig4A_myogenicCell_Fucci_N2_3dpi,GO:0004707,GO:0016477,,Fbbi:00000254
7026,178-konagaya-CellMigration,Fig4A_myogenicCell_Fucci_N2_5dpi,GO:0004707,GO:0016477,,Fbbi:00000254
7027,178-konagaya-CellMigration,Fig4A_myogenicCell_Fucci_N3_0dpi,GO:0004707,GO:0016477,,Fbbi:00000254
7028,178-konagaya-CellMigration,Fig4A_myogenicCell_Fucci_N3_2dpi,GO:0004707,GO:0016477,,Fbbi:00000254
7029,178-konagaya-CellMigration,Fig4A_myogenicCell_Fucci_N3_3dpi,GO:0004707,GO:0016477,,Fbbi:00000254
7030,178-konagaya-CellMigration,Fig4A_myogenicCell_Fucci_N3_5dpi,GO:0004707,GO:0016477,,Fbbi:00000254
7031,178-konagaya-CellMigration,Fig4CD_myogenicCell_Fucci_N1,GO:0004707,GO:0016477,,Fbbi:00000249
7032,178-konagaya-CellMigration,Fig4CD_myogenicCell_Fucci_N2,GO:0004707,GO:0016477,,Fbbi:00000249
7033,178-konagaya-CellMigration,Fig4CD_myogenicCell_Fucci_N3,GO:0004707,GO:0016477,,Fbbi:00000249
7034,178-konagaya-CellMigration,Fig5_myogenicCell_CDK1_2i_N1_lapse1,GO:0004707,GO:0016477,,Fbbi:00000249
7035,178-konagaya-CellMigration,Fig5_myogenicCell_CDK1_2i_N1_lapse2,GO:0004707,GO:0016477,,Fbbi:00000249
7036,178-konagaya-CellMigration,Fig5_myogenicCell_CDK1_2i_N1_lapse3,GO:0004707,GO:0016477,,Fbbi:00000249
7037,178-konagaya-CellMigration,Fig5_myogenicCell_CDK1_2i_N1_lapse4,GO:0004707,GO:0016477,,Fbbi:00000249
7038,178-konagaya-CellMigration,Fig5_myogenicCell_CDK1_2i_N1_lapse5,GO:0004707,GO:0016477,,Fbbi:00000249
7039,178-konagaya-CellMigration,Fig5_myogenicCell_CDK1_2i_N1_lapse6,GO:0004707,GO:0016477,,Fbbi:00000249
7040,178-konagaya-CellMigration,Fig5_myogenicCell_CDK1_2i_N1_lapse7,GO:0004707,GO:0016477,,Fbbi:00000249
7041,178-konagaya-CellMigration,Fig5_myogenicCell_CDK1_2i_N1_lapse8,GO:0004707,GO:0016477,,Fbbi:00000249
7042,178-konagaya-CellMigration,Fig5_myogenicCell_CDK1_2i_N1_lapse9,GO:0004707,GO:0016477,,Fbbi:00000249
7043,178-konagaya-CellMigration,Fig5_myogenicCell_CDK1_2i_N1_lapse10,GO:0004707,GO:0016477,,Fbbi:00000249
7044,178-konagaya-CellMigration,Fig5_myogenicCell_CDK1_2i_N2_lapse1,GO:0004707,GO:0016477,,Fbbi:00000249
7045,178-konagaya-CellMigration,Fig5_myogenicCell_CDK1_2i_N2_lapse2,GO:0004707,GO:0016477,,Fbbi:00000249
7046,178-konagaya-CellMigration,Fig5_myogenicCell_CDK1_2i_N2_lapse3,GO:0004707,GO:0016477,,Fbbi:00000249
7047,178-konagaya-CellMigration,Fig5_myogenicCell_CDK1_2i_N2_lapse4,GO:0004707,GO:0016477,,Fbbi:00000249
7048,178-konagaya-CellMigration,Fig5_myogenicCell_CDK1_2i_N2_lapse5,GO:0004707,GO:0016477,,Fbbi:00000249
7049,178-konagaya-CellMigration,Fig5_myogenicCell_CDK1_2i_N2_lapse6,GO:0004707,GO:0016477,,Fbbi:00000249
7050,178-konagaya-CellMigration,Fig5_myogenicCell_CDK1_2i_N3_lapse1,GO:0004707,GO:0016477,,Fbbi:00000249
7051,178-konagaya-CellMigration,Fig5_myogenicCell_CDK1_2i_N3_lapse2,GO:0004707,GO:0016477,,Fbbi:00000249
7052,178-konagaya-CellMigration,Fig5_myogenicCell_CDK1_2i_N3_lapse3,GO:0004707,GO:0016477,,Fbbi:00000249
7053,178-konagaya-CellMigration,Fig5_myogenicCell_CDK1_2i_N3_lapse4,GO:0004707,GO:0016477,,Fbbi:00000249
7054,178-konagaya-CellMigration,Fig5_myogenicCell_CDK1_2i_N3_lapse5,GO:0004707,GO:0016477,,Fbbi:00000249
7055,178-konagaya-CellMigration,Fig5_myogenicCell_CDK1_2i_N3_lapse6,GO:0004707,GO:0016477,,Fbbi:00000249
7056,178-konagaya-CellMigration,Fig5_myogenicCell_CDK1_2i_N3_lapse7,GO:0004707,GO:0016477,,Fbbi:00000249
7057,178-konagaya-CellMigration,Fig5_myogenicCell_CDK1_2i_N3_lapse8,GO:0004707,GO:0016477,,Fbbi:00000249
7058,178-konagaya-CellMigration,Fig5_myogenicCell_CDK1_2i_N3_lapse9,GO:0004707,GO:0016477,,Fbbi:00000249
7059,178-konagaya-CellMigration,Fig5_myogenicCell_CDK1_2i_N4_lapse4,GO:0004707,GO:0016477,,Fbbi:00000249
7060,178-konagaya-CellMigration,Fig5_myogenicCell_CDK1_2i_N4_lapse5,GO:0004707,GO:0016477,,Fbbi:00000249
7061,178-konagaya-CellMigration,Fig5_myogenicCell_CDK1_2i_N4_lapse6,GO:0004707,GO:0016477,,Fbbi:00000249
7062,178-konagaya-CellMigration,Fig5_myogenicCell_CDK1_2i_N4_lapse7,GO:0004707,GO:0016477,,Fbbi:00000249
7063,178-konagaya-CellMigration,Fig5_myogenicCell_CDK1_2i_N4_lapse8,GO:0004707,GO:0016477,,Fbbi:00000249
7064,178-konagaya-CellMigration,Fig5_myogenicCell_CDK1i_N1_lapse1,GO:0004707,GO:0016477,,Fbbi:00000249
7065,178-konagaya-CellMigration,Fig5_myogenicCell_CDK1i_N1_lapse2,GO:0004707,GO:0016477,,Fbbi:00000249
7066,178-konagaya-CellMigration,Fig5_myogenicCell_CDK1i_N1_lapse3,GO:0004707,GO:0016477,,Fbbi:00000249
7067,178-konagaya-CellMigration,Fig5_myogenicCell_CDK1i_N1_lapse4,GO:0004707,GO:0016477,,Fbbi:00000249
7068,178-konagaya-CellMigration,Fig5_myogenicCell_CDK1i_N1_lapse5,GO:0004707,GO:0016477,,Fbbi:00000249
7069,178-konagaya-CellMigration,Fig5_myogenicCell_CDK1i_N1_lapse6,GO:0004707,GO:0016477,,Fbbi:00000249
7070,178-konagaya-CellMigration,Fig5_myogenicCell_CDK1i_N2_lapse1,GO:0004707,GO:0016477,,Fbbi:00000249
7071,178-konagaya-CellMigration,Fig5_myogenicCell_CDK1i_N2_lapse2,GO:0004707,GO:0016477,,Fbbi:00000249
7072,178-konagaya-CellMigration,Fig5_myogenicCell_CDK1i_N2_lapse3,GO:0004707,GO:0016477,,Fbbi:00000249
7073,178-konagaya-CellMigration,Fig5_myogenicCell_CDK1i_N2_lapse4,GO:0004707,GO:0016477,,Fbbi:00000249
7074,178-konagaya-CellMigration,Fig5_myogenicCell_CDK1i_N2_lapse5,GO:0004707,GO:0016477,,Fbbi:00000249
7075,178-konagaya-CellMigration,Fig5_myogenicCell_CDK1i_N2_lapse6,GO:0004707,GO:0016477,,Fbbi:00000249
7076,178-konagaya-CellMigration,Fig5_myogenicCell_CDK1i_N2_lapse7,GO:0004707,GO:0016477,,Fbbi:00000249
7077,178-konagaya-CellMigration,Fig5_myogenicCell_CDK1i_N3_lapse1,GO:0004707,GO:0016477,,Fbbi:00000249
7078,178-konagaya-CellMigration,Fig5_myogenicCell_CDK1i_N3_lapse2,GO:0004707,GO:0016477,,Fbbi:00000249
7079,178-konagaya-CellMigration,Fig5_myogenicCell_CDK1i_N3_lapse3,GO:0004707,GO:0016477,,Fbbi:00000249
7080,178-konagaya-CellMigration,Fig5_myogenicCell_CDK1i_N3_lapse4,GO:0004707,GO:0016477,,Fbbi:00000249
7081,178-konagaya-CellMigration,Fig5_myogenicCell_CDK1i_N3_lapse5,GO:0004707,GO:0016477,,Fbbi:00000249
7082,178-konagaya-CellMigration,Fig5_myogenicCell_CDK4_6i_N1_lapse1,GO:0004707,GO:0016477,,Fbbi:00000249
7083,178-konagaya-CellMigration,Fig5_myogenicCell_CDK4_6i_N1_lapse2,GO:0004707,GO:0016477,,Fbbi:00000249
7084,178-konagaya-CellMigration,Fig5_myogenicCell_CDK4_6i_N1_lapse3,GO:0004707,GO:0016477,,Fbbi:00000249
7085,178-konagaya-CellMigration,Fig5_myogenicCell_CDK4_6i_N1_lapse4,GO:0004707,GO:0016477,,Fbbi:00000249
7086,178-konagaya-CellMigration,Fig5_myogenicCell_CDK4_6i_N1_lapse5,GO:0004707,GO:0016477,,Fbbi:00000249
7087,178-konagaya-CellMigration,Fig5_myogenicCell_CDK4_6i_N2_lapse1,GO:0004707,GO:0016477,,Fbbi:00000249
7088,178-konagaya-CellMigration,Fig5_myogenicCell_CDK4_6i_N2_lapse2,GO:0004707,GO:0016477,,Fbbi:00000249
7089,178-konagaya-CellMigration,Fig5_myogenicCell_CDK4_6i_N2_lapse3,GO:0004707,GO:0016477,,Fbbi:00000249
7090,178-konagaya-CellMigration,Fig5_myogenicCell_CDK4_6i_N2_lapse4,GO:0004707,GO:0016477,,Fbbi:00000249
7091,178-konagaya-CellMigration,Fig5_myogenicCell_CDK4_6i_N3_lapse1,GO:0004707,GO:0016477,,Fbbi:00000249
7092,178-konagaya-CellMigration,Fig5_myogenicCell_CDK4_6i_N3_lapse2,GO:0004707,GO:0016477,,Fbbi:00000249
7093,178-konagaya-CellMigration,Fig5_myogenicCell_CDK4_6i_N3_lapse3,GO:0004707,GO:0016477,,Fbbi:00000249
7094,178-konagaya-CellMigration,Fig5_myogenicCell_CDK4_6i_N3_lapse4,GO:0004707,GO:0016477,,Fbbi:00000249
7095,178-konagaya-CellMigration,Fig5_myogenicCell_CDK4_6i_N3_lapse5,GO:0004707,GO:0016477,,Fbbi:00000249
7096,178-konagaya-CellMigration,Fig5_myogenicCell_CDK4_6i_N3_lapse6,GO:0004707,GO:0016477,,Fbbi:00000249
7097,178-konagaya-CellMigration,Fig5_myogenicCell_CDK4_6i_N3_lapse7,GO:0004707,GO:0016477,,Fbbi:00000249
7098,178-konagaya-CellMigration,Fig5_myogenicCell_CDK4_6i_N3_lapse8,GO:0004707,GO:0016477,,Fbbi:00000249
7099,178-konagaya-CellMigration,Fig5_myogenicCell_CDK4_6i_N3_lapse9,GO:0004707,GO:0016477,,Fbbi:00000249
7100,178-konagaya-CellMigration,Fig5_myogenicCell_DMSO_N1_lapse1,GO:0004707,GO:0016477,,Fbbi:00000249
7101,178-konagaya-CellMigration,Fig5_myogenicCell_DMSO_N1_lapse2,GO:0004707,GO:0016477,,Fbbi:00000249
7102,178-konagaya-CellMigration,Fig5_myogenicCell_DMSO_N1_lapse3,GO:0004707,GO:0016477,,Fbbi:00000249
7103,178-konagaya-CellMigration,Fig5_myogenicCell_DMSO_N1_lapse4,GO:0004707,GO:0016477,,Fbbi:00000249
7104,178-konagaya-CellMigration,Fig5_myogenicCell_DMSO_N2_lapse1,GO:0004707,GO:0016477,,Fbbi:00000249
7105,178-konagaya-CellMigration,Fig5_myogenicCell_DMSO_N2_lapse2,GO:0004707,GO:0016477,,Fbbi:00000249
7106,178-konagaya-CellMigration,Fig5_myogenicCell_DMSO_N2_lapse3,GO:0004707,GO:0016477,,Fbbi:00000249
7107,178-konagaya-CellMigration,Fig5_myogenicCell_DMSO_N2_lapse4,GO:0004707,GO:0016477,,Fbbi:00000249
7108,178-konagaya-CellMigration,Fig5_myogenicCell_DMSO_N3_lapse1,GO:0004707,GO:0016477,,Fbbi:00000249
7109,178-konagaya-CellMigration,Fig5_myogenicCell_DMSO_N3_lapse2,GO:0004707,GO:0016477,,Fbbi:00000249
7110,178-konagaya-CellMigration,Fig5_myogenicCell_DMSO_N3_lapse3,GO:0004707,GO:0016477,,Fbbi:00000249
7111,178-konagaya-CellMigration,Fig5_myogenicCell_DMSO_N3_lapse4,GO:0004707,GO:0016477,,Fbbi:00000249
7112,178-konagaya-CellMigration,Fig5_myogenicCell_DMSO_N4_lapse1,GO:0004707,GO:0016477,,Fbbi:00000249
7113,178-konagaya-CellMigration,Fig5_myogenicCell_DMSO_N4_lapse2,GO:0004707,GO:0016477,,Fbbi:00000249
7114,178-konagaya-CellMigration,Fig5_myogenicCell_DMSO_N4_lapse3,GO:0004707,GO:0016477,,Fbbi:00000249
7115,178-konagaya-CellMigration,Fig5_myogenicCell_DMSO_N4_lapse4,GO:0004707,GO:0016477,,Fbbi:00000249
7116,178-konagaya-CellMigration,Fig5_myogenicCell_DMSO_N4_lapse5,GO:0004707,GO:0016477,,Fbbi:00000249
7117,178-konagaya-CellMigration,Fig5_myogenicCell_DMSO_N4_lapse6,GO:0004707,GO:0016477,,Fbbi:00000249
7118,178-konagaya-CellMigration,FigS2A_regenerated_muscels_3dpi,GO:0004707,GO:0016477,,Fbbi:00000245
7119,178-konagaya-CellMigration,FigS2A_regenerated_muscels_5dpi_1,GO:0004707,GO:0016477,,Fbbi:00000245
7120,178-konagaya-CellMigration,FigS2A_regenerated_muscels_5dpi_2,GO:0004707,GO:0016477,,Fbbi:00000245
7121,178-konagaya-CellMigration,FigS3C_myogenic_mVenus-hGeminin_3dpi,GO:0004707,GO:0016477,,Fbbi:00000249
7122,179-Kobachi-BLVRAactivity,Fig3B_BlvraKO_Earskin_mouse1_1,GO:0004074,,,Fbbi:00000246
7123,179-Kobachi-BLVRAactivity,Fig3B_BlvraKO_Earskin_mouse1_2,GO:0004074,,,Fbbi:00000246
7124,179-Kobachi-BLVRAactivity,Fig3B_BlvraKO_Earskin_mouse2_1,GO:0004074,,,Fbbi:00000246
7125,179-Kobachi-BLVRAactivity,Fig3B_BlvraKO_Earskin_mouse2_2,GO:0004074,,,Fbbi:00000246
7126,179-Kobachi-BLVRAactivity,Fig3B_BlvraKO_Earskin_mouse2_3,GO:0004074,,,Fbbi:00000246
7127,179-Kobachi-BLVRAactivity,Fig3B_BlvraKO_Earskin_mouse3_1,GO:0004074,,,Fbbi:00000246
7128,179-Kobachi-BLVRAactivity,Fig3B_BlvraKO_Earskin_mouse3_2,GO:0004074,,,Fbbi:00000246
7129,179-Kobachi-BLVRAactivity,Fig3B_BlvraKO_Earskin_mouse3_3,GO:0004074,,,Fbbi:00000246
7130,179-Kobachi-BLVRAactivity,Fig3B_BlvraKO_Kidney_mouse1_1,GO:0004074,,,Fbbi:00000246
7131,179-Kobachi-BLVRAactivity,Fig3B_BlvraKO_Kidney_mouse1_2,GO:0004074,,,Fbbi:00000246
7132,179-Kobachi-BLVRAactivity,Fig3B_BlvraKO_Kidney_mouse2_1,GO:0004074,,,Fbbi:00000246
7133,179-Kobachi-BLVRAactivity,Fig3B_BlvraKO_Kidney_mouse2_2,GO:0004074,,,Fbbi:00000246
7134,179-Kobachi-BLVRAactivity,Fig3B_BlvraKO_Kidney_mouse3_1,GO:0004074,,,Fbbi:00000246
7135,179-Kobachi-BLVRAactivity,Fig3B_BlvraKO_Kidney_mouse3_2,GO:0004074,,,Fbbi:00000246
7136,179-Kobachi-BLVRAactivity,Fig3B_BlvraKO_Kidney_mouse4_1,GO:0004074,,,Fbbi:00000246
7137,179-Kobachi-BLVRAactivity,Fig3B_BlvraKO_Kidney_mouse4_2,GO:0004074,,,Fbbi:00000246
7138,179-Kobachi-BLVRAactivity,Fig3B_BlvraKO_Liver_mouse1_1,GO:0004074,,,Fbbi:00000246
7139,179-Kobachi-BLVRAactivity,Fig3B_BlvraKO_Liver_mouse1_2,GO:0004074,,,Fbbi:00000246
7140,179-Kobachi-BLVRAactivity,Fig3B_BlvraKO_Liver_mouse2_1,GO:0004074,,,Fbbi:00000246
7141,179-Kobachi-BLVRAactivity,Fig3B_BlvraKO_Liver_mouse2_2,GO:0004074,,,Fbbi:00000246
7142,179-Kobachi-BLVRAactivity,Fig3B_BlvraKO_Liver_mouse3_1,GO:0004074,,,Fbbi:00000246
7143,179-Kobachi-BLVRAactivity,Fig3B_BlvraKO_Liver_mouse3_2,GO:0004074,,,Fbbi:00000246
7144,179-Kobachi-BLVRAactivity,Fig3B_BlvraKO_Liver_mouse4_1,GO:0004074,,,Fbbi:00000246
7145,179-Kobachi-BLVRAactivity,Fig3B_BlvraKO_Liver_mouse4_2,GO:0004074,,,Fbbi:00000246
7146,179-Kobachi-BLVRAactivity,Fig3B_BlvraKO_Pancreas_mouse1,GO:0004074,,,Fbbi:00000246
7147,179-Kobachi-BLVRAactivity,Fig3B_BlvraKO_Pancreas_mouse2_1,GO:0004074,,,Fbbi:00000246
7148,179-Kobachi-BLVRAactivity,Fig3B_BlvraKO_Pancreas_mouse2_2,GO:0004074,,,Fbbi:00000246
7149,179-Kobachi-BLVRAactivity,Fig3B_BlvraKO_Pancreas_mouse2_3,GO:0004074,,,Fbbi:00000246
7150,179-Kobachi-BLVRAactivity,Fig3B_BlvraKO_Pancreas_mouse3_1,GO:0004074,,,Fbbi:00000246
7151,179-Kobachi-BLVRAactivity,Fig3B_BlvraKO_Pancreas_mouse3_2,GO:0004074,,,Fbbi:00000246
7152,179-Kobachi-BLVRAactivity,Fig3B_BlvraKO_Pancreas_mouse3_3,GO:0004074,,,Fbbi:00000246
7153,179-Kobachi-BLVRAactivity,Fig3B_BlvraKO_Pancreas_mouse3_4,GO:0004074,,,Fbbi:00000246
7154,179-Kobachi-BLVRAactivity,Fig3B_WT_Earskin_mouse1_1,GO:0004074,,,Fbbi:00000246
7155,179-Kobachi-BLVRAactivity,Fig3B_WT_Earskin_mouse1_2,GO:0004074,,,Fbbi:00000246
7156,179-Kobachi-BLVRAactivity,Fig3B_WT_Earskin_mouse2_1,GO:0004074,,,Fbbi:00000246
7157,179-Kobachi-BLVRAactivity,Fig3B_WT_Earskin_mouse2_2,GO:0004074,,,Fbbi:00000246
7158,179-Kobachi-BLVRAactivity,Fig3B_WT_Earskin_mouse3_1,GO:0004074,,,Fbbi:00000246
7159,179-Kobachi-BLVRAactivity,Fig3B_WT_Earskin_mouse3_2,GO:0004074,,,Fbbi:00000246
7160,179-Kobachi-BLVRAactivity,Fig3B_WT_Earskin_mouse4_1,GO:0004074,,,Fbbi:00000246
7161,179-Kobachi-BLVRAactivity,Fig3B_WT_Earskin_mouse4_2,GO:0004074,,,Fbbi:00000246
7162,179-Kobachi-BLVRAactivity,Fig3B_WT_Earskin_mouse4_3,GO:0004074,,,Fbbi:00000246
7163,179-Kobachi-BLVRAactivity,Fig3B_WT_Kidney_mouse1_1,GO:0004074,,,Fbbi:00000246
7164,179-Kobachi-BLVRAactivity,Fig3B_WT_Kidney_mouse1_2,GO:0004074,,,Fbbi:00000246
7165,179-Kobachi-BLVRAactivity,Fig3B_WT_Kidney_mouse2_1,GO:0004074,,,Fbbi:00000246
7166,179-Kobachi-BLVRAactivity,Fig3B_WT_Kidney_mouse2_2,GO:0004074,,,Fbbi:00000246
7167,179-Kobachi-BLVRAactivity,Fig3B_WT_Kidney_mouse3_1,GO:0004074,,,Fbbi:00000246
7168,179-Kobachi-BLVRAactivity,Fig3B_WT_Kidney_mouse3_2,GO:0004074,,,Fbbi:00000246
7169,179-Kobachi-BLVRAactivity,Fig3B_WT_Kidney_mouse4_1,GO:0004074,,,Fbbi:00000246
7170,179-Kobachi-BLVRAactivity,Fig3B_WT_Kidney_mouse4_2,GO:0004074,,,Fbbi:00000246
7171,179-Kobachi-BLVRAactivity,Fig3B_WT_Liver_mouse1_1,GO:0004074,,,Fbbi:00000246
7172,179-Kobachi-BLVRAactivity,Fig3B_WT_Liver_mouse1_2,GO:0004074,,,Fbbi:00000246
7173,179-Kobachi-BLVRAactivity,Fig3B_WT_Liver_mouse2_1,GO:0004074,,,Fbbi:00000246
7174,179-Kobachi-BLVRAactivity,Fig3B_WT_Liver_mouse2_2,GO:0004074,,,Fbbi:00000246
7175,179-Kobachi-BLVRAactivity,Fig3B_WT_Liver_mouse3_1,GO:0004074,,,Fbbi:00000246
7176,179-Kobachi-BLVRAactivity,Fig3B_WT_Liver_mouse3_2,GO:0004074,,,Fbbi:00000246
7177,179-Kobachi-BLVRAactivity,Fig3B_WT_Liver_mouse4_1,GO:0004074,,,Fbbi:00000246
7178,179-Kobachi-BLVRAactivity,Fig3B_WT_Liver_mouse4_2,GO:0004074,,,Fbbi:00000246
7179,179-Kobachi-BLVRAactivity,Fig3B_WT_Pancreas_mouse1_1,GO:0004074,,,Fbbi:00000246
7180,179-Kobachi-BLVRAactivity,Fig3B_WT_Pancreas_mouse1_2,GO:0004074,,,Fbbi:00000246
7181,179-Kobachi-BLVRAactivity,Fig3B_WT_Pancreas_mouse2_1,GO:0004074,,,Fbbi:00000246
7182,179-Kobachi-BLVRAactivity,Fig3B_WT_Pancreas_mouse2_2,GO:0004074,,,Fbbi:00000246
7183,179-Kobachi-BLVRAactivity,Fig3B_WT_Pancreas_mouse3_1,GO:0004074,,,Fbbi:00000246
7184,179-Kobachi-BLVRAactivity,Fig3B_WT_Pancreas_mouse3_2,GO:0004074,,,Fbbi:00000246
7185,179-Kobachi-BLVRAactivity,Fig3B_WT_Pancreas_mouse3_3,GO:0004074,,,Fbbi:00000246
7186,179-Kobachi-BLVRAactivity,Fig3B_WT_Pancreas_mouse4_1,GO:0004074,,,Fbbi:00000246
7187,179-Kobachi-BLVRAactivity,Fig3B_WT_Pancreas_mouse4_2,GO:0004074,,,Fbbi:00000246
7188,179-Kobachi-BLVRAactivity,Fig3B_WT_Pancreas_mouse4_3,GO:0004074,,,Fbbi:00000246
7189,179-Kobachi-BLVRAactivity,Fig3B_WT_Pancreas_mouse4_4,GO:0004074,,,Fbbi:00000246
7190,179-Kobachi-BLVRAactivity,Fig3D_Brain_BVRaKO,GO:0004074,,,Fbbi:00000246
7191,179-Kobachi-BLVRAactivity,Fig3D_Brain_WT,GO:0004074,,,Fbbi:00000246
7192,179-Kobachi-BLVRAactivity,Fig4C_N1_ionomycine_BVRAKO1,GO:0004074,,,Fbbi:00000251
7193,179-Kobachi-BLVRAactivity,Fig4C_N1_ionomycine_BVRAKO2,GO:0004074,,,Fbbi:00000251
7194,179-Kobachi-BLVRAactivity,Fig4C_N1_ionomycine_BVRAKO3,GO:0004074,,,Fbbi:00000251
7195,179-Kobachi-BLVRAactivity,Fig4C_N1_ionomycine_WT1,GO:0004074,,,Fbbi:00000251
7196,179-Kobachi-BLVRAactivity,Fig4C_N1_ionomycine_WT2,GO:0004074,,,Fbbi:00000251
7197,179-Kobachi-BLVRAactivity,Fig4C_N1_ionomycine_WT3,GO:0004074,,,Fbbi:00000251
7198,179-Kobachi-BLVRAactivity,Fig4C_N2_BVRAKO1,GO:0004074,,,Fbbi:00000251
7199,179-Kobachi-BLVRAactivity,Fig4C_N2_BVRAKO2,GO:0004074,,,Fbbi:00000251
7200,179-Kobachi-BLVRAactivity,Fig4C_N2_BVRAKO3,GO:0004074,,,Fbbi:00000251
7201,179-Kobachi-BLVRAactivity,Fig4C_N2_WT1,GO:0004074,,,Fbbi:00000251
7202,179-Kobachi-BLVRAactivity,Fig4C_N2_WT2,GO:0004074,,,Fbbi:00000251
7203,179-Kobachi-BLVRAactivity,Fig4C_N2_WT3,GO:0004074,,,Fbbi:00000251
7204,179-Kobachi-BLVRAactivity,Fig5C_HeLa_BVRAKO1,GO:0004074,,GO:0005737,Fbbi:00000246
7205,179-Kobachi-BLVRAactivity,Fig5C_HeLa_BVRAKO2,GO:0004074,,GO:0005737,Fbbi:00000246
7206,179-Kobachi-BLVRAactivity,Fig5C_HeLa_BVRAKO3,GO:0004074,,GO:0005737,Fbbi:00000246
7207,179-Kobachi-BLVRAactivity,Fig5C_HeLa_WT1,GO:0004074,,GO:0005737,Fbbi:00000246
7208,179-Kobachi-BLVRAactivity,Fig5C_HeLa_WT2,GO:0004074,,GO:0005737,Fbbi:00000246
7209,179-Kobachi-BLVRAactivity,Fig5C_HeLa_WT3,GO:0004074,,GO:0005737,Fbbi:00000246
7210,179-Kobachi-BLVRAactivity,Fig5C_HeLa_WT4,GO:0004074,,GO:0005737,Fbbi:00000246
7211,180-Watabe-Biosensoractivity,Fig1B_No1_afterFSK,GO:0004707,,,Fbbi:00000605
7212,180-Watabe-Biosensoractivity,Fig1B_No1_beforeFSK,GO:0004707,,,Fbbi:00000605
7213,180-Watabe-Biosensoractivity,Fig1B_No2_afterFSK,GO:0004707,,,Fbbi:00000605
7214,180-Watabe-Biosensoractivity,Fig1B_No2_beforeFSK,GO:0004707,,,Fbbi:00000605
7215,180-Watabe-Biosensoractivity,Fig1B_No3_afterFSK,GO:0004707,,,Fbbi:00000605
7216,180-Watabe-Biosensoractivity,Fig1B_No3_beforeFSK,GO:0004707,,,Fbbi:00000605
7217,180-Watabe-Biosensoractivity,Fig1B_No4_afterFSK,GO:0004707,,,Fbbi:00000605
7218,180-Watabe-Biosensoractivity,Fig1B_No4_beforeFSK,GO:0004707,,,Fbbi:00000605
7219,180-Watabe-Biosensoractivity,Fig1B_No5_afterFSK,GO:0004707,,,Fbbi:00000605
7220,180-Watabe-Biosensoractivity,Fig1B_No5_beforeFSK,GO:0004707,,,Fbbi:00000605
7221,180-Watabe-Biosensoractivity,Fig1B_No6_afterFSK,GO:0004707,,,Fbbi:00000605
7222,180-Watabe-Biosensoractivity,Fig1B_No6_beforeFSK,GO:0004707,,,Fbbi:00000605
7223,180-Watabe-Biosensoractivity,Fig1B_No7_afterFSK,GO:0004707,,,Fbbi:00000605
7224,180-Watabe-Biosensoractivity,Fig1B_No7_beforeFSK,GO:0004707,,,Fbbi:00000605
7225,180-Watabe-Biosensoractivity,Fig1B_No8_afterFSK,GO:0004707,,,Fbbi:00000605
7226,180-Watabe-Biosensoractivity,Fig1B_No8_beforeFSK,GO:0004707,,,Fbbi:00000605
7227,180-Watabe-Biosensoractivity,Fig1B_No9_afterFSK,GO:0004707,,,Fbbi:00000605
7228,180-Watabe-Biosensoractivity,Fig1B_No9_beforeFSK,GO:0004707,,,Fbbi:00000605
7229,180-Watabe-Biosensoractivity,Fig1B_No10_afterFSK,GO:0004707,,,Fbbi:00000605
7230,180-Watabe-Biosensoractivity,Fig1B_No10_beforeFSK,GO:0004707,,,Fbbi:00000605
7231,180-Watabe-Biosensoractivity,Fig1B_No11_afterFSK,GO:0004707,,,Fbbi:00000605
7232,180-Watabe-Biosensoractivity,Fig1B_No11_beforeFSK,GO:0004707,,,Fbbi:00000605
7233,180-Watabe-Biosensoractivity,Fig1B_No12_afterFSK,GO:0004707,,,Fbbi:00000605
7234,180-Watabe-Biosensoractivity,Fig1B_No12_beforeFSK,GO:0004707,,,Fbbi:00000605
7235,180-Watabe-Biosensoractivity,Fig1B_No13_afterFSK,GO:0004707,,,Fbbi:00000605
7236,180-Watabe-Biosensoractivity,Fig1B_No13_beforeFSK,GO:0004707,,,Fbbi:00000605
7237,180-Watabe-Biosensoractivity,Fig1B_No14_afterFSK,GO:0004707,,,Fbbi:00000605
7238,180-Watabe-Biosensoractivity,Fig1B_No14_beforeFSK,GO:0004707,,,Fbbi:00000605
7239,180-Watabe-Biosensoractivity,Fig1B_No15_afterFSK,GO:0004707,,,Fbbi:00000605
7240,180-Watabe-Biosensoractivity,Fig1B_No15_beforeFSK,GO:0004707,,,Fbbi:00000605
7241,180-Watabe-Biosensoractivity,Fig1B_No16_afterFSK,GO:0004707,,,Fbbi:00000605
7242,180-Watabe-Biosensoractivity,Fig1B_No16_beforeFSK,GO:0004707,,,Fbbi:00000249
7243,180-Watabe-Biosensoractivity,Fig2AB_HeLa_3559NES_AKAR3EV,GO:0004707,,,Fbbi:00000249
7244,180-Watabe-Biosensoractivity,Fig2AB_HeLa_4493NES_BoosterPKA,GO:0004707,,,Fbbi:00000249
7245,180-Watabe-Biosensoractivity,Fig2AB_HeLa_4589NES_PKA_TAmutant,GO:0004707,,,Fbbi:00000249
7246,180-Watabe-Biosensoractivity,Figure3A_Booster_JNK,GO:0004707,,,Fbbi:00000249
7247,180-Watabe-Biosensoractivity,Figure3B_Booster_ROCK,GO:0004707,,,Fbbi:00000249
7248,180-Watabe-Biosensoractivity,Figure3C_Booster_ERK,GO:0004707,,,Fbbi:00000249
7249,180-Watabe-Biosensoractivity,Figure4C_HeLa_EKAREV_Booster-PKA,GO:0004707,,,Fbbi:00000249
7250,180-Watabe-Biosensoractivity,Figure5A_FSK_HeLa_FSKtiteration1_thumb_w1CFP,GO:0004707,,,Fbbi:00000367
7251,180-Watabe-Biosensoractivity,Figure5A_FSK_HeLa_FSKtiteration1_thumb_w2FRET,GO:0004707,,,Fbbi:00000367
7252,180-Watabe-Biosensoractivity,Figure5A_FSK_HeLa_FSKtiteration1_thumb_w3mKO2,GO:0004707,,,Fbbi:00000367
7253,180-Watabe-Biosensoractivity,Figure5A_FSK_HeLa_FSKtiteration1_thumb_w4mKate2-FRET,GO:0004707,,,Fbbi:00000367
7254,180-Watabe-Biosensoractivity,Figure5A_FSK_HeLa_FSKtiteration1_thumb_w5DIC-fast,GO:0004707,,,Fbbi:00000367
7255,180-Watabe-Biosensoractivity,Figure5A_FSK_HeLa_FSKtiteration1_w1CFP,GO:0004707,,,Fbbi:00000367
7256,180-Watabe-Biosensoractivity,Figure5A_FSK_HeLa_FSKtiteration1_w2FRET,GO:0004707,,,Fbbi:00000367
7257,180-Watabe-Biosensoractivity,Figure5A_FSK_HeLa_FSKtiteration1_w3mKO2,GO:0004707,,,Fbbi:00000367
7258,180-Watabe-Biosensoractivity,Figure5A_FSK_HeLa_FSKtiteration1_w4mKate2-FRET,GO:0004707,,,Fbbi:00000367
7259,180-Watabe-Biosensoractivity,Figure5A_FSK_HeLa_FSKtiteration1_w5DIC-fast,GO:0004707,,,Fbbi:00000367
7260,180-Watabe-Biosensoractivity,Figure5B_ISO_HeLa_Isotiteration_thumb_w1CFP,GO:0004707,,,Fbbi:00000367
7261,180-Watabe-Biosensoractivity,Figure5B_ISO_HeLa_Isotiteration_thumb_w2FRET,GO:0004707,,,Fbbi:00000367
7262,180-Watabe-Biosensoractivity,Figure5B_ISO_HeLa_Isotiteration_thumb_w3mKO2,GO:0004707,,,Fbbi:00000367
7263,180-Watabe-Biosensoractivity,Figure5B_ISO_HeLa_Isotiteration_thumb_w4mKate2-FRET,GO:0004707,,,Fbbi:00000367
7264,180-Watabe-Biosensoractivity,Figure5B_ISO_HeLa_Isotiteration_thumb_w5DIC-fast,GO:0004707,,,Fbbi:00000367
7265,180-Watabe-Biosensoractivity,Figure5B_ISO_HeLa_Isotiteration_w1CFP,GO:0004707,,,Fbbi:00000367
7266,180-Watabe-Biosensoractivity,Figure5B_ISO_HeLa_Isotiteration_w2FRET,GO:0004707,,,Fbbi:00000367
7267,180-Watabe-Biosensoractivity,Figure5B_ISO_HeLa_Isotiteration_w3mKO2,GO:0004707,,,Fbbi:00000367
7268,180-Watabe-Biosensoractivity,Figure5B_ISO_HeLa_Isotiteration_w4mKate2-FRET,GO:0004707,,,Fbbi:00000367
7269,180-Watabe-Biosensoractivity,Figure5B_ISO_HeLa_Isotiteration_w5DIC-fast,GO:0004707,,,Fbbi:00000367
7270,180-Watabe-Biosensoractivity,Figure6B_bPAC_44934589_thumb_w2mKO2_s1,GO:0004707,,,Fbbi:00000246
7271,180-Watabe-Biosensoractivity,Figure6B_bPAC_44934589_thumb_w2mKO2_s2,GO:0004707,,,Fbbi:00000246
7272,180-Watabe-Biosensoractivity,Figure6B_bPAC_44934589_thumb_w2mKO2_s3,GO:0004707,,,Fbbi:00000246
7273,180-Watabe-Biosensoractivity,Figure6B_bPAC_44934589_thumb_w3mKate2-FRET_s1,GO:0004707,,,Fbbi:00000246
7274,180-Watabe-Biosensoractivity,Figure6B_bPAC_44934589_thumb_w3mKate2-FRET_s2,GO:0004707,,,Fbbi:00000246
7275,180-Watabe-Biosensoractivity,Figure6B_bPAC_44934589_thumb_w3mKate2-FRET_s3,GO:0004707,,,Fbbi:00000246
7276,180-Watabe-Biosensoractivity,Figure6B_bPAC_44934589_w2mKO2_s1,GO:0004707,,,Fbbi:00000246
7277,180-Watabe-Biosensoractivity,Figure6B_bPAC_44934589_w2mKO2_s2,GO:0004707,,,Fbbi:00000246
7278,180-Watabe-Biosensoractivity,Figure6B_bPAC_44934589_w2mKO2_s3,GO:0004707,,,Fbbi:00000246
7279,180-Watabe-Biosensoractivity,Figure6B_bPAC_44934589_w3mKate2-FRET_s1,GO:0004707,,,Fbbi:00000246
7280,180-Watabe-Biosensoractivity,Figure6B_bPAC_44934589_w3mKate2-FRET_s2,GO:0004707,,,Fbbi:00000246
7281,180-Watabe-Biosensoractivity,Figure6B_bPAC_44934589_w3mKate2-FRET_s3,GO:0004707,,,Fbbi:00000246
7282,180-Watabe-Biosensoractivity,Figure6C_mKate2FRET_raw_311-326,GO:0004707,,,Fbbi:00000246
7283,180-Watabe-Biosensoractivity,Figure6C_mKOk_raw_311-326,GO:0004707,,,Fbbi:00000246
7284,180-Watabe-Biosensoractivity,Figure7D_EarSkin_dbcAMP,GO:0004707,,,Fbbi:00000246
7285,180-Watabe-Biosensoractivity,Figure7D_EarSkin_dbcAMP_01,GO:0004707,,,Fbbi:00000246
7286,180-Watabe-Biosensoractivity,Figure7D_EarSkin_dbcAMP_02,GO:0004707,,,Fbbi:00000246
7287,180-Watabe-Biosensoractivity,Figure7D_EarSkin_dbcAMP_03,GO:0004707,,,Fbbi:00000246
7288,180-Watabe-Biosensoractivity,Figure7E_Crypt_dbcAMP,GO:0004707,,,Fbbi:00000246
7289,180-Watabe-Biosensoractivity,Figure7E_Crypt_dbcAMP_01,GO:0004707,,,Fbbi:00000246
7290,180-Watabe-Biosensoractivity,Figure7E_Crypt_dbcAMP_02,GO:0004707,,,Fbbi:00000246
7291,180-Watabe-Biosensoractivity,FigureS2_HeLa_4514NES,GO:0004707,,,Fbbi:00000605
7292,180-Watabe-Biosensoractivity,FigureS2_HeLa_4514NES_FSK,GO:0004707,,,Fbbi:00000605
7293,180-Watabe-Biosensoractivity,FigureS2_HeLa_4515NES,GO:0004707,,,Fbbi:00000605
7294,180-Watabe-Biosensoractivity,FigureS2_HeLa_4515NES_FSK,GO:0004707,,,Fbbi:00000605
7295,180-Watabe-Biosensoractivity,FigureS2_HeLa_4516NES,GO:0004707,,,Fbbi:00000605
7296,180-Watabe-Biosensoractivity,FigureS2_HeLa_4516NES_FSK,GO:0004707,,,Fbbi:00000605
7297,180-Watabe-Biosensoractivity,FigureS2_HeLa_4517NES,GO:0004707,,,Fbbi:00000605
7298,180-Watabe-Biosensoractivity,FigureS2_HeLa_4517NES_FSK,GO:0004707,,,Fbbi:00000605
7299,180-Watabe-Biosensoractivity,FigureS2_HeLa_4518NES,GO:0004707,,,Fbbi:00000605
7300,180-Watabe-Biosensoractivity,FigureS2_HeLa_4518NES_FSK,GO:0004707,,,Fbbi:00000605
7301,180-Watabe-Biosensoractivity,FigureS2_HeLa_4519NES,GO:0004707,,,Fbbi:00000605
7302,180-Watabe-Biosensoractivity,FigureS2_HeLa_4519NES_FSK,GO:0004707,,,Fbbi:00000605
7303,180-Watabe-Biosensoractivity,FigureS2_HeLa_4520NES,GO:0004707,,,Fbbi:00000605
7304,180-Watabe-Biosensoractivity,FigureS2_HeLa_4520NES_FSK,GO:0004707,,,Fbbi:00000605
7305,180-Watabe-Biosensoractivity,FigureS2_HeLa_4521NES,GO:0004707,,,Fbbi:00000605
7306,180-Watabe-Biosensoractivity,FigureS2_HeLa_4521NES_FSK,GO:0004707,,,Fbbi:00000605
7307,180-Watabe-Biosensoractivity,FigureS2_HeLa_4522NES,GO:0004707,,,Fbbi:00000605
7308,180-Watabe-Biosensoractivity,FigureS2_HeLa_4522NES_FSK,GO:0004707,,,Fbbi:00000605
7309,180-Watabe-Biosensoractivity,FigureS2_HeLa_4523NES,GO:0004707,,,Fbbi:00000605
7310,180-Watabe-Biosensoractivity,FigureS2_HeLa_4523NES_FSK,GO:0004707,,,Fbbi:00000605
7311,180-Watabe-Biosensoractivity,FigureS2_HeLa_4524NES,GO:0004707,,,Fbbi:00000605
7312,180-Watabe-Biosensoractivity,FigureS2_HeLa_4524NES_FSK,GO:0004707,,,Fbbi:00000605
7313,180-Watabe-Biosensoractivity,FigureS2_HeLa_4525NES,GO:0004707,,,Fbbi:00000605
7314,180-Watabe-Biosensoractivity,FigureS2_HeLa_4525NES_FSK,GO:0004707,,,Fbbi:00000605
7315,180-Watabe-Biosensoractivity,FigureS2_HeLa_4526NES,GO:0004707,,,Fbbi:00000605
7316,180-Watabe-Biosensoractivity,FigureS2_HeLa_4526NES_FSK,GO:0004707,,,Fbbi:00000605
7317,180-Watabe-Biosensoractivity,FigureS2_HeLa_4527NES,GO:0004707,,,Fbbi:00000605
7318,180-Watabe-Biosensoractivity,FigureS2_HeLa_4527NES_FSK,GO:0004707,,,Fbbi:00000605
7319,180-Watabe-Biosensoractivity,FigureS2_HeLa_4528NES,GO:0004707,,,Fbbi:00000605
7320,180-Watabe-Biosensoractivity,FigureS2_HeLa_4528NES_FSK,GO:0004707,,,Fbbi:00000605
7321,180-Watabe-Biosensoractivity,FigureS2_HeLa_4529NES,GO:0004707,,,Fbbi:00000605
7322,180-Watabe-Biosensoractivity,FigureS2_HeLa_4529NES_FSK,GO:0004707,,,Fbbi:00000605
7323,180-Watabe-Biosensoractivity,FigureS5_3555NES_JNK,GO:0004707,,,Fbbi:00000246
7324,180-Watabe-Biosensoractivity,FigureS5_3560NES_ERK,GO:0004707,,,Fbbi:00000246
7325,180-Watabe-Biosensoractivity,FigureS5_4146NES_ROCK,GO:0004707,,,Fbbi:00000246
7326,183-Iwasaki-SpineDyn,Fig1A_Spine_VASP_Factin_dynamics_1,,GO:0060996; GO:0050808,GO:0043197,Fbbi:00000249
7327,183-Iwasaki-SpineDyn,Fig1A_Spine_VASP_Factin_dynamics_2,,GO:0060996; GO:0050808,GO:0043197,Fbbi:00000249
7328,183-Iwasaki-SpineDyn,Fig2A_distribution_Lifeact-EGFP_tagRFP-VASP,,GO:0060996; GO:0050808,GO:0043197,Fbbi:00000249
7329,183-Iwasaki-SpineDyn,Fig3D_Lifeact-EGFP_tagRFP-dEVH1_distribution,,GO:0060996; GO:0050808,GO:0043197,Fbbi:00000249
7330,183-Iwasaki-SpineDyn,Fig3F_Lifeact-EGFP_tagRFP-dEVH2_distribution,,GO:0060996; GO:0050808,GO:0043197,Fbbi:00000249
7331,183-Iwasaki-SpineDyn,Fig4B_distribution_Lifeact-EGFP_tagRFP-GAB_mutantVASP,,GO:0060996; GO:0050808,GO:0043197,Fbbi:00000249
7332,183-Iwasaki-SpineDyn,Fig4D_distribution_Lifeact-EGFP_tagRFP-GAB_mutantCOCO,,GO:0060996; GO:0050808,GO:0043197,Fbbi:00000249
7333,183-Iwasaki-SpineDyn,Fig5A_EGFP-VASP_control,,GO:0060996; GO:0050808,GO:0043197,Fbbi:00000249
7334,183-Iwasaki-SpineDyn,Fig5A_EGFP-VASP_tagRFP-dEVH1,,GO:0060996; GO:0050808,GO:0043197,Fbbi:00000249
7335,183-Iwasaki-SpineDyn,Fig5C_EGFP-actin_control,,GO:0060996; GO:0050808,GO:0043197,Fbbi:00000249
7336,183-Iwasaki-SpineDyn,Fig5C_EGFP-actin_tagRFP-dEVH1,,GO:0060996; GO:0050808,GO:0043197,Fbbi:00000249
7337,183-Iwasaki-SpineDyn,Fig5G_dendrites_SIM_EGFP_control,,GO:0060996; GO:0050808,GO:0043197,Fbbi:00000332
7338,183-Iwasaki-SpineDyn,Fig5H_dendrites_SIM_EGFP_tagRFP-dEVH1,,GO:0060996; GO:0050808,GO:0043197,Fbbi:00000332
7339,183-Iwasaki-SpineDyn,Fig5i_spines_SIM_EGFP_control1,,GO:0060996; GO:0050808,GO:0043197,Fbbi:00000332
7340,183-Iwasaki-SpineDyn,Fig5i_spines_SIM_EGFP_control2,,GO:0060996; GO:0050808,GO:0043197,Fbbi:00000332
7341,183-Iwasaki-SpineDyn,Fig5i_spines_SIM_EGFP_control3,,GO:0060996; GO:0050808,GO:0043197,Fbbi:00000332
7342,183-Iwasaki-SpineDyn,Fig5i_spines_SIM_EGFP_control4,,GO:0060996; GO:0050808,GO:0043197,Fbbi:00000332
7343,183-Iwasaki-SpineDyn,Fig5i_spines_SIM_EGFP_control5,,GO:0060996; GO:0050808,GO:0043197,Fbbi:00000332
7344,183-Iwasaki-SpineDyn,Fig5i_spines_SIM_EGFP_control7,,GO:0060996; GO:0050808,GO:0043197,Fbbi:00000332
7345,183-Iwasaki-SpineDyn,Fig5i_spines_SIM_EGFP_control6,,GO:0060996; GO:0050808,GO:0043197,Fbbi:00000332
7346,183-Iwasaki-SpineDyn,Fig5i_spines_SIM_EGFP_control8,,GO:0060996; GO:0050808,GO:0043197,Fbbi:00000332
7347,183-Iwasaki-SpineDyn,Fig5i_spines_SIM_EGFP_control9,,GO:0060996; GO:0050808,GO:0043197,Fbbi:00000332
7348,183-Iwasaki-SpineDyn,Fig5i_spines_SIM_EGFP_control10,,GO:0060996; GO:0050808,GO:0043197,Fbbi:00000332
7349,183-Iwasaki-SpineDyn,Fig5j_spines_SIM_EGFP_tagRFP-dEVH1_1,,GO:0060996; GO:0050808,GO:0043197,Fbbi:00000332
7350,183-Iwasaki-SpineDyn,Fig5j_spines_SIM_EGFP_tagRFP-dEVH1_2,,GO:0060996; GO:0050808,GO:0043197,Fbbi:00000332
7351,183-Iwasaki-SpineDyn,Fig5j_spines_SIM_EGFP_tagRFP-dEVH1_3,,GO:0060996; GO:0050808,GO:0043197,Fbbi:00000332
7352,183-Iwasaki-SpineDyn,Fig5j_spines_SIM_EGFP_tagRFP-dEVH1_4,,GO:0060996; GO:0050808,GO:0043197,Fbbi:00000332
7353,183-Iwasaki-SpineDyn,Fig5j_spines_SIM_EGFP_tagRFP-dEVH1_5,,GO:0060996; GO:0050808,GO:0043197,Fbbi:00000332
7354,183-Iwasaki-SpineDyn,Fig5j_spines_SIM_EGFP_tagRFP-dEVH1_6,,GO:0060996; GO:0050808,GO:0043197,Fbbi:00000332
7355,183-Iwasaki-SpineDyn,Fig5j_spines_SIM_EGFP_tagRFP-dEVH1_7,,GO:0060996; GO:0050808,GO:0043197,Fbbi:00000332
7356,183-Iwasaki-SpineDyn,Fig5j_spines_SIM_EGFP_tagRFP-dEVH1_8,,GO:0060996; GO:0050808,GO:0043197,Fbbi:00000332
7357,183-Iwasaki-SpineDyn,Fig5j_spines_SIM_EGFP_tagRFP-dEVH1_9,,GO:0060996; GO:0050808,GO:0043197,Fbbi:00000332
7358,183-Iwasaki-SpineDyn,Fig5j_spines_SIM_EGFP_tagRFP-dEVH1_10,,GO:0060996; GO:0050808,GO:0043197,Fbbi:00000332
7359,183-Iwasaki-SpineDyn,Fig5j_spines_SIM_EGFP_tagRFP-dEVH1_11,,GO:0060996; GO:0050808,GO:0043197,Fbbi:00000332
7360,184-Tanaka-SpineDyn,Fig2a_KO_180228e_area3,,,GO:0043197,Fbbi:00000249
7361,184-Tanaka-SpineDyn,Fig2a_WT_180221_area5,,,GO:0043197,Fbbi:00000249
7362,184-Tanaka-SpineDyn,Fig2a_WT_180301a_area4,,,GO:0043197,Fbbi:00000249
7363,184-Tanaka-SpineDyn,Fig3a_KO_DsRed2_PAGFP_post,,,GO:0043197,Fbbi:00000249
7364,184-Tanaka-SpineDyn,Fig3a_KO_DsRed2_PAGFP_pre,,,GO:0043197,Fbbi:00000249
7365,184-Tanaka-SpineDyn,Fig3a_WT_DsRed2_PAGFP_post,,,GO:0043197,Fbbi:00000249
7366,184-Tanaka-SpineDyn,Fig3a_WT_DsRed2_PAGFP_pre,,,GO:0043197,Fbbi:00000249
7367,184-Tanaka-SpineDyn,Fig3d_KO_1911290515post,,,GO:0043197,Fbbi:00000249
7368,184-Tanaka-SpineDyn,Fig3d_KO_1911290515pre,,,GO:0043197,Fbbi:00000249
7369,184-Tanaka-SpineDyn,Fig3d_WT_1911270315post,,,GO:0043197,Fbbi:00000249
7370,184-Tanaka-SpineDyn,Fig3d_WT_1911270315pre,,,GO:0043197,Fbbi:00000249
7371,185-Hoshino-MyotubeCa2Signal,FigS2A_2Hz_Ca2_signals_0min,,GO:0014902; GO:0019722,,Fbbi:00000249
7372,185-Hoshino-MyotubeCa2Signal,FigS2A_2Hz_Ca2_signals_5min,,GO:0014902; GO:0019722,,Fbbi:00000249
7373,185-Hoshino-MyotubeCa2Signal,FigS2A_2Hz_Ca2_signals_15min,,GO:0014902; GO:0019722,,Fbbi:00000249
7374,185-Hoshino-MyotubeCa2Signal,FigS2A_2Hz_Ca2_signals_30min,,GO:0014902; GO:0019722,,Fbbi:00000249
7375,185-Hoshino-MyotubeCa2Signal,FigS2A_2Hz_Ca2_signals_60min,,GO:0014902; GO:0019722,,Fbbi:00000249
7376,185-Hoshino-MyotubeCa2Signal,FigS2A_20Hz_Ca2_signals_0min,,GO:0014902; GO:0019722,,Fbbi:00000249
7377,185-Hoshino-MyotubeCa2Signal,FigS2A_20Hz_Ca2_signals_5min,,GO:0014902; GO:0019722,,Fbbi:00000249
7378,185-Hoshino-MyotubeCa2Signal,FigS2A_20Hz_Ca2_signals_15min,,GO:0014902; GO:0019722,,Fbbi:00000249
7379,185-Hoshino-MyotubeCa2Signal,FigS2A_20Hz_Ca2_signals_30min,,GO:0014902; GO:0019722,,Fbbi:00000249
7380,185-Hoshino-MyotubeCa2Signal,FigS2A_20Hz_Ca2_signals_60min,,GO:0014902; GO:0019722,,Fbbi:00000249
7381,188-Ipponjima-NHEKsCornification,Figure1ab_epithelium_morphology,,GO:0032980,GO:0005634,Fbbi:00000254
7382,188-Ipponjima-NHEKsCornification,Figure1cdef_timelapse_granular,,GO:0032980,GO:0005634,Fbbi:00000249
7383,188-Ipponjima-NHEKsCornification,Figure1gh_z_direction,,GO:0032980,GO:0005634,Fbbi:00000254
7384,188-Ipponjima-NHEKsCornification,Figure2abc_epithelium_morphology,,GO:0032980,GO:0005634,Fbbi:00000254
7385,188-Ipponjima-NHEKsCornification,Figure2defg_timelapse_granular,,GO:0032980,GO:0005634,Fbbi:00000249
7386,188-Ipponjima-NHEKsCornification,Figure3b_mitochondrial_0-4h,,GO:0032980,GO:0005634,Fbbi:00000254
7387,188-Ipponjima-NHEKsCornification,Figure3b_mitochondrial_4h,,GO:0032980,GO:0005634,Fbbi:00000254
7388,188-Ipponjima-NHEKsCornification,Figure4a_timelapse_TMRE_disappear,,GO:0032980,GO:0005634,Fbbi:00000249
7389,188-Ipponjima-NHEKsCornification,Figure4b_timelapse_MTR_decrease,,GO:0032980,GO:0005634,Fbbi:00000249
7390,188-Ipponjima-NHEKsCornification,Figure4cde_timelapse_mitochondrial_disappear,,GO:0032980,GO:0005634,Fbbi:00000249
7391,188-Ipponjima-NHEKsCornification,FigureS5_timelapse_control,,GO:0032980,GO:0005634,Fbbi:00000249
7392,188-Ipponjima-NHEKsCornification,FigureS5_timelapse_FLG-KD,,GO:0032980,GO:0005634,Fbbi:00000249
7393,188-Ipponjima-NHEKsCornification,FigureS7_MBG_5min,,GO:0051882,,Fbbi:00000254
7394,188-Ipponjima-NHEKsCornification,FigureS7_MBG_30min,,GO:0051882,,Fbbi:00000254
7395,188-Ipponjima-NHEKsCornification,FigureS7_MBG_before,,GO:0051882,,Fbbi:00000254
7396,188-Ipponjima-NHEKsCornification,FigureS7_MTR_5min,,GO:0051882,,Fbbi:00000254
7397,188-Ipponjima-NHEKsCornification,FigureS7_MTR_30min,,GO:0051882,,Fbbi:00000254
7398,188-Ipponjima-NHEKsCornification,FigureS7_MTR_before,,GO:0051882,,Fbbi:00000254
7399,188-Ipponjima-NHEKsCornification,FigureS7_TMRE_5min,,GO:0051882,,Fbbi:00000254
7400,188-Ipponjima-NHEKsCornification,FigureS7_TMRE_30min,,GO:0051882,,Fbbi:00000254
7401,188-Ipponjima-NHEKsCornification,FigureS7_TMRE_before,,GO:0051882,,Fbbi:00000254
7402,189-Kobayashi-NSCsDyn,SuppFig4a_SVZ4_10z,,GO:1905166,GO:0005764,Fbbi:00000251
7403,189-Kobayashi-NSCsDyn,SuppFig4a_SVZ4_20z,,GO:1905166,GO:0005764,Fbbi:00000251
7404,189-Kobayashi-NSCsDyn,SuppFig4a_SVZ4_40z,,GO:1905166,GO:0005764,Fbbi:00000251
7405,189-Kobayashi-NSCsDyn,SuppFig4b_DG5_CtsB_10z,,GO:1905166,GO:0005764,Fbbi:00000251
7406,189-Kobayashi-NSCsDyn,SuppFig4b_DG5_CtsB_20z,,GO:1905166,GO:0005764,Fbbi:00000251
7407,189-Kobayashi-NSCsDyn,SuppFig4b_DG5_CtsB_40z,,GO:1905166,GO:0005764,Fbbi:00000251
7408,189-Kobayashi-NSCsDyn,SuppFig4c_DG4_CtsL_10z,,GO:1905166,GO:0005764,Fbbi:00000251
7409,189-Kobayashi-NSCsDyn,SuppFig4c_DG4_CtsL_20z,,GO:1905166,GO:0005764,Fbbi:00000251
7410,189-Kobayashi-NSCsDyn,SuppFig4c_DG4_CtsL_40z,,GO:1905166,GO:0005764,Fbbi:00000251
7411,189-Kobayashi-NSCsDyn,SuppFig4d_DG6_Lamp1_10z,,GO:1905166,GO:0005764,Fbbi:00000251
7412,189-Kobayashi-NSCsDyn,SuppFig4d_DG6_Lamp1_20z,,GO:1905166,GO:0005764,Fbbi:00000251
7413,189-Kobayashi-NSCsDyn,SuppFig4d_DG6_Lamp1_40z,,GO:1905166,GO:0005764,Fbbi:00000251
7414,189-Kobayashi-NSCsDyn,SuppFig4e_DG_10z,,GO:1905166,GO:0005764,Fbbi:00000251
7415,189-Kobayashi-NSCsDyn,SuppFig4e_DG_20z,,GO:1905166,GO:0005764,Fbbi:00000251
7416,189-Kobayashi-NSCsDyn,SuppFig4e_DG_60z,,GO:1905166,GO:0005764,Fbbi:00000251
7417,189-Kobayashi-NSCsDyn,Supp_movie1_wt_24h,,GO:0051301,,Fbbi:00000251
7418,189-Kobayashi-NSCsDyn,Supp_movie2_ca_24h,,GO:0051301,,Fbbi:00000251
7419,190-Iguchi-SpineDyn,Fig1B_DsRed2_PSD-95-EGFP_control_day0,,GO:0035900,GO:0043197,Fbbi:00000254
7420,190-Iguchi-SpineDyn,Fig1B_DsRed2_PSD-95-EGFP_control_day2,,GO:0035900,GO:0043197,Fbbi:00000254
7421,190-Iguchi-SpineDyn,Fig1B_DsRed2_PSD-95-EGFP_isolation_day0,,GO:0035900,GO:0043197,Fbbi:00000254
7422,190-Iguchi-SpineDyn,Fig1B_DsRed2_PSD-95-EGFP_isolation_day2,,GO:0035900,GO:0043197,Fbbi:00000254
7423,192-Hiroshima-SingleMolDyn,2B-2Y2016M5D23h10m7s37AD_CAM1,GO:0005154,,,Fbbi:00000246
7424,192-Hiroshima-SingleMolDyn,2C-2Y2016M5D23h13m57s37AD_CAM1,GO:0005154,,,Fbbi:00000246
7425,192-Hiroshima-SingleMolDyn,2D-2Y2016M5D23h14m10s26AD_CAM1,GO:0005154,,,Fbbi:00000246
7426,192-Hiroshima-SingleMolDyn,2E-2Y2016M5D23h18m16s55AD_CAM1,GO:0005154,,,Fbbi:00000246
7427,192-Hiroshima-SingleMolDyn,2F-2Y2016M5D23h18m29s37AD_CAM1,GO:0005154,,,Fbbi:00000246
7428,192-Hiroshima-SingleMolDyn,2G-2Y2016M5D23h22m58s53AD_CAM1,GO:0005154,,,Fbbi:00000246
7429,192-Hiroshima-SingleMolDyn,3B-2Y2016M5D23h10m19s43AD_CAM1,GO:0005154,,,Fbbi:00000246
7430,192-Hiroshima-SingleMolDyn,3C-2Y2016M5D23h13m45s3AD_CAM1,GO:0005154,,,Fbbi:00000246
7431,192-Hiroshima-SingleMolDyn,3D-2Y2016M5D23h14m22s32AD_CAM1,GO:0005154,,,Fbbi:00000246
7432,192-Hiroshima-SingleMolDyn,3E-2Y2016M5D23h18m4s7AD_CAM1,GO:0005154,,,Fbbi:00000246
7433,192-Hiroshima-SingleMolDyn,3F-6Y2016M5D23h18m47s31AD_CAM1,GO:0005154,,,Fbbi:00000246
7434,192-Hiroshima-SingleMolDyn,3G-2Y2016M5D23h22m43s15AD_CAM1,GO:0005154,,,Fbbi:00000246
7435,192-Hiroshima-SingleMolDyn,4B-2Y2016M5D23h10m31s33AD_CAM1,GO:0005154,,,Fbbi:00000246
7436,192-Hiroshima-SingleMolDyn,4C-2Y2016M5D23h13m32s58AD_CAM1,GO:0005154,,,Fbbi:00000246
7437,192-Hiroshima-SingleMolDyn,4D-2Y2016M5D23h14m36s6AD_CAM1,GO:0005154,,,Fbbi:00000246
7438,192-Hiroshima-SingleMolDyn,4E-2Y2016M5D23h17m51s34AD_CAM1,GO:0005154,,,Fbbi:00000246
7439,192-Hiroshima-SingleMolDyn,4F-2Y2016M5D23h18m59s28AD_CAM1,GO:0005154,,,Fbbi:00000246
7440,192-Hiroshima-SingleMolDyn,4G-2Y2016M5D23h22m29s26AD_CAM1,GO:0005154,,,Fbbi:00000246
7441,192-Hiroshima-SingleMolDyn,5B-2Y2016M5D23h10m43s30AD_CAM1,GO:0005154,,,Fbbi:00000246
7442,192-Hiroshima-SingleMolDyn,5C-2Y2016M5D23h13m20s44AD_CAM1,GO:0005154,,,Fbbi:00000246
7443,192-Hiroshima-SingleMolDyn,5D-2Y2016M5D23h14m49s11AD_CAM1,GO:0005154,,,Fbbi:00000246
7444,192-Hiroshima-SingleMolDyn,5E-2Y2016M5D23h17m38s54AD_CAM1,GO:0005154,,,Fbbi:00000246
7445,192-Hiroshima-SingleMolDyn,5F-2Y2016M5D23h19m12s54AD_CAM1,GO:0005154,,,Fbbi:00000246
7446,192-Hiroshima-SingleMolDyn,5G-2Y2016M5D23h22m14s45AD_CAM1,GO:0005154,,,Fbbi:00000246
7447,192-Hiroshima-SingleMolDyn,6B-2Y2016M5D23h10m55s14AD_CAM1,GO:0005154,,,Fbbi:00000246
7448,192-Hiroshima-SingleMolDyn,6C-2Y2016M5D23h13m8s27AD_CAM1,GO:0005154,,,Fbbi:00000246
7449,192-Hiroshima-SingleMolDyn,6D-2Y2016M5D23h15m1s56AD_CAM1,GO:0005154,,,Fbbi:00000246
7450,192-Hiroshima-SingleMolDyn,6E-2Y2016M5D23h17m26s5AD_CAM1,GO:0005154,,,Fbbi:00000246
7451,192-Hiroshima-SingleMolDyn,6F-2Y2016M5D23h19m27s11AD_CAM1,GO:0005154,,,Fbbi:00000246
7452,192-Hiroshima-SingleMolDyn,6G-2Y2016M5D23h22m1s22AD_CAM1,GO:0005154,,,Fbbi:00000246
7453,192-Hiroshima-SingleMolDyn,7B-2Y2016M5D23h11m7s33AD_CAM1,GO:0005154,,,Fbbi:00000246
7454,192-Hiroshima-SingleMolDyn,7C-2Y2016M5D23h12m56s39AD_CAM1,GO:0005154,,,Fbbi:00000246
7455,192-Hiroshima-SingleMolDyn,7D-2Y2016M5D23h15m14s28AD_CAM1,GO:0005154,,,Fbbi:00000246
7456,192-Hiroshima-SingleMolDyn,7E-2Y2016M5D23h17m13s9AD_CAM1,GO:0005154,,,Fbbi:00000246
7457,192-Hiroshima-SingleMolDyn,7F-2Y2016M5D23h19m40s45AD_CAM1,GO:0005154,,,Fbbi:00000246
7458,192-Hiroshima-SingleMolDyn,7G-2Y2016M5D23h21m48s0AD_CAM1,GO:0005154,,,Fbbi:00000246
7459,192-Hiroshima-SingleMolDyn,8B-2Y2016M5D23h11m19s54AD_CAM1,GO:0005154,,,Fbbi:00000246
7460,192-Hiroshima-SingleMolDyn,8C-2Y2016M5D23h12m44s39AD_CAM1,GO:0005154,,,Fbbi:00000246
7461,192-Hiroshima-SingleMolDyn,8D-2Y2016M5D23h15m29s21AD_CAM1,GO:0005154,,,Fbbi:00000246
7462,192-Hiroshima-SingleMolDyn,8E-2Y2016M5D23h17m0s18AD_CAM1,GO:0005154,,,Fbbi:00000246
7463,192-Hiroshima-SingleMolDyn,8F-2Y2016M5D23h19m53s44AD_CAM1,GO:0005154,,,Fbbi:00000246
7464,192-Hiroshima-SingleMolDyn,8G-2Y2016M5D23h21m31s51AD_CAM1,GO:0005154,,,Fbbi:00000246
7465,192-Hiroshima-SingleMolDyn,9B-2Y2016M5D23h11m32s14AD_CAM1,GO:0005154,,,Fbbi:00000246
7466,192-Hiroshima-SingleMolDyn,9C-2Y2016M5D23h12m32s49AD_CAM1,GO:0005154,,,Fbbi:00000246
7467,192-Hiroshima-SingleMolDyn,9D-2Y2016M5D23h15m42s40AD_CAM1,GO:0005154,,,Fbbi:00000246
7468,192-Hiroshima-SingleMolDyn,9E-2Y2016M5D23h16m47s13AD_CAM1,GO:0005154,,,Fbbi:00000246
7469,192-Hiroshima-SingleMolDyn,9F-2Y2016M5D23h20m8s45AD_CAM1,GO:0005154,,,Fbbi:00000246
7470,192-Hiroshima-SingleMolDyn,9G-2Y2016M5D23h21m16s50AD_CAM1,GO:0005154,,,Fbbi:00000246
7471,192-Hiroshima-SingleMolDyn,10B-2Y2016M5D23h11m44s15AD_CAM1,GO:0005154,,,Fbbi:00000246
7472,192-Hiroshima-SingleMolDyn,10C-2Y2016M5D23h12m20s40AD_CAM1,GO:0005154,,,Fbbi:00000246
7473,192-Hiroshima-SingleMolDyn,10D-2Y2016M5D23h15m55s44AD_CAM1,GO:0005154,,,Fbbi:00000246
7474,192-Hiroshima-SingleMolDyn,10E-2Y2016M5D23h16m34s36AD_CAM1,GO:0005154,,,Fbbi:00000246
7475,192-Hiroshima-SingleMolDyn,10F-2Y2016M5D23h20m22s32AD_CAM1,GO:0005154,,,Fbbi:00000246
7476,192-Hiroshima-SingleMolDyn,10G-2Y2016M5D23h21m3s18AD_CAM1,GO:0005154,,,Fbbi:00000246
7477,192-Hiroshima-SingleMolDyn,11B-2Y2016M5D23h11m56s26AD_CAM1,GO:0005154,,,Fbbi:00000246
7478,192-Hiroshima-SingleMolDyn,11C-2Y2016M5D23h12m8s21AD_CAM1,GO:0005154,,,Fbbi:00000246
7479,192-Hiroshima-SingleMolDyn,11D-2Y2016M5D23h16m9s5AD_CAM1,GO:0005154,,,Fbbi:00000246
7480,192-Hiroshima-SingleMolDyn,11E-2Y2016M5D23h16m21s30AD_CAM1,GO:0005154,,,Fbbi:00000246
7481,192-Hiroshima-SingleMolDyn,11F-2Y2016M5D23h20m35s58AD_CAM1,GO:0005154,,,Fbbi:00000246
7482,192-Hiroshima-SingleMolDyn,11G-2Y2016M5D23h20m49s42AD_CAM1,GO:0005154,,,Fbbi:00000246
7483,194-Obashi-SpineDyn,Fig3A_MNI-Glu-Minus,GO:0048018,GO:0030041; GO:0051835,GO:0043197,Fbbi:00000254
7484,194-Obashi-SpineDyn,Fig3A_MNI-Glu-Plus,,GO:0030041; GO:0051835,GO:0043197,Fbbi:00000254
7485,194-Obashi-SpineDyn,Fig3F_control-Sh,,GO:0030041,GO:0043197,Fbbi:00000254
7486,194-Obashi-SpineDyn,Fig3F_resistance_cofilin,,GO:0030041,GO:0043197,Fbbi:00000254
7487,194-Obashi-SpineDyn,Fig3F_Sh_cofilin,,GO:0030041,GO:0043197,Fbbi:00000254
7488,194-Obashi-SpineDyn,Fig4A_SIM_sLTP,,GO:0030041,GO:0043197,Fbbi:00000249
7489,194-Obashi-SpineDyn,Fig5A_CaMK_EGFP_C1,,GO:0030041,GO:0043197,Fbbi:00000249
7490,194-Obashi-SpineDyn,Fig5A_CaMK_EGFP_C2,,GO:0030041,GO:0043197,Fbbi:00000249
7491,194-Obashi-SpineDyn,Fig5A_cofilin_EGFP_C1,,GO:0030041,GO:0043197,Fbbi:00000249
7492,194-Obashi-SpineDyn,Fig5A_cofilin_EGFP_C2,,GO:0030041,GO:0043197,Fbbi:00000249
7493,194-Obashi-SpineDyn,Fig5A_Tiam_delataPHnCCEx_EGFP_C1,,GO:0030041,GO:0043197,Fbbi:00000249
7494,194-Obashi-SpineDyn,Fig5A_Tiam_delataPHnCCEx_EGFP_C2,,GO:0030041,GO:0043197,Fbbi:00000249
7495,194-Obashi-SpineDyn,Fig5A_Tiam_EGFP_C1,,GO:0030041,GO:0043197,Fbbi:00000249
7496,194-Obashi-SpineDyn,Fig5A_Tiam_EGFP_C2,,GO:0030041,GO:0043197,Fbbi:00000249
7497,194-Obashi-SpineDyn,Fig5A_Tiam_sh-ADF_EGFP_C1,,GO:0030041,GO:0043197,Fbbi:00000249
7498,194-Obashi-SpineDyn,Fig5A_Tiam_sh-ADF_EGFP_C2,,GO:0030041,GO:0043197,Fbbi:00000249
7499,194-Obashi-SpineDyn,Fig6A_delta_after_stimulus,,GO:0030041,GO:0043197,Fbbi:00000332
7500,194-Obashi-SpineDyn,Fig6A_delta_without_stimulus,,GO:0030041,GO:0043197,Fbbi:00000332
7501,194-Obashi-SpineDyn,Fig6A_EGFP_after_stimulus,,GO:0030041,GO:0043197,Fbbi:00000332
7502,194-Obashi-SpineDyn,Fig6A_Tiam_after_stimulus,,GO:0030041,GO:0043197,Fbbi:00000332
7503,194-Obashi-SpineDyn,Fig6A_Tiam_without_stimulus,,GO:0030041,GO:0043197,Fbbi:00000332
7504,196-Sueda-GeneExpReg,Fig6D_Hes5-Cre_tdTomato,,GO:0010467; GO:0010468,,Fbbi:00000246
7505,196-Sueda-GeneExpReg,Fig6E_Hes5-Cre_Sox2,,GO:0010467; GO:0010468,,Fbbi:00000246
7506,196-Sueda-GeneExpReg,Fig6F_Hes5-Cre_MCM2,,GO:0010467; GO:0010468,,Fbbi:00000246
7507,196-Sueda-GeneExpReg,Fig6G_Hes5-Ascl1-E47-Cre_tdTomato,,GO:0010467; GO:0010468,,Fbbi:00000246
7508,196-Sueda-GeneExpReg,Fig6H_Hes5-Ascl1-E47-Cre_Sox2,,GO:0010467; GO:0010468,,Fbbi:00000246
7509,196-Sueda-GeneExpReg,Fig6I_Hes5-Ascl1-E47-Cre_MCM2,,GO:0010467; GO:0010468,,Fbbi:00000246
7510,196-Sueda-GeneExpReg,Fig6L_Hes5-Cre_dtTomato,,GO:0010467; GO:0010468,,Fbbi:00000246
7511,196-Sueda-GeneExpReg,Fig6M_Hes5-Cre_Sox2,,GO:0010467; GO:0010468,,Fbbi:00000246
7512,196-Sueda-GeneExpReg,Fig6N_Hes5-Cre_MCM2,,GO:0010467; GO:0010468,,Fbbi:00000246
7513,196-Sueda-GeneExpReg,Fig6O_Hes5-Ascl1-E47-Cre_dtTomato,,GO:0010467; GO:0010468,,Fbbi:00000246
7514,196-Sueda-GeneExpReg,Fig6P_Hes5-Ascl1-E47-Cre_Sox2,,GO:0010467; GO:0010468,,Fbbi:00000246
7515,196-Sueda-GeneExpReg,Fig6Q_Hes5-Ascl1-E47-Cre_MCM2,,GO:0010467; GO:0010468,,Fbbi:00000246
7516,196-Sueda-GeneExpReg,FigS5D_oscillatory_day4,,GO:0010467; GO:0010468,,Fbbi:00000246
7517,196-Sueda-GeneExpReg,FigS5D_oscillatory_day7,,GO:0010467; GO:0010468,,Fbbi:00000246
7518,196-Sueda-GeneExpReg,FigS5E_sustained_day4,,GO:0010467; GO:0010468,,Fbbi:00000246
7519,196-Sueda-GeneExpReg,FigS5E_sustained_day7,,GO:0010467; GO:0010468,,Fbbi:00000246
7520,196-Sueda-GeneExpReg,FigS6D-G_hippocampal_dentate_7day,,GO:0010467; GO:0010468,,Fbbi:00000246
7521,196-Sueda-GeneExpReg,FigS6I-K_hippocampal_dentate_7day,,GO:0010467; GO:0010468,,Fbbi:00000246
7522,196-Sueda-GeneExpReg,FigS6M-P_hippocampal_dentate_14day,,GO:0010467; GO:0010468,,Fbbi:00000246
7523,196-Sueda-GeneExpReg,Figure1K_Hes1-svz,,GO:0010467; GO:0010468,,Fbbi:00000249
7524,196-Sueda-GeneExpReg,Figure1L_Hes1-dg,,GO:0010467; GO:0010468,,Fbbi:00000249
7525,196-Sueda-GeneExpReg,Figure1M_Ascl1-svz,,GO:0010467; GO:0010468,,Fbbi:00000249
7526,196-Sueda-GeneExpReg,Figure1N_Ascl1-dg,,GO:0010467; GO:0010468,,Fbbi:00000249
7527,196-Sueda-GeneExpReg,FigureS1_Ascl1_NScell,,GO:0010467; GO:0010468,,Fbbi:00000249
7528,205-Shen-CellPatterning,fig7_myoblastsC2C12_native,,,,Fbbi:00000251
7529,205-Shen-CellPatterning,fig7_myoblastsC2C12_W0.1,,,,Fbbi:00000251
7530,205-Shen-CellPatterning,fig7_myoblastsC2C12_W0.2,,,,Fbbi:00000251
7531,205-Shen-CellPatterning,fig7_myoblastsC2C12_W0.4,,,,Fbbi:00000251
7532,205-Shen-CellPatterning,fig7_myoblastsC2C12_W0.8,,,,Fbbi:00000251
7533,206-Miyamoto-CiliaryMorphology,FIB-SEM490-610_ciliarymembrane,,,GO:0005777; GO:0020018,Fbbi:00000257
7534,207-Kuroda-FinMorphology,FIB-SEM1-430_actinotrichia,,,GO:0005604,Fbbi:00000257
7535,211-Hiroshima-EGFRTracking,Fig1_EGFR-GFP_trajectory,GO:0005006; GO:0005154,GO:0007173,,Fbbi:00000617
7536,211-Hiroshima-EGFRTracking,Fig2_EGF00nM,GO:0005006; GO:0005154,GO:0007173,,Fbbi:00000617
7537,211-Hiroshima-EGFRTracking,Fig2_EGF00nM_before_ctrl,GO:0005006; GO:0005154,GO:0007173,,Fbbi:00000617
7538,211-Hiroshima-EGFRTracking,Fig2_EGF00nM_cell1,GO:0005006; GO:0005154,GO:0007173,,Fbbi:00000617
7539,211-Hiroshima-EGFRTracking,Fig2_EGF00nM_cell3,GO:0005006; GO:0005154,GO:0007173,,Fbbi:00000617
7540,211-Hiroshima-EGFRTracking,Fig2_EGF4nM_15s,GO:0005006; GO:0005154,GO:0007173,,Fbbi:00000617
7541,211-Hiroshima-EGFRTracking,Fig2_EGF4nM_30s,GO:0005006; GO:0005154,GO:0007173,,Fbbi:00000617
7542,211-Hiroshima-EGFRTracking,Fig2_EGF4nM_60s,GO:0005006; GO:0005154,GO:0007173,,Fbbi:00000617
7543,211-Hiroshima-EGFRTracking,Fig2_EGF30nM_60s,GO:0005006; GO:0005154,GO:0007173,,Fbbi:00000617
7544,211-Hiroshima-EGFRTracking,Fig3_EGFR_Arm_mutant,GO:0005006; GO:0005154,GO:0007173,,Fbbi:00000617
7545,211-Hiroshima-EGFRTracking,Fig3_EGFR_ICD_mutant,GO:0005006; GO:0005154,GO:0007173,,Fbbi:00000617
7546,211-Hiroshima-EGFRTracking,Fig4A_EGFR-GFP_GRB2,GO:0005006; GO:0005154,GO:0007173,GO:0070436,Fbbi:00000249
7547,212-Kajikawa-GeckoEmbryos,SuppFig7_gecko_embryo_movie1,,GO:0070986,GO:0031514; GO:0097730,Fbbi:00000245
7548,212-Kajikawa-GeckoEmbryos,SuppFig7_gecko_embryo_movie2,,GO:0070986,GO:0031514; GO:0097730,Fbbi:00000245
7549,212-Kajikawa-GeckoEmbryos,SuppFig7_gecko_embryo_movie3,,GO:0070986,GO:0031514; GO:0097730,Fbbi:00000245
7550,213-Yoshida-SpindleDyn,Fig1a_oocyte_Ndc80ff,,GO:0051079,GO:0005819; GO:0000776; GO:0005694,Fbbi:00000251
7551,213-Yoshida-SpindleDyn,Fig1a_oocyte_Ndc80ff_Zp3-Cre,,GO:0051079,GO:0005819; GO:0000776; GO:0005694,Fbbi:00000251
7552,213-Yoshida-SpindleDyn,Fig1e_oocyte_Ndc80ff_Zp3-Cre,,GO:0051079,GO:0005819; GO:0000776; GO:0005694,Fbbi:00000251
7553,213-Yoshida-SpindleDyn,Fig1e_oocyte_Ndc80ff_Zp3-Cre_Ndc80-WT,,GO:0051079,GO:0005819; GO:0000776; GO:0005694,Fbbi:00000251
7554,213-Yoshida-SpindleDyn,Fig1e_oocyte_Ndc80ff_Zp3-Cre_Ndc80N_Nuf2N,,GO:0051079,GO:0005819; GO:0000776; GO:0005694,Fbbi:00000251
7555,213-Yoshida-SpindleDyn,Fig3a_control_oocyte,,GO:0051079,GO:0005819; GO:0000776; GO:0005694,Fbbi:00000251
7556,213-Yoshida-SpindleDyn,Fig3a_RNAi_Prc1_oocyte,,GO:0051079,GO:0005819; GO:0000776; GO:0005694,Fbbi:00000251
7557,213-Yoshida-SpindleDyn,Fig5a_Prc1_oocyte,,GO:0051079,GO:0005819; GO:0000776; GO:0005694,Fbbi:00000251
7558,213-Yoshida-SpindleDyn,Fig6a_Ndc80ff_Zp3-Cre_oocyte_fuse,,GO:0051079,GO:0005819; GO:0000776; GO:0005694,Fbbi:00000251
7559,213-Yoshida-SpindleDyn,Fig6c_oocyte_Control,,GO:0051079,GO:0005819; GO:0000776; GO:0005694,Fbbi:00000251
7560,213-Yoshida-SpindleDyn,Fig6c_oocyte_increased_Prc1,,GO:0051079,GO:0005819; GO:0000776; GO:0005694,Fbbi:00000251
7561,213-Yoshida-SpindleDyn,FigS4c_oocyte_Ndc80ff,,GO:0051079,GO:0005819; GO:0000776; GO:0005694,Fbbi:00000251
7562,213-Yoshida-SpindleDyn,FigS4c_oocyte_Ndc80ff_Zp3-Cre,,GO:0051079,GO:0005819; GO:0000776; GO:0005694,Fbbi:00000251
7563,213-Yoshida-SpindleDyn,FigS7e_oocyte_control,,GO:0051079,GO:0005819; GO:0000776; GO:0005694,Fbbi:00000251
7564,213-Yoshida-SpindleDyn,FigS7e_oocyte_siRrc1,,GO:0051079,GO:0005819; GO:0000776; GO:0005694,Fbbi:00000251
7565,213-Yoshida-SpindleDyn,FigS7e_oocyte_siRrc1_Prc1,,GO:0051079,GO:0005819; GO:0000776; GO:0005694,Fbbi:00000251
7566,217-Sakai-iRFPactivity,Fig1C_BV_500uM,GO:0004074,GO:0140609,,Fbbi:00000251
7567,217-Sakai-iRFPactivity,Fig1D_BV_500uM,GO:0004074,GO:0140609,,Fbbi:00000251
7568,217-Sakai-iRFPactivity,Fig3D_BV_125uM,GO:0004074,GO:0140609,,Fbbi:00000251
7569,217-Sakai-iRFPactivity,Fig3D_PCB_125uM,GO:0004074,GO:0140609,,Fbbi:00000251
7570,217-Sakai-iRFPactivity,Fig7D_hmx1_BV_125uM,GO:0004074,GO:0140609,,Fbbi:00000251
7571,217-Sakai-iRFPactivity,Fig7D_hmx1_PCB_125uM,GO:0004074,GO:0140609,,Fbbi:00000251
7572,217-Sakai-iRFPactivity,Fig7D_WT_BV_125uM,GO:0004074,GO:0140609,,Fbbi:00000251
7573,217-Sakai-iRFPactivity,Fig7D_WT_PCB_125uM,GO:0004074,GO:0140609,,Fbbi:00000251
7574,202-Miyagawa-ChemotaxisDyn,Fig7a_SMovie3_timelapse_vector_170922,,GO:0006935,,Fbbi:00000249
7575,202-Miyagawa-ChemotaxisDyn,Fig7a_SMovie4_timelapse_wt_170921,,GO:0006935,,Fbbi:00000249
7576,202-Miyagawa-ChemotaxisDyn,Fig7a_SMovie5_timelapse_D208_170927,,GO:0006935,,Fbbi:00000249
7577,202-Miyagawa-ChemotaxisDyn,Fig7a_SMovie6_timelapse_dCtail_171001,,GO:0006935,,Fbbi:00000249
7578,203-Tanabe-SingleDyn,Fig1A_sGC_PIP3_membrane,GO:0030552,,,Fbbi:00000251
7579,203-Tanabe-SingleDyn,Fig1FG_cAMP_chemotaxis,GO:0030552,GO:0006935,,Fbbi:00000251
7580,203-Tanabe-SingleDyn,Fig2A_sGC-GFP_pulse,GO:0030552,,,Fbbi:00000251
7581,203-Tanabe-SingleDyn,Fig2A_sGC-GFP_step,GO:0030552,,,Fbbi:00000251
7582,203-Tanabe-SingleDyn,Fig2B_sGC-GFP_0.5sec,GO:0030552,,,Fbbi:00000251
7583,203-Tanabe-SingleDyn,Fig2B_sGC-GFP_1.5sec,GO:0030552,,,Fbbi:00000251
7584,203-Tanabe-SingleDyn,Fig2B_sGC-GFP_Sp,GO:0030552,,,Fbbi:00000251
7585,203-Tanabe-SingleDyn,Fig2C_WT_mRFP-Lim_sGC-GFP,GO:0030552,,,Fbbi:00000251
7586,203-Tanabe-SingleDyn,Fig3C_WT_PHPKB-GFP_sGCN-TMR,GO:0030552,,,Fbbi:00000251
7587,203-Tanabe-SingleDyn,Fig4A_sGCcat-GFP_cAMP,GO:0030552,,,Fbbi:00000251
7588,203-Tanabe-SingleDyn,Fig4A_sGCWT-GFP_cAMP,GO:0030552,,,Fbbi:00000251
7589,140-Hirata-MouseBrainSlice,D1BN_TM9.5_G,,GO:0007399,GO:0005886; GO:0043005,Fbbi:00000243
7590,140-Hirata-MouseBrainSlice,D1BN_TM9.5_L,,GO:0007399,GO:0005634; GO:0044297,Fbbi:00000243
7591,140-Hirata-MouseBrainSlice,D1BN_TM10.5_G,,GO:0007399,GO:0005886; GO:0043005,Fbbi:00000243
7592,140-Hirata-MouseBrainSlice,D1BN_TM10.5_L,,GO:0007399,GO:0005634; GO:0044297,Fbbi:00000243
7593,140-Hirata-MouseBrainSlice,D1BN_TM11.5_G,,GO:0007399,GO:0005886; GO:0043005,Fbbi:00000243
7594,140-Hirata-MouseBrainSlice,D1BN_TM11.5_L,,GO:0007399,GO:0005634; GO:0044297,Fbbi:00000243
7595,140-Hirata-MouseBrainSlice,D1BN_TM12.5_G,,GO:0007399,GO:0005886; GO:0043005,Fbbi:00000243
7596,140-Hirata-MouseBrainSlice,D1BN_TM12.5_L,,GO:0007399,GO:0005634; GO:0044297,Fbbi:00000243
7597,140-Hirata-MouseBrainSlice,D1BN_TM13.5_G,,GO:0007399,GO:0005886; GO:0043005,Fbbi:00000243
7598,140-Hirata-MouseBrainSlice,D1BN_TM13.5_L,,GO:0007399,GO:0005634; GO:0044297,Fbbi:00000243
7599,140-Hirata-MouseBrainSlice,D1BN_TM14.5_G,,GO:0007399,GO:0005886; GO:0043005,Fbbi:00000243
7600,140-Hirata-MouseBrainSlice,D1BN_TM14.5_L,,GO:0007399,GO:0005634; GO:0044297,Fbbi:00000243
7601,140-Hirata-MouseBrainSlice,D1BN_TM15.5_G,,GO:0007399,GO:0005886; GO:0043005,Fbbi:00000243
7602,140-Hirata-MouseBrainSlice,D1BN_TM15.5_L,,GO:0007399,GO:0005634; GO:0044297,Fbbi:00000243
7603,140-Hirata-MouseBrainSlice,D1BN_TM16.5_G,,GO:0007399,GO:0005886; GO:0043005,Fbbi:00000243
7604,140-Hirata-MouseBrainSlice,D1BN_TM16.5_L,,GO:0007399,GO:0005634; GO:0044297,Fbbi:00000243
7605,140-Hirata-MouseBrainSlice,D1BN_TM17.5_G,,GO:0007399,GO:0005886; GO:0043005,Fbbi:00000243
7606,140-Hirata-MouseBrainSlice,D1BN_TM17.5_L,,GO:0007399,GO:0005634; GO:0044297,Fbbi:00000243
7607,140-Hirata-MouseBrainSlice,D1BN_woTM_G,,GO:0007399,GO:0005886; GO:0043005,Fbbi:00000243
7608,140-Hirata-MouseBrainSlice,D1BN_woTM_L,,GO:0007399,GO:0005634; GO:0044297,Fbbi:00000243
7609,140-Hirata-MouseBrainSlice,D4AN_TM8.5_G,,GO:0007399,GO:0005886; GO:0043005,Fbbi:00000243
7610,140-Hirata-MouseBrainSlice,D4AN_TM8.5_L,,GO:0007399,GO:0005634; GO:0044297,Fbbi:00000243
7611,140-Hirata-MouseBrainSlice,D4AN_TM9.5_G,,GO:0007399,GO:0005886; GO:0043005,Fbbi:00000243
7612,140-Hirata-MouseBrainSlice,D4AN_TM9.5_L,,GO:0007399,GO:0005634; GO:0044297,Fbbi:00000243
7613,140-Hirata-MouseBrainSlice,D4AN_TM10.5_G,,GO:0007399,GO:0005886; GO:0043005,Fbbi:00000243
7614,140-Hirata-MouseBrainSlice,D4AN_TM10.5_L,,GO:0007399,GO:0005634; GO:0044297,Fbbi:00000243
7615,140-Hirata-MouseBrainSlice,D4AN_TM11.5_G,,GO:0007399,GO:0005886; GO:0043005,Fbbi:00000243
7616,140-Hirata-MouseBrainSlice,D4AN_TM11.5_L,,GO:0007399,GO:0005634; GO:0044297,Fbbi:00000243
7617,140-Hirata-MouseBrainSlice,D4AN_TM12.5_G,,GO:0007399,GO:0005886; GO:0043005,Fbbi:00000243
7618,140-Hirata-MouseBrainSlice,D4AN_TM12.5_L,,GO:0007399,GO:0005634; GO:0044297,Fbbi:00000243
7619,140-Hirata-MouseBrainSlice,D4AN_TM13.5_G,,GO:0007399,GO:0005886; GO:0043005,Fbbi:00000243
7620,140-Hirata-MouseBrainSlice,D4AN_TM13.5_L,,GO:0007399,GO:0005634; GO:0044297,Fbbi:00000243
7621,140-Hirata-MouseBrainSlice,D4AN_TM14.5_G,,GO:0007399,GO:0005886; GO:0043005,Fbbi:00000243
7622,140-Hirata-MouseBrainSlice,D4AN_TM14.5_L,,GO:0007399,GO:0005634; GO:0044297,Fbbi:00000243
7623,140-Hirata-MouseBrainSlice,D4AN_TM15.5_G,,GO:0007399,GO:0005886; GO:0043005,Fbbi:00000243
7624,140-Hirata-MouseBrainSlice,D4AN_TM15.5_L,,GO:0007399,GO:0005634; GO:0044297,Fbbi:00000243
7625,140-Hirata-MouseBrainSlice,D4AN_TM16.5_G,,GO:0007399,GO:0005886; GO:0043005,Fbbi:00000243
7626,140-Hirata-MouseBrainSlice,D4AN_TM16.5_L,,GO:0007399,GO:0005634; GO:0044297,Fbbi:00000243
7627,140-Hirata-MouseBrainSlice,D4AN_TM17.5_G,,GO:0007399,GO:0005886; GO:0043005,Fbbi:00000243
7628,140-Hirata-MouseBrainSlice,D4AN_TM17.5_L,,GO:0007399,GO:0005634; GO:0044297,Fbbi:00000243
7629,140-Hirata-MouseBrainSlice,D4AN_woTM_G,,GO:0007399,GO:0005886; GO:0043005,Fbbi:00000243
7630,140-Hirata-MouseBrainSlice,D4AN_woTM_L,,GO:0007399,GO:0005634; GO:0044297,Fbbi:00000243
7631,140-Hirata-MouseBrainSlice,G1CN_TM9.5_G,,GO:0007399,GO:0005886; GO:0043005,Fbbi:00000243
7632,140-Hirata-MouseBrainSlice,G1CN_TM9.5_L,,GO:0007399,GO:0005634; GO:0044297,Fbbi:00000243
7633,140-Hirata-MouseBrainSlice,G1CN_TM10.5_G,,GO:0007399,GO:0005886; GO:0043005,Fbbi:00000243
7634,140-Hirata-MouseBrainSlice,G1CN_TM10.5_L,,GO:0007399,GO:0005634; GO:0044297,Fbbi:00000243
7635,140-Hirata-MouseBrainSlice,G1CN_TM11.5_G,,GO:0007399,GO:0005886; GO:0043005,Fbbi:00000243
7636,140-Hirata-MouseBrainSlice,G1CN_TM11.5_L,,GO:0007399,GO:0005634; GO:0044297,Fbbi:00000243
7637,140-Hirata-MouseBrainSlice,G1CN_TM12.5_G,,GO:0007399,GO:0005886; GO:0043005,Fbbi:00000243
7638,140-Hirata-MouseBrainSlice,G1CN_TM12.5_L,,GO:0007399,GO:0005634; GO:0044297,Fbbi:00000243
7639,140-Hirata-MouseBrainSlice,G1CN_TM13.5_G,,GO:0007399,GO:0005886; GO:0043005,Fbbi:00000243
7640,140-Hirata-MouseBrainSlice,G1CN_TM13.5_L,,GO:0007399,GO:0005634; GO:0044297,Fbbi:00000243
7641,140-Hirata-MouseBrainSlice,G1CN_TM14.5_G,,GO:0007399,GO:0005886; GO:0043005,Fbbi:00000243
7642,140-Hirata-MouseBrainSlice,G1CN_TM14.5_L,,GO:0007399,GO:0005634; GO:0044297,Fbbi:00000243
7643,140-Hirata-MouseBrainSlice,G1CN_TM15.5_G,,GO:0007399,GO:0005886; GO:0043005,Fbbi:00000243
7644,140-Hirata-MouseBrainSlice,G1CN_TM15.5_L,,GO:0007399,GO:0005634; GO:0044297,Fbbi:00000243
7645,140-Hirata-MouseBrainSlice,G1CN_TM16.5_G,,GO:0007399,GO:0005886; GO:0043005,Fbbi:00000243
7646,140-Hirata-MouseBrainSlice,G1CN_TM16.5_L,,GO:0007399,GO:0005634; GO:0044297,Fbbi:00000243
7647,140-Hirata-MouseBrainSlice,G1CN_TM17.5_G,,GO:0007399,GO:0005886; GO:0043005,Fbbi:00000243
7648,140-Hirata-MouseBrainSlice,G1CN_TM17.5_L,,GO:0007399,GO:0005634; GO:0044297,Fbbi:00000243
7649,140-Hirata-MouseBrainSlice,G1CN_woTM_G,,GO:0007399,GO:0005886; GO:0043005,Fbbi:00000243
7650,140-Hirata-MouseBrainSlice,G1CN_woTM_L,,GO:0007399,GO:0005634; GO:0044297,Fbbi:00000243
7651,140-Hirata-MouseBrainSlice,G2AN_TM9.5_G,,GO:0007399,GO:0005886; GO:0043005,Fbbi:00000243
7652,140-Hirata-MouseBrainSlice,G2AN_TM9.5_L,,GO:0007399,GO:0005634; GO:0044297,Fbbi:00000243
7653,140-Hirata-MouseBrainSlice,G2AN_TM10.5_G,,GO:0007399,GO:0005886; GO:0043005,Fbbi:00000243
7654,140-Hirata-MouseBrainSlice,G2AN_TM10.5_L,,GO:0007399,GO:0005634; GO:0044297,Fbbi:00000243
7655,140-Hirata-MouseBrainSlice,G2AN_TM11.5_G,,GO:0007399,GO:0005886; GO:0043005,Fbbi:00000243
7656,140-Hirata-MouseBrainSlice,G2AN_TM11.5_L,,GO:0007399,GO:0005634; GO:0044297,Fbbi:00000243
7657,140-Hirata-MouseBrainSlice,G2AN_TM12.5_G,,GO:0007399,GO:0005886; GO:0043005,Fbbi:00000243
7658,140-Hirata-MouseBrainSlice,G2AN_TM12.5_L,,GO:0007399,GO:0005634; GO:0044297,Fbbi:00000243
7659,140-Hirata-MouseBrainSlice,G2AN_TM13.5_G,,GO:0007399,GO:0005886; GO:0043005,Fbbi:00000243
7660,140-Hirata-MouseBrainSlice,G2AN_TM13.5_L,,GO:0007399,GO:0005634; GO:0044297,Fbbi:00000243
7661,140-Hirata-MouseBrainSlice,G2AN_TM14.5_G,,GO:0007399,GO:0005886; GO:0043005,Fbbi:00000243
7662,140-Hirata-MouseBrainSlice,G2AN_TM14.5_L,,GO:0007399,GO:0005634; GO:0044297,Fbbi:00000243
7663,140-Hirata-MouseBrainSlice,G2AN_TM15.5_G,,GO:0007399,GO:0005886; GO:0043005,Fbbi:00000243
7664,140-Hirata-MouseBrainSlice,G2AN_TM15.5_L,,GO:0007399,GO:0005634; GO:0044297,Fbbi:00000243
7665,140-Hirata-MouseBrainSlice,G2AN_TM16.5_G,,GO:0007399,GO:0005886; GO:0043005,Fbbi:00000243
7666,140-Hirata-MouseBrainSlice,G2AN_TM16.5_L,,GO:0007399,GO:0005634; GO:0044297,Fbbi:00000243
7667,140-Hirata-MouseBrainSlice,G2AN_TM17.5_G,,GO:0007399,GO:0005886; GO:0043005,Fbbi:00000243
7668,140-Hirata-MouseBrainSlice,G2AN_TM17.5_L,,GO:0007399,GO:0005634; GO:0044297,Fbbi:00000243
7669,140-Hirata-MouseBrainSlice,G2AN_TM18.5_G,,GO:0007399,GO:0005886; GO:0043005,Fbbi:00000243
7670,140-Hirata-MouseBrainSlice,G2AN_TM18.5_L,,GO:0007399,GO:0005634; GO:0044297,Fbbi:00000243
7671,140-Hirata-MouseBrainSlice,G2AN_woTM_G,,GO:0007399,GO:0005886; GO:0043005,Fbbi:00000243
7672,140-Hirata-MouseBrainSlice,G2AN_woTM_L,,GO:0007399,GO:0005634; GO:0044297,Fbbi:00000243
7673,163-Wang-MitochondrialDyn,Fig5AC_Mitochondrial_MitoPB,,GO:0008053,GO:0005739; GO:0030061; GO:0005743; GO:0005741; GO:0031966,Fbbi:00000249; Fbbi:00000334
7674,163-Wang-MitochondrialDyn,Fig5B_Mitochondrial_MitoPB,,GO:0008053,GO:0005739; GO:0030061; GO:0005743; GO:0005741; GO:0031966,Fbbi:00000249; Fbbi:00000334
7675,163-Wang-MitochondrialDyn,Fig2A_STED_mitochondria,,GO:0008053,GO:0005739; GO:0030061; GO:0005743; GO:0005741; GO:0031966,Fbbi:00000334
7676,163-Wang-MitochondrialDyn,Fig2B_STED_mitochondria_after,,GO:0008053,GO:0005739; GO:0030061; GO:0005743; GO:0005741; GO:0031966,Fbbi:00000334
7677,163-Wang-MitochondrialDyn,Fig2B_STED_mitochondria_before,,GO:0008053,GO:0005739; GO:0030061; GO:0005743; GO:0005741; GO:0031966,Fbbi:00000334
7678,163-Wang-MitochondrialDyn,Fig3_STED_mitochondria_inner_outer,,GO:0008053,GO:0005739; GO:0030061; GO:0005743; GO:0005741; GO:0031966,Fbbi:00000334
7679,163-Wang-MitochondrialDyn,Fig4A_STED_mitochondial_DMEM,,GO:0008053,GO:0005739; GO:0030061; GO:0005743; GO:0005741; GO:0031966,Fbbi:00000334
7680,163-Wang-MitochondrialDyn,Fig4A_STED_mitochondial_HBSS3h,,GO:0008053,GO:0005739; GO:0030061; GO:0005743; GO:0005741; GO:0031966,Fbbi:00000334
7681,163-Wang-MitochondrialDyn,Fig4A_STED_mitochondial_HBSS12h,,GO:0008053,GO:0005739; GO:0030061; GO:0005743; GO:0005741; GO:0031966,Fbbi:00000334
7682,163-Wang-MitochondrialDyn,Fig4C_STED_cristae_HeLa,,GO:0008053,GO:0005739; GO:0030061; GO:0005743; GO:0005741; GO:0031966,Fbbi:00000334
7683,186-Tsuboi-TumorDyn,Fig5a_NIR_tumor_day0,,GO:0097194,,Fbbi:00000246
7684,186-Tsuboi-TumorDyn,Fig5a_NIR_tumor_day1,,GO:0097194,,Fbbi:00000246
7685,186-Tsuboi-TumorDyn,Fig5a_NIR_tumor_day3,,GO:0097194,,Fbbi:00000246
7686,186-Tsuboi-TumorDyn,Fig5a_NIR_tumor_day5,,GO:0097194,,Fbbi:00000246
7687,186-Tsuboi-TumorDyn,FigS5a_24h_0.1nm,,GO:0097194,,Fbbi:00000246
7688,186-Tsuboi-TumorDyn,FigS5a_24h_0.01nm,,GO:0097194,,Fbbi:00000246
7689,186-Tsuboi-TumorDyn,FigS5a_24h_0nm,,GO:0097194,,Fbbi:00000246
7690,186-Tsuboi-TumorDyn,FigS5a_24h_1nm,,GO:0097194,,Fbbi:00000246
7691,186-Tsuboi-TumorDyn,FigS5a_24h_10nm,,GO:0097194,,Fbbi:00000246
7692,186-Tsuboi-TumorDyn,FigS5a_24h_100nm,,GO:0097194,,Fbbi:00000246
7693,186-Tsuboi-TumorDyn,FigS5a_48h_0.1nm,,GO:0097194,,Fbbi:00000246
7694,186-Tsuboi-TumorDyn,FigS5a_48h_0.01nm,,GO:0097194,,Fbbi:00000246
7695,186-Tsuboi-TumorDyn,FigS5a_48h_0nm,,GO:0097194,,Fbbi:00000246
7696,186-Tsuboi-TumorDyn,FigS5a_48h_1nm,,GO:0097194,,Fbbi:00000246
7697,186-Tsuboi-TumorDyn,FigS5a_48h_10nm,,GO:0097194,,Fbbi:00000246
7698,186-Tsuboi-TumorDyn,FigS5a_48h_100nm,,GO:0097194,,Fbbi:00000246
7699,186-Tsuboi-TumorDyn,FigS5a_72h_0.1nm,,GO:0097194,,Fbbi:00000246
7700,186-Tsuboi-TumorDyn,FigS5a_72h_0.01nm,,GO:0097194,,Fbbi:00000246
7701,186-Tsuboi-TumorDyn,FigS5a_72h_0nm,,GO:0097194,,Fbbi:00000246
7702,186-Tsuboi-TumorDyn,FigS5a_72h_1nm,,GO:0097194,,Fbbi:00000246
7703,186-Tsuboi-TumorDyn,FigS5a_72h_10nm,,GO:0097194,,Fbbi:00000246
7704,186-Tsuboi-TumorDyn,FigS5a_72h_100nm,,GO:0097194,,Fbbi:00000246
7705,186-Tsuboi-TumorDyn,FigS7_NIR_tumor_day0,,GO:0097194,,Fbbi:00000246
7706,186-Tsuboi-TumorDyn,FigS7_NIR_tumor_day1,,GO:0097194,,Fbbi:00000246
7707,186-Tsuboi-TumorDyn,FigS7_NIR_tumor_day2,,GO:0097194,,Fbbi:00000246
7708,186-Tsuboi-TumorDyn,FigS10_NIR_ICG-EGFP_day0,,GO:0097194,,Fbbi:00000246
7709,186-Tsuboi-TumorDyn,FigS10_NIR_ICG-EGFP_day3,,GO:0097194,,Fbbi:00000246
7710,186-Tsuboi-TumorDyn,FigS10_NIR_ICG-mPlum_day0,,GO:0097194,,Fbbi:00000246
7711,186-Tsuboi-TumorDyn,FigS10_NIR_ICG-mPlum_day3,,GO:0097194,,Fbbi:00000246
7712,187-Tsuboi-TumorDyn,Fig4b_NIR_ICG-Herceptin,,GO:0051726,,Fbbi:00000246
7713,187-Tsuboi-TumorDyn,Fig7_BF_tumor_Kadcyla,,GO:0051726,,Fbbi:00000246
7714,187-Tsuboi-TumorDyn,Fig7_BF_tumor_Kadcyla-,,GO:0051726,,Fbbi:00000246
7715,187-Tsuboi-TumorDyn,Fig7_FigS8_tumorsize_Kadcyla,,GO:0051726,,Fbbi:00000246
7716,187-Tsuboi-TumorDyn,Fig7_FigS8_tumorsize_Kadcyla-,,GO:0051726,,Fbbi:00000246
7717,197-Bannai-CalciumIonSignaling,Figure3_701GOERGCaMP6fLckRCaMP2HeLax60x1His1uM,,GO:0019722,GO:0005886,Fbbi:00000249
7718,197-Bannai-CalciumIonSignaling,Figure4A_101hsGCaMP6F,,GO:0019722,GO:0005886,Fbbi:00000249
7719,197-Bannai-CalciumIonSignaling,Figure4A_101LckRCaMP2,,GO:0019722,GO:0005886,Fbbi:00000249
7720,197-Bannai-CalciumIonSignaling,Figure4B_202CortexLCKRCaMP6f60x1at2Hz2min,,GO:0019722,GO:0005886,Fbbi:00000249
7721,197-Bannai-CalciumIonSignaling,Figure4B_202CortexOERGCaMP6f60x1at2Hz2min,,GO:0019722,GO:0005886,Fbbi:00000249
7722,197-Bannai-CalciumIonSignaling,Figure5A_FCkGCaMP6F3303e50msF2Hz60x1nd50,,GO:0019722,GO:0005886,Fbbi:00000249
7723,197-Bannai-CalciumIonSignaling,Figure5B_301Hippox60x1DHPG100uMat30s,,GO:0019722,GO:0005886,Fbbi:00000249
7724,199-Ichimura-MulticellularDyn,Fig2_BrainSliceRGB,,,,Fbbi:00000246
7725,199-Ichimura-MulticellularDyn,Fig3_MDCKpostconfl,,,GO:0005634,Fbbi:00000246
7726,199-Ichimura-MulticellularDyn,Fig3_MDCKpreconfl,,,GO:0005634,Fbbi:00000246
7727,199-Ichimura-MulticellularDyn,Fig4_HeLaYC360_5spf,,GO:0019722; GO:0019933,GO:0005634,Fbbi:00000246; Fbbi:00000367
7728,199-Ichimura-MulticellularDyn,Fig4_HeLaYC360_10fps,,GO:0019722; GO:0019933,GO:0005634,Fbbi:00000246; Fbbi:00000367
7729,199-Ichimura-MulticellularDyn,Fig5-6_Flamindo2,,GO:0019722; GO:0019933,GO:0005634,Fbbi:00000246
7730,199-Ichimura-MulticellularDyn,Fig5-6_RFP,,GO:0019722; GO:0019933,GO:0005634,Fbbi:00000246
7731,209-Kimura-SkinMorphology,Fig1f_HE_humanskin,,GO:0098773,,Fbbi:00000251
7732,209-Kimura-SkinMorphology,Fig1f_HE_THS_airliquid,,GO:0098773,,Fbbi:00000251
7733,210-Takeo-HFregeneration,Fig1c_3D_pelageHF_D0,,GO:0001942,,Fbbi:00000251
7734,210-Takeo-HFregeneration,Fig1c_3D_pelageHF_D6,,GO:0001942,,Fbbi:00000251
7735,210-Takeo-HFregeneration,Fig1c_3D_vibrissa_D0,,GO:0001942,,Fbbi:00000251
7736,210-Takeo-HFregeneration,Fig1c_3D_vibrissa_D6,,GO:0001942,,Fbbi:00000251
7737,210-Takeo-HFregeneration,Fig3f_NFFS_hairscycle,,GO:0001942,,Fbbi:00000251
7738,210-Takeo-HFregeneration,Fig3f_NFFSE_hairscycle,,GO:0001942,,Fbbi:00000251
7739,210-Takeo-HFregeneration,Fig4c_Itgb5-HF,,GO:0001942,,Fbbi:00000251
7740,210-Takeo-HFregeneration,Fig4c_Itgb5-Itgb5_HF,,GO:0001942,,Fbbi:00000251
7741,218-Tanaka-CellSignallingDyn,Figure2D_B16F10_GAS_IFN-v,GO:0019961; GO:0019964,,,Fbbi:00000249
7742,218-Tanaka-CellSignallingDyn,Figure2D_B16F10_GAS_IFN-v-,GO:0019961; GO:0019964,,,Fbbi:00000249
7743,218-Tanaka-CellSignallingDyn,Figure2D_B16F10_ISRE_IFN-v,GO:0019961; GO:0019964,,,Fbbi:00000249
7744,218-Tanaka-CellSignallingDyn,Figure2D_B16F10_ISRE_IFN-v-,GO:0019961; GO:0019964,,,Fbbi:00000249
7745,218-Tanaka-CellSignallingDyn,Figure2D_Braf_GAS_IFN-v,GO:0019961; GO:0019964,,,Fbbi:00000249
7746,218-Tanaka-CellSignallingDyn,Figure2D_Braf_GAS_IFN-v-,GO:0019961; GO:0019964,,,Fbbi:00000249
7747,218-Tanaka-CellSignallingDyn,Figure2D_Braf_ISRE_IFN-v,GO:0019961; GO:0019964,,,Fbbi:00000249
7748,218-Tanaka-CellSignallingDyn,Figure2D_Braf_ISRE_IFN-v-,GO:0019961; GO:0019964,,,Fbbi:00000249
7749,218-Tanaka-CellSignallingDyn,Figure2D_MC-38_GAS_IFN-v,GO:0019961; GO:0019964,,,Fbbi:00000249
7750,218-Tanaka-CellSignallingDyn,Figure2D_MC-38_GAS_IFN-v-,GO:0019961; GO:0019964,,,Fbbi:00000249
7751,218-Tanaka-CellSignallingDyn,Figure2D_MC-38_ISRE_IFN-v,GO:0019961; GO:0019964,,,Fbbi:00000249
7752,218-Tanaka-CellSignallingDyn,Figure2D_MC-38_ISRE_IFN-v-,GO:0019961; GO:0019964,,,Fbbi:00000249
7753,218-Tanaka-CellSignallingDyn,Figure2D_Panc02_GAS_IFN-v,GO:0019961; GO:0019964,,,Fbbi:00000249
7754,218-Tanaka-CellSignallingDyn,Figure2D_Panc02_GAS_IFN-v-,GO:0019961; GO:0019964,,,Fbbi:00000249
7755,218-Tanaka-CellSignallingDyn,Figure2D_Panc02_ISRE_IFN-v,GO:0019961; GO:0019964,,,Fbbi:00000249
7756,218-Tanaka-CellSignallingDyn,Figure2D_Panc02_ISRE_IFN-v-,GO:0019961; GO:0019964,,,Fbbi:00000249
7757,218-Tanaka-CellSignallingDyn,Figure3C_upperWT_lowerIfngrKO_mice_tumor,GO:0019961; GO:0019964,,,Fbbi:00000246
7758,218-Tanaka-CellSignallingDyn,Figure4A_20210719_MIIS_GAS_mice_tumor,GO:0019961; GO:0019964,,,Fbbi:00000246
7759,218-Tanaka-CellSignallingDyn,Figure4A_20210816_MIIS_GAS_mice_tumor,GO:0019961; GO:0019964,,,Fbbi:00000246
7760,218-Tanaka-CellSignallingDyn,Figure4A_MIIS_GAS_mice_tumor,GO:0019961; GO:0019964,,,Fbbi:00000246
7761,218-Tanaka-CellSignallingDyn,Figure4B_Brafv600E_mice_tumor,GO:0019961; GO:0019964,,,Fbbi:00000246
7762,218-Tanaka-CellSignallingDyn,Figure4D_Brafv600Ecell_GAS_20210821_IFNgR1KO-1,GO:0019961; GO:0019964,,,Fbbi:00000246; 
7763,218-Tanaka-CellSignallingDyn,Figure4D_Brafv600Ecell_GAS_20210821_IFNgR1KO-2,GO:0019961; GO:0019964,,,Fbbi:00000246; 
7764,218-Tanaka-CellSignallingDyn,Figure4D_Brafv600Ecell_GAS_20210821_IFNgR1KO-3,GO:0019961; GO:0019964,,,Fbbi:00000246; 
7765,218-Tanaka-CellSignallingDyn,Figure4D_Brafv600Ecell_GAS_20210821_WT1,GO:0019961; GO:0019964,,,Fbbi:00000246; 
7766,218-Tanaka-CellSignallingDyn,Figure4D_Brafv600Ecell_GAS_20210821_WT3,GO:0019961; GO:0019964,,,Fbbi:00000246; 
7767,218-Tanaka-CellSignallingDyn,Figure4D_Brafv600Ecell_GAS_20210823_GqKO-1,GO:0019961; GO:0019964,,,Fbbi:00000246; 
7768,218-Tanaka-CellSignallingDyn,Figure4D_Brafv600Ecell_GAS_20210823_GqKO-2,GO:0019961; GO:0019964,,,Fbbi:00000246; 
7769,218-Tanaka-CellSignallingDyn,Figure4D_Brafv600Ecell_GAS_20210823_GqKO-3,GO:0019961; GO:0019964,,,Fbbi:00000246; 
7770,218-Tanaka-CellSignallingDyn,Figure4D_Brafv600Ecell_GAS_20210823_GqKOIFNgR1KO-1,GO:0019961; GO:0019964,,,Fbbi:00000246; 
7771,218-Tanaka-CellSignallingDyn,Figure4D_Brafv600Ecell_GAS_20210823_GqKOIFNgR1KO-2,GO:0019961; GO:0019964,,,Fbbi:00000246; 
7772,218-Tanaka-CellSignallingDyn,Figure4D_Brafv600Ecell_GAS_20210823_GqKOIFNgR1KO-3,GO:0019961; GO:0019964,,,Fbbi:00000246; 
7773,222-Dodo-RamanImaging,Fig5_S3_Raman_imaging_VA-13cell_0h,,GO:0008152,,
7774,222-Dodo-RamanImaging,Fig5_S3_Raman_imaging_VA-13cell_6h,,GO:0008152,,
7775,222-Dodo-RamanImaging,Fig5_S3_Raman_imaging_VA-13cell_12h,,GO:0008152,,
7776,222-Dodo-RamanImaging,Fig5_S3_Raman_imaging_VA-13cell_24h,,GO:0008152,,
7777,222-Dodo-RamanImaging,Fig5_S3_Raman_imaging_VA-13cell_48h,,GO:0008152,,
7778,222-Dodo-RamanImaging,Fig6_S4_Raman_imaging_WI-38cell_0h,,GO:0008152,,
7779,222-Dodo-RamanImaging,Fig6_S4_Raman_imaging_WI-38cell_6h,,GO:0008152,,
7780,222-Dodo-RamanImaging,Fig6_S4_Raman_imaging_WI-38cell_12h,,GO:0008152,,
7781,222-Dodo-RamanImaging,Fig6_S4_Raman_imaging_WI-38cell_24h,,GO:0008152,,
7782,222-Dodo-RamanImaging,Fig6_S4_Raman_imaging_WI-38cell_48h,,GO:0008152,,
7783,222-Dodo-RamanImaging,FigS5_Raman_imaging_VA-13cell,,GO:0008152,,
7784,222-Dodo-RamanImaging,FigS5_Raman_imaging_WI-38cell,,GO:0008152,,
7785,224-Kamada-MitosisDyn,Fig2A_3color_HeLa_raw_images,,GO:0051301; GO:0000278,GO:0005634,Fbbi:00000249
7786,224-Kamada-MitosisDyn,Fig2C_3color_HeLa_unmixed_images,,GO:0051301; GO:0000278,GO:0005634,Fbbi:00000249
7787,224-Kamada-MitosisDyn,Fig3A_3color_BY2_raw_images,,GO:0051301; GO:0000278,GO:0005634,Fbbi:00000249
7788,224-Kamada-MitosisDyn,Fig3C_3color_BY2_unmixed_images,,GO:0051301; GO:0000278,GO:0005634,Fbbi:00000249
7789,224-Kamada-MitosisDyn,Fig4A_4color_BY2_raw_images,,GO:0051301; GO:0000278,GO:0005634,Fbbi:00000249
7790,224-Kamada-MitosisDyn,Fig4C_4color_BY2_unmixed_images,,GO:0051301; GO:0000278,GO:0005634,Fbbi:00000249
7791,224-Kamada-MitosisDyn,FigS1A_2color_1p_ex_HeLa_successed_images,,GO:0051301; GO:0000278,GO:0005634,Fbbi:00000249
7792,224-Kamada-MitosisDyn,FigS1B_2color_1p_ex_HeLa_failed_images,,GO:0051301; GO:0000278,GO:0005634,Fbbi:00000249
7793,225-Seiriki-WholeBrainDev,Fig5_Whole_brain_imaging_20180410_224310,,GO:0007420,,Fbbi:00000246; ; 
7794,225-Seiriki-WholeBrainDev,Fig5_Whole_brain_imaging1_20180410_224543,,GO:0007420,,Fbbi:00000246; ; 
7795,225-Seiriki-WholeBrainDev,Fig5_Whole_brain_imaging2_20180410_224809,,GO:0007420,,Fbbi:00000246; ; 
7796,225-Seiriki-WholeBrainDev,Fig5_Whole_brain_imaging3_20180410_225036,,GO:0007420,,Fbbi:00000246; ; 
7797,225-Seiriki-WholeBrainDev,Fig5_Whole_brain_imaging4_20180410_225304,,GO:0007420,,Fbbi:00000246; ; 
7798,225-Seiriki-WholeBrainDev,Fig5_Whole_brain_imaging5_20180410_225532,,GO:0007420,,Fbbi:00000246; ; 
7799,225-Seiriki-WholeBrainDev,Fig5_Whole_brain_imaging6_20180410_225759,,GO:0007420,,Fbbi:00000246; ; 
7800,225-Seiriki-WholeBrainDev,Fig5_Whole_brain_imaging7_20180410_230027,,GO:0007420,,Fbbi:00000246; ; 
7801,225-Seiriki-WholeBrainDev,Fig5_Whole_brain_imaging8_20180410_230255,,GO:0007420,,Fbbi:00000246; ; 
7802,225-Seiriki-WholeBrainDev,Fig5_Whole_brain_imaging9_20180410_230521,,GO:0007420,,Fbbi:00000246; ; 
7803,225-Seiriki-WholeBrainDev,Fig5_Whole_brain_imaging10_20180410_230749,,GO:0007420,,Fbbi:00000246; ; 
7804,225-Seiriki-WholeBrainDev,Fig5_Whole_brain_imaging11_20180410_231016,,GO:0007420,,Fbbi:00000246; ; 
7805,225-Seiriki-WholeBrainDev,Fig5_Whole_brain_imaging12_20180410_231243,,GO:0007420,,Fbbi:00000246; ; 
7806,225-Seiriki-WholeBrainDev,Fig5_Whole_brain_imaging13_20180410_231512,,GO:0007420,,Fbbi:00000246; ; 
7807,225-Seiriki-WholeBrainDev,Fig5_Whole_brain_imaging14_20180410_231806,,GO:0007420,,Fbbi:00000246; ; 
7808,225-Seiriki-WholeBrainDev,Fig5_Whole_brain_imaging15_20180410_232100,,GO:0007420,,Fbbi:00000246; ; 
7809,225-Seiriki-WholeBrainDev,Fig5_Whole_brain_imaging16_20180410_232356,,GO:0007420,,Fbbi:00000246; ; 
7810,225-Seiriki-WholeBrainDev,Fig5_Whole_brain_imaging17_20180410_232652,,GO:0007420,,Fbbi:00000246; ; 
7811,225-Seiriki-WholeBrainDev,Fig5_Whole_brain_imaging18_20180410_232950,,GO:0007420,,Fbbi:00000246; ; 
7812,225-Seiriki-WholeBrainDev,Fig5_Whole_brain_imaging19_20180410_233246,,GO:0007420,,Fbbi:00000246; ; 
7813,225-Seiriki-WholeBrainDev,Fig5_Whole_brain_imaging20_20180410_233543,,GO:0007420,,Fbbi:00000246; ; 
7814,225-Seiriki-WholeBrainDev,Fig5_Whole_brain_imaging21_20180410_233840,,GO:0007420,,Fbbi:00000246; ; 
7815,225-Seiriki-WholeBrainDev,Fig5_Whole_brain_imaging22_20180410_234138,,GO:0007420,,Fbbi:00000246; ; 
7816,225-Seiriki-WholeBrainDev,Fig5_Whole_brain_imaging23_20180410_234435,,GO:0007420,,Fbbi:00000246; ; 
7817,225-Seiriki-WholeBrainDev,Fig5_Whole_brain_imaging24_20180410_234732,,GO:0007420,,Fbbi:00000246; ; 
7818,225-Seiriki-WholeBrainDev,Fig5_Whole_brain_imaging25_20180410_235030,,GO:0007420,,Fbbi:00000246; ; 
7819,225-Seiriki-WholeBrainDev,Fig5_Whole_brain_imaging26_20180410_235328,,GO:0007420,,Fbbi:00000246; ; 
7820,225-Seiriki-WholeBrainDev,Fig5_Whole_brain_imaging27_20180410_235626,,GO:0007420,,Fbbi:00000246; ; 
7821,225-Seiriki-WholeBrainDev,Fig5_Whole_brain_imaging28_20180410_235925,,GO:0007420,,Fbbi:00000246; ; 
7822,225-Seiriki-WholeBrainDev,Fig5_Whole_brain_imaging29_20180411_00223,,GO:0007420,,Fbbi:00000246; ; 
7823,225-Seiriki-WholeBrainDev,Fig5_Whole_brain_imaging30_20180411_00522,,GO:0007420,,Fbbi:00000246; ; 
7824,225-Seiriki-WholeBrainDev,Fig5_Whole_brain_imaging31_20180411_00821,,GO:0007420,,Fbbi:00000246; ; 
7825,225-Seiriki-WholeBrainDev,Fig5_Whole_brain_imaging32_20180411_01120,,GO:0007420,,Fbbi:00000246; ; 
7826,225-Seiriki-WholeBrainDev,Fig5_Whole_brain_imaging33_20180411_01420,,GO:0007420,,Fbbi:00000246; ; 
7827,225-Seiriki-WholeBrainDev,Fig5_Whole_brain_imaging34_20180411_01719,,GO:0007420,,Fbbi:00000246; ; 
7828,225-Seiriki-WholeBrainDev,Fig5_Whole_brain_imaging35_20180411_02018,,GO:0007420,,Fbbi:00000246; ; 
7829,225-Seiriki-WholeBrainDev,Fig5_Whole_brain_imaging36_20180411_02316,,GO:0007420,,Fbbi:00000246; ; 
7830,225-Seiriki-WholeBrainDev,Fig5_Whole_brain_imaging37_20180411_02615,,GO:0007420,,Fbbi:00000246; ; 
7831,225-Seiriki-WholeBrainDev,Fig5_Whole_brain_imaging38_20180411_02914,,GO:0007420,,Fbbi:00000246; ; 
7832,225-Seiriki-WholeBrainDev,Fig5_Whole_brain_imaging39_20180411_03214,,GO:0007420,,Fbbi:00000246; ; 
7833,225-Seiriki-WholeBrainDev,Fig5_Whole_brain_imaging40_20180411_03511,,GO:0007420,,Fbbi:00000246; ; 
7834,225-Seiriki-WholeBrainDev,Fig5_Whole_brain_imaging41_20180411_03812,,GO:0007420,,Fbbi:00000246; ; 
7835,225-Seiriki-WholeBrainDev,Fig5_Whole_brain_imaging42_20180411_04112,,GO:0007420,,Fbbi:00000246; ; 
7836,225-Seiriki-WholeBrainDev,Fig5_Whole_brain_imaging43_20180411_04412,,GO:0007420,,Fbbi:00000246; ; 
7837,225-Seiriki-WholeBrainDev,Fig5_Whole_brain_imaging44_20180411_04713,,GO:0007420,,Fbbi:00000246; ; 
7838,225-Seiriki-WholeBrainDev,Fig5_Whole_brain_imaging45_20180411_05012,,GO:0007420,,Fbbi:00000246; ; 
7839,225-Seiriki-WholeBrainDev,Fig5_Whole_brain_imaging46_20180411_05313,,GO:0007420,,Fbbi:00000246; ; 
7840,225-Seiriki-WholeBrainDev,Fig5_Whole_brain_imaging47_20180411_05613,,GO:0007420,,Fbbi:00000246; ; 
7841,225-Seiriki-WholeBrainDev,Fig5_Whole_brain_imaging48_20180411_05913,,GO:0007420,,Fbbi:00000246; ; 
7842,225-Seiriki-WholeBrainDev,Fig5_Whole_brain_imaging49_20180411_10213,,GO:0007420,,Fbbi:00000246; ; 
7843,225-Seiriki-WholeBrainDev,Fig5_Whole_brain_imaging50_20180411_10512,,GO:0007420,,Fbbi:00000246; ; 
7844,225-Seiriki-WholeBrainDev,Fig5_Whole_brain_imaging51_20180411_10812,,GO:0007420,,Fbbi:00000246; ; 
7845,225-Seiriki-WholeBrainDev,Fig5_Whole_brain_imaging52_20180411_11114,,GO:0007420,,Fbbi:00000246; ; 
7846,225-Seiriki-WholeBrainDev,Fig5_Whole_brain_imaging53_20180411_11414,,GO:0007420,,Fbbi:00000246; ; 
7847,225-Seiriki-WholeBrainDev,Fig5_Whole_brain_imaging54_20180411_11717,,GO:0007420,,Fbbi:00000246; ; 
7848,225-Seiriki-WholeBrainDev,Fig5_Whole_brain_imaging55_20180411_12018,,GO:0007420,,Fbbi:00000246; ; 
7849,225-Seiriki-WholeBrainDev,Fig5_Whole_brain_imaging56_20180411_12320,,GO:0007420,,Fbbi:00000246; ; 
7850,225-Seiriki-WholeBrainDev,Fig5_Whole_brain_imaging57_20180411_12623,,GO:0007420,,Fbbi:00000246; ; 
7851,225-Seiriki-WholeBrainDev,Fig5_Whole_brain_imaging58_20180411_12926,,GO:0007420,,Fbbi:00000246; ; 
7852,225-Seiriki-WholeBrainDev,Fig5_Whole_brain_imaging59_20180411_13228,,GO:0007420,,Fbbi:00000246; ; 
7853,225-Seiriki-WholeBrainDev,Fig5_Whole_brain_imaging60_20180411_13531,,GO:0007420,,Fbbi:00000246; ; 
7854,225-Seiriki-WholeBrainDev,Fig5_Whole_brain_imaging61_20180411_13832,,GO:0007420,,Fbbi:00000246; ; 
7855,225-Seiriki-WholeBrainDev,Fig5_Whole_brain_imaging62_20180411_14135,,GO:0007420,,Fbbi:00000246; ; 
7856,225-Seiriki-WholeBrainDev,Fig5_Whole_brain_imaging63_20180411_14441,,GO:0007420,,Fbbi:00000246; ; 
7857,225-Seiriki-WholeBrainDev,Fig5_Whole_brain_imaging64_20180411_14744,,GO:0007420,,Fbbi:00000246; ; 
7858,225-Seiriki-WholeBrainDev,Fig5_Whole_brain_imaging65_20180411_15048,,GO:0007420,,Fbbi:00000246; ; 
7859,225-Seiriki-WholeBrainDev,Fig5_Whole_brain_imaging66_20180411_15352,,GO:0007420,,Fbbi:00000246; ; 
7860,225-Seiriki-WholeBrainDev,Fig5_Whole_brain_imaging67_20180411_15656,,GO:0007420,,Fbbi:00000246; ; 
7861,225-Seiriki-WholeBrainDev,Fig5_Whole_brain_imaging68_20180411_20001,,GO:0007420,,Fbbi:00000246; ; 
7862,225-Seiriki-WholeBrainDev,Fig5_Whole_brain_imaging69_20180411_20306,,GO:0007420,,Fbbi:00000246; ; 
7863,225-Seiriki-WholeBrainDev,Fig5_Whole_brain_imaging70_20180411_20610,,GO:0007420,,Fbbi:00000246; ; 
7864,225-Seiriki-WholeBrainDev,Fig5_Whole_brain_imaging71_20180411_20914,,GO:0007420,,Fbbi:00000246; ; 
7865,225-Seiriki-WholeBrainDev,Fig5_Whole_brain_imaging72_20180411_21218,,GO:0007420,,Fbbi:00000246; ; 
7866,225-Seiriki-WholeBrainDev,Fig5_Whole_brain_imaging73_20180411_21524,,GO:0007420,,Fbbi:00000246; ; 
7867,225-Seiriki-WholeBrainDev,Fig5_Whole_brain_imaging74_20180411_21831,,GO:0007420,,Fbbi:00000246; ; 
7868,225-Seiriki-WholeBrainDev,Fig5_Whole_brain_imaging75_20180411_22140,,GO:0007420,,Fbbi:00000246; ; 
7869,225-Seiriki-WholeBrainDev,Fig5_Whole_brain_imaging76_20180411_22447,,GO:0007420,,Fbbi:00000246; ; 
7870,225-Seiriki-WholeBrainDev,Fig5_Whole_brain_imaging77_20180411_22754,,GO:0007420,,Fbbi:00000246; ; 
7871,225-Seiriki-WholeBrainDev,Fig5_Whole_brain_imaging78_20180411_23100,,GO:0007420,,Fbbi:00000246; ; 
7872,225-Seiriki-WholeBrainDev,Fig5_Whole_brain_imaging79_20180411_23408,,GO:0007420,,Fbbi:00000246; ; 
7873,225-Seiriki-WholeBrainDev,Fig5_Whole_brain_imaging80_20180411_23714,,GO:0007420,,Fbbi:00000246; ; 
7874,225-Seiriki-WholeBrainDev,Fig5_Whole_brain_imaging81_20180411_24023,,GO:0007420,,Fbbi:00000246; ; 
7875,225-Seiriki-WholeBrainDev,Fig5_Whole_brain_imaging82_20180411_24331,,GO:0007420,,Fbbi:00000246; ; 
7876,225-Seiriki-WholeBrainDev,Fig5_Whole_brain_imaging83_20180411_24640,,GO:0007420,,Fbbi:00000246; ; 
7877,225-Seiriki-WholeBrainDev,Fig5_Whole_brain_imaging84_20180411_24949,,GO:0007420,,Fbbi:00000246; ; 
7878,225-Seiriki-WholeBrainDev,Fig5_Whole_brain_imaging85_20180411_25258,,GO:0007420,,Fbbi:00000246; ; 
7879,225-Seiriki-WholeBrainDev,Fig5_Whole_brain_imaging86_20180411_25607,,GO:0007420,,Fbbi:00000246; ; 
7880,225-Seiriki-WholeBrainDev,Fig5_Whole_brain_imaging87_20180411_25916,,GO:0007420,,Fbbi:00000246; ; 
7881,225-Seiriki-WholeBrainDev,Fig5_Whole_brain_imaging88_20180411_30227,,GO:0007420,,Fbbi:00000246; ; 
7882,225-Seiriki-WholeBrainDev,Fig5_Whole_brain_imaging89_20180411_30535,,GO:0007420,,Fbbi:00000246; ; 
7883,225-Seiriki-WholeBrainDev,Fig5_Whole_brain_imaging90_20180411_30845,,GO:0007420,,Fbbi:00000246; ; 
7884,225-Seiriki-WholeBrainDev,Fig5_Whole_brain_imaging91_20180411_31155,,GO:0007420,,Fbbi:00000246; ; 
7885,225-Seiriki-WholeBrainDev,Fig5_Whole_brain_imaging92_20180411_31506,,GO:0007420,,Fbbi:00000246; ; 
7886,225-Seiriki-WholeBrainDev,Fig5_Whole_brain_imaging93_20180411_31819,,GO:0007420,,Fbbi:00000246; ; 
7887,225-Seiriki-WholeBrainDev,Fig5_Whole_brain_imaging94_20180411_32132,,GO:0007420,,Fbbi:00000246; ; 
7888,225-Seiriki-WholeBrainDev,Fig5_Whole_brain_imaging95_20180411_32449,,GO:0007420,,Fbbi:00000246; ; 
7889,225-Seiriki-WholeBrainDev,Fig5_Whole_brain_imaging96_20180411_32808,,GO:0007420,,Fbbi:00000246; ; 
7890,225-Seiriki-WholeBrainDev,Fig5_Whole_brain_imaging97_20180411_33125,,GO:0007420,,Fbbi:00000246; ; 
7891,225-Seiriki-WholeBrainDev,Fig5_Whole_brain_imaging98_20180411_33443,,GO:0007420,,Fbbi:00000246; ; 
7892,225-Seiriki-WholeBrainDev,Fig5_Whole_brain_imaging99_20180411_33801,,GO:0007420,,Fbbi:00000246; ; 
7893,225-Seiriki-WholeBrainDev,Fig5_Whole_brain_imaging100_20180411_34122,,GO:0007420,,Fbbi:00000246; ; 
7894,225-Seiriki-WholeBrainDev,Fig5_Whole_brain_imaging101_20180411_34440,,GO:0007420,,Fbbi:00000246; ; 
7895,225-Seiriki-WholeBrainDev,Fig5_Whole_brain_imaging102_20180411_34759,,GO:0007420,,Fbbi:00000246; ; 
7896,225-Seiriki-WholeBrainDev,Fig5_Whole_brain_imaging103_20180411_35118,,GO:0007420,,Fbbi:00000246; ; 
7897,225-Seiriki-WholeBrainDev,Fig5_Whole_brain_imaging104_20180411_35439,,GO:0007420,,Fbbi:00000246; ; 
7898,225-Seiriki-WholeBrainDev,Fig5_Whole_brain_imaging105_20180411_35800,,GO:0007420,,Fbbi:00000246; ; 
7899,225-Seiriki-WholeBrainDev,Fig5_Whole_brain_imaging106_20180411_40118,,GO:0007420,,Fbbi:00000246; ; 
7900,225-Seiriki-WholeBrainDev,Fig5_Whole_brain_imaging107_20180411_40438,,GO:0007420,,Fbbi:00000246; ; 
7901,225-Seiriki-WholeBrainDev,Fig5_Whole_brain_imaging108_20180411_40803,,GO:0007420,,Fbbi:00000246; ; 
7902,225-Seiriki-WholeBrainDev,Fig5_Whole_brain_imaging109_20180411_41127,,GO:0007420,,Fbbi:00000246; ; 
7903,225-Seiriki-WholeBrainDev,Fig5_Whole_brain_imaging110_20180411_41452,,GO:0007420,,Fbbi:00000246; ; 
7904,225-Seiriki-WholeBrainDev,Fig5_Whole_brain_imaging111_20180411_41819,,GO:0007420,,Fbbi:00000246; ; 
7905,225-Seiriki-WholeBrainDev,Fig5_Whole_brain_imaging112_20180411_42145,,GO:0007420,,Fbbi:00000246; ; 
7906,225-Seiriki-WholeBrainDev,Fig5_Whole_brain_imaging113_20180411_42458,,GO:0007420,,Fbbi:00000246; ; 
7907,225-Seiriki-WholeBrainDev,Fig5_Whole_brain_imaging114_20180411_42808,,GO:0007420,,Fbbi:00000246; ; 
7908,225-Seiriki-WholeBrainDev,Fig5_Whole_brain_imaging115_20180411_43114,,GO:0007420,,Fbbi:00000246; ; 
7909,225-Seiriki-WholeBrainDev,Fig5_Whole_brain_imaging116_20180411_43422,,GO:0007420,,Fbbi:00000246; ; 
7910,225-Seiriki-WholeBrainDev,Fig5_Whole_brain_imaging117_20180411_43731,,GO:0007420,,Fbbi:00000246; ; 
7911,225-Seiriki-WholeBrainDev,Fig5_Whole_brain_imaging118_20180411_44040,,GO:0007420,,Fbbi:00000246; ; 
7912,225-Seiriki-WholeBrainDev,Fig5_Whole_brain_imaging119_20180411_44349,,GO:0007420,,Fbbi:00000246; ; 
7913,225-Seiriki-WholeBrainDev,Fig5_Whole_brain_imaging120_20180411_44659,,GO:0007420,,Fbbi:00000246; ; 
7914,225-Seiriki-WholeBrainDev,Fig5_Whole_brain_imaging121_20180411_45008,,GO:0007420,,Fbbi:00000246; ; 
7915,225-Seiriki-WholeBrainDev,Fig5_Whole_brain_imaging122_20180411_45317,,GO:0007420,,Fbbi:00000246; ; 
7916,225-Seiriki-WholeBrainDev,Fig5_Whole_brain_imaging123_20180411_45628,,GO:0007420,,Fbbi:00000246; ; 
7917,225-Seiriki-WholeBrainDev,Fig5_Whole_brain_imaging124_20180411_45938,,GO:0007420,,Fbbi:00000246; ; 
7918,225-Seiriki-WholeBrainDev,Fig5_Whole_brain_imaging125_20180411_50248,,GO:0007420,,Fbbi:00000246; ; 
7919,225-Seiriki-WholeBrainDev,Fig5_Whole_brain_imaging126_20180411_50559,,GO:0007420,,Fbbi:00000246; ; 
7920,225-Seiriki-WholeBrainDev,Fig5_Whole_brain_imaging127_20180411_50909,,GO:0007420,,Fbbi:00000246; ; 
7921,225-Seiriki-WholeBrainDev,Fig5_Whole_brain_imaging128_20180411_51218,,GO:0007420,,Fbbi:00000246; ; 
7922,225-Seiriki-WholeBrainDev,Fig5_Whole_brain_imaging129_20180411_51528,,GO:0007420,,Fbbi:00000246; ; 
7923,225-Seiriki-WholeBrainDev,Fig5_Whole_brain_imaging130_20180411_51842,,GO:0007420,,Fbbi:00000246; ; 
7924,225-Seiriki-WholeBrainDev,Fig5_Whole_brain_imaging131_20180411_52155,,GO:0007420,,Fbbi:00000246; ; 
7925,225-Seiriki-WholeBrainDev,Fig5_Whole_brain_imaging132_20180411_52508,,GO:0007420,,Fbbi:00000246; ; 
7926,225-Seiriki-WholeBrainDev,Fig5_Whole_brain_imaging133_20180411_52749,,GO:0007420,,Fbbi:00000246; ; 
7927,225-Seiriki-WholeBrainDev,Fig5_Whole_brain_imaging134_20180411_53027,,GO:0007420,,Fbbi:00000246; ; 
7928,225-Seiriki-WholeBrainDev,Fig5_Whole_brain_imaging135_20180411_53305,,GO:0007420,,Fbbi:00000246; ; 
7929,225-Seiriki-WholeBrainDev,Fig5_Whole_brain_imaging136_20180411_53544,,GO:0007420,,Fbbi:00000246; ; 
7930,225-Seiriki-WholeBrainDev,Fig5_Whole_brain_imaging137_20180411_53823,,GO:0007420,,Fbbi:00000246; ; 
7931,225-Seiriki-WholeBrainDev,Fig5_Whole_brain_imaging138_20180411_54107,,GO:0007420,,Fbbi:00000246; ; 
7932,225-Seiriki-WholeBrainDev,Fig5_Whole_brain_imaging139_20180411_54346,,GO:0007420,,Fbbi:00000246; ; 
7933,225-Seiriki-WholeBrainDev,Fig5_Whole_brain_imaging140_20180411_54626,,GO:0007420,,Fbbi:00000246; ; 
7934,225-Seiriki-WholeBrainDev,Fig5_Whole_brain_imaging141_20180411_54905,,GO:0007420,,Fbbi:00000246; ; 
7935,225-Seiriki-WholeBrainDev,Fig5_Whole_brain_imaging142_20180411_55144,,GO:0007420,,Fbbi:00000246; ; 
7936,225-Seiriki-WholeBrainDev,Fig5_Whole_brain_imaging143_20180411_55422,,GO:0007420,,Fbbi:00000246; ; 
7937,225-Seiriki-WholeBrainDev,Fig5_Whole_brain_imaging144_20180411_55700,,GO:0007420,,Fbbi:00000246; ; 
7938,225-Seiriki-WholeBrainDev,Fig5_Whole_brain_imaging145_20180411_55938,,GO:0007420,,Fbbi:00000246; ; 
7939,225-Seiriki-WholeBrainDev,Fig5_Whole_brain_imaging146_20180411_60216,,GO:0007420,,Fbbi:00000246; ; 
7940,225-Seiriki-WholeBrainDev,Fig5_Whole_brain_imaging147_20180411_60454,,GO:0007420,,Fbbi:00000246; ; 
7941,225-Seiriki-WholeBrainDev,Fig5_Whole_brain_imaging148_20180411_60733,,GO:0007420,,Fbbi:00000246; ; 
7942,225-Seiriki-WholeBrainDev,Fig5_Whole_brain_imaging149_20180411_61011,,GO:0007420,,Fbbi:00000246; ; 
7943,225-Seiriki-WholeBrainDev,Fig5_Whole_brain_imaging150_20180411_61251,,GO:0007420,,Fbbi:00000246; ; 
7944,225-Seiriki-WholeBrainDev,Fig5_Whole_brain_imaging151_20180411_61530,,GO:0007420,,Fbbi:00000246; ; 
7945,225-Seiriki-WholeBrainDev,Fig5_Whole_brain_imaging152_20180411_61809,,GO:0007420,,Fbbi:00000246; ; 
7946,225-Seiriki-WholeBrainDev,Fig5_Whole_brain_imaging153_20180411_62049,,GO:0007420,,Fbbi:00000246; ; 
7947,225-Seiriki-WholeBrainDev,Fig5_Whole_brain_imaging154_20180411_62330,,GO:0007420,,Fbbi:00000246; ; 
7948,225-Seiriki-WholeBrainDev,Fig5_Whole_brain_imaging155_20180411_62609,,GO:0007420,,Fbbi:00000246; ; 
7949,225-Seiriki-WholeBrainDev,Fig5_Whole_brain_imaging156_20180411_62851,,GO:0007420,,Fbbi:00000246; ; 
7950,225-Seiriki-WholeBrainDev,Fig5_Whole_brain_imaging157_20180411_63130,,GO:0007420,,Fbbi:00000246; ; 
7951,225-Seiriki-WholeBrainDev,Fig5_Whole_brain_imaging158_20180411_63408,,GO:0007420,,Fbbi:00000246; ; 
7952,225-Seiriki-WholeBrainDev,Fig5_Whole_brain_imaging159_20180411_63650,,GO:0007420,,Fbbi:00000246; ; 
7953,225-Seiriki-WholeBrainDev,Fig5_Whole_brain_imaging160_20180411_63928,,GO:0007420,,Fbbi:00000246; ; 
7954,225-Seiriki-WholeBrainDev,Fig5_Whole_brain_imaging161_20180411_64208,,GO:0007420,,Fbbi:00000246; ; 
7955,225-Seiriki-WholeBrainDev,Fig5_Whole_brain_imaging162_20180411_64446,,GO:0007420,,Fbbi:00000246; ; 
7956,225-Seiriki-WholeBrainDev,Fig5_Whole_brain_imaging163_20180411_64725,,GO:0007420,,Fbbi:00000246; ; 
7957,225-Seiriki-WholeBrainDev,Fig5_Whole_brain_imaging164_20180411_65003,,GO:0007420,,Fbbi:00000246; ; 
7958,225-Seiriki-WholeBrainDev,Fig6_Whole_brain_imaging_20180328_103324,,GO:0007420,,Fbbi:00000246; ; 
7959,225-Seiriki-WholeBrainDev,Fig6_Whole_brain_imaging1_20180328_103721,,GO:0007420,,Fbbi:00000246; ; 
7960,225-Seiriki-WholeBrainDev,Fig6_Whole_brain_imaging2_20180328_104120,,GO:0007420,,Fbbi:00000246; ; 
7961,225-Seiriki-WholeBrainDev,Fig6_Whole_brain_imaging3_20180328_104525,,GO:0007420,,Fbbi:00000246; ; 
7962,225-Seiriki-WholeBrainDev,Fig6_Whole_brain_imaging4_20180328_104936,,GO:0007420,,Fbbi:00000246; ; 
7963,225-Seiriki-WholeBrainDev,Fig6_Whole_brain_imaging5_20180328_105344,,GO:0007420,,Fbbi:00000246; ; 
7964,225-Seiriki-WholeBrainDev,Fig6_Whole_brain_imaging6_20180328_105756,,GO:0007420,,Fbbi:00000246; ; 
7965,225-Seiriki-WholeBrainDev,Fig6_Whole_brain_imaging7_20180328_110205,,GO:0007420,,Fbbi:00000246; ; 
7966,225-Seiriki-WholeBrainDev,Fig6_Whole_brain_imaging8_20180328_110614,,GO:0007420,,Fbbi:00000246; ; 
7967,225-Seiriki-WholeBrainDev,Fig6_Whole_brain_imaging9_20180328_111027,,GO:0007420,,Fbbi:00000246; ; 
7968,225-Seiriki-WholeBrainDev,Fig6_Whole_brain_imaging10_20180328_111436,,GO:0007420,,Fbbi:00000246; ; 
7969,225-Seiriki-WholeBrainDev,Fig6_Whole_brain_imaging11_20180328_111848,,GO:0007420,,Fbbi:00000246; ; 
7970,225-Seiriki-WholeBrainDev,Fig6_Whole_brain_imaging12_20180328_112257,,GO:0007420,,Fbbi:00000246; ; 
7971,225-Seiriki-WholeBrainDev,Fig6_Whole_brain_imaging13_20180328_112710,,GO:0007420,,Fbbi:00000246; ; 
7972,225-Seiriki-WholeBrainDev,Fig6_Whole_brain_imaging14_20180328_113123,,GO:0007420,,Fbbi:00000246; ; 
7973,225-Seiriki-WholeBrainDev,Fig6_Whole_brain_imaging15_20180328_113532,,GO:0007420,,Fbbi:00000246; ; 
7974,225-Seiriki-WholeBrainDev,Fig6_Whole_brain_imaging16_20180328_113946,,GO:0007420,,Fbbi:00000246; ; 
7975,225-Seiriki-WholeBrainDev,Fig6_Whole_brain_imaging17_20180328_114359,,GO:0007420,,Fbbi:00000246; ; 
7976,225-Seiriki-WholeBrainDev,Fig6_Whole_brain_imaging18_20180328_114811,,GO:0007420,,Fbbi:00000246; ; 
7977,225-Seiriki-WholeBrainDev,Fig6_Whole_brain_imaging19_20180328_115224,,GO:0007420,,Fbbi:00000246; ; 
7978,225-Seiriki-WholeBrainDev,Fig6_Whole_brain_imaging20_20180328_115633,,GO:0007420,,Fbbi:00000246; ; 
7979,225-Seiriki-WholeBrainDev,Fig6_Whole_brain_imaging21_20180328_120046,,GO:0007420,,Fbbi:00000246; ; 
7980,225-Seiriki-WholeBrainDev,Fig6_Whole_brain_imaging22_20180328_120456,,GO:0007420,,Fbbi:00000246; ; 
7981,225-Seiriki-WholeBrainDev,Fig6_Whole_brain_imaging23_20180328_120908,,GO:0007420,,Fbbi:00000246; ; 
7982,225-Seiriki-WholeBrainDev,Fig6_Whole_brain_imaging24_20180328_121319,,GO:0007420,,Fbbi:00000246; ; 
7983,225-Seiriki-WholeBrainDev,Fig6_Whole_brain_imaging25_20180328_121730,,GO:0007420,,Fbbi:00000246; ; 
7984,225-Seiriki-WholeBrainDev,Fig6_Whole_brain_imaging26_20180328_122142,,GO:0007420,,Fbbi:00000246; ; 
7985,225-Seiriki-WholeBrainDev,Fig6_Whole_brain_imaging27_20180328_122552,,GO:0007420,,Fbbi:00000246; ; 
7986,225-Seiriki-WholeBrainDev,Fig6_Whole_brain_imaging28_20180328_123003,,GO:0007420,,Fbbi:00000246; ; 
7987,225-Seiriki-WholeBrainDev,Fig6_Whole_brain_imaging29_20180328_123414,,GO:0007420,,Fbbi:00000246; ; 
7988,225-Seiriki-WholeBrainDev,Fig6_Whole_brain_imaging30_20180328_123829,,GO:0007420,,Fbbi:00000246; ; 
7989,225-Seiriki-WholeBrainDev,Fig6_Whole_brain_imaging31_20180328_124248,,GO:0007420,,Fbbi:00000246; ; 
7990,225-Seiriki-WholeBrainDev,Fig6_Whole_brain_imaging32_20180328_124658,,GO:0007420,,Fbbi:00000246; ; 
7991,225-Seiriki-WholeBrainDev,Fig6_Whole_brain_imaging33_20180328_125109,,GO:0007420,,Fbbi:00000246; ; 
7992,225-Seiriki-WholeBrainDev,Fig6_Whole_brain_imaging34_20180328_125519,,GO:0007420,,Fbbi:00000246; ; 
7993,225-Seiriki-WholeBrainDev,Fig6_Whole_brain_imaging35_20180328_125933,,GO:0007420,,Fbbi:00000246; ; 
7994,225-Seiriki-WholeBrainDev,Fig6_Whole_brain_imaging36_20180328_130345,,GO:0007420,,Fbbi:00000246; ; 
7995,225-Seiriki-WholeBrainDev,Fig6_Whole_brain_imaging37_20180328_130757,,GO:0007420,,Fbbi:00000246; ; 
7996,225-Seiriki-WholeBrainDev,Fig6_Whole_brain_imaging38_20180328_131210,,GO:0007420,,Fbbi:00000246; ; 
7997,225-Seiriki-WholeBrainDev,Fig6_Whole_brain_imaging39_20180328_131623,,GO:0007420,,Fbbi:00000246; ; 
7998,225-Seiriki-WholeBrainDev,Fig6_Whole_brain_imaging40_20180328_132038,,GO:0007420,,Fbbi:00000246; ; 
7999,225-Seiriki-WholeBrainDev,Fig6_Whole_brain_imaging41_20180328_132451,,GO:0007420,,Fbbi:00000246; ; 
8000,225-Seiriki-WholeBrainDev,Fig6_Whole_brain_imaging42_20180328_132902,,GO:0007420,,Fbbi:00000246; ; 
8001,225-Seiriki-WholeBrainDev,Fig6_Whole_brain_imaging43_20180328_133321,,GO:0007420,,Fbbi:00000246; ; 
8002,225-Seiriki-WholeBrainDev,Fig6_Whole_brain_imaging44_20180328_133737,,GO:0007420,,Fbbi:00000246; ; 
8003,225-Seiriki-WholeBrainDev,Fig6_Whole_brain_imaging45_20180328_134152,,GO:0007420,,Fbbi:00000246; ; 
8004,225-Seiriki-WholeBrainDev,Fig6_Whole_brain_imaging46_20180328_134605,,GO:0007420,,Fbbi:00000246; ; 
8005,225-Seiriki-WholeBrainDev,Fig6_Whole_brain_imaging47_20180328_135018,,GO:0007420,,Fbbi:00000246; ; 
8006,225-Seiriki-WholeBrainDev,Fig6_Whole_brain_imaging48_20180328_135430,,GO:0007420,,Fbbi:00000246; ; 
8007,225-Seiriki-WholeBrainDev,Fig6_Whole_brain_imaging49_20180328_135840,,GO:0007420,,Fbbi:00000246; ; 
8008,225-Seiriki-WholeBrainDev,Fig6_Whole_brain_imaging50_20180328_140252,,GO:0007420,,Fbbi:00000246; ; 
8009,225-Seiriki-WholeBrainDev,Fig6_Whole_brain_imaging51_20180328_140702,,GO:0007420,,Fbbi:00000246; ; 
8010,225-Seiriki-WholeBrainDev,Fig6_Whole_brain_imaging52_20180328_141114,,GO:0007420,,Fbbi:00000246; ; 
8011,225-Seiriki-WholeBrainDev,Fig6_Whole_brain_imaging53_20180328_141527,,GO:0007420,,Fbbi:00000246; ; 
8012,225-Seiriki-WholeBrainDev,Fig6_Whole_brain_imaging54_20180328_141943,,GO:0007420,,Fbbi:00000246; ; 
8013,225-Seiriki-WholeBrainDev,Fig6_Whole_brain_imaging55_20180328_142358,,GO:0007420,,Fbbi:00000246; ; 
8014,225-Seiriki-WholeBrainDev,Fig6_Whole_brain_imaging56_20180328_142808,,GO:0007420,,Fbbi:00000246; ; 
8015,225-Seiriki-WholeBrainDev,Fig6_Whole_brain_imaging57_20180328_143221,,GO:0007420,,Fbbi:00000246; ; 
8016,225-Seiriki-WholeBrainDev,Fig6_Whole_brain_imaging58_20180328_143636,,GO:0007420,,Fbbi:00000246; ; 
8017,225-Seiriki-WholeBrainDev,Fig6_Whole_brain_imaging59_20180328_144049,,GO:0007420,,Fbbi:00000246; ; 
8018,225-Seiriki-WholeBrainDev,Fig6_Whole_brain_imaging60_20180328_144504,,GO:0007420,,Fbbi:00000246; ; 
8019,225-Seiriki-WholeBrainDev,Fig6_Whole_brain_imaging61_20180328_144915,,GO:0007420,,Fbbi:00000246; ; 
8020,225-Seiriki-WholeBrainDev,Fig6_Whole_brain_imaging62_20180328_145336,,GO:0007420,,Fbbi:00000246; ; 
8021,225-Seiriki-WholeBrainDev,Fig6_Whole_brain_imaging63_20180328_145753,,GO:0007420,,Fbbi:00000246; ; 
8022,225-Seiriki-WholeBrainDev,Fig6_Whole_brain_imaging64_20180328_150214,,GO:0007420,,Fbbi:00000246; ; 
8023,225-Seiriki-WholeBrainDev,Fig6_Whole_brain_imaging65_20180328_150628,,GO:0007420,,Fbbi:00000246; ; 
8024,225-Seiriki-WholeBrainDev,Fig6_Whole_brain_imaging66_20180328_151037,,GO:0007420,,Fbbi:00000246; ; 
8025,225-Seiriki-WholeBrainDev,Fig6_Whole_brain_imaging67_20180328_151450,,GO:0007420,,Fbbi:00000246; ; 
8026,225-Seiriki-WholeBrainDev,Fig6_Whole_brain_imaging68_20180328_151901,,GO:0007420,,Fbbi:00000246; ; 
8027,225-Seiriki-WholeBrainDev,Fig6_Whole_brain_imaging69_20180328_152313,,GO:0007420,,Fbbi:00000246; ; 
8028,225-Seiriki-WholeBrainDev,Fig6_Whole_brain_imaging70_20180328_152727,,GO:0007420,,Fbbi:00000246; ; 
8029,225-Seiriki-WholeBrainDev,Fig6_Whole_brain_imaging71_20180328_153136,,GO:0007420,,Fbbi:00000246; ; 
8030,225-Seiriki-WholeBrainDev,Fig6_Whole_brain_imaging72_20180328_153547,,GO:0007420,,Fbbi:00000246; ; 
8031,225-Seiriki-WholeBrainDev,Fig6_Whole_brain_imaging73_20180328_153955,,GO:0007420,,Fbbi:00000246; ; 
8032,225-Seiriki-WholeBrainDev,Fig6_Whole_brain_imaging74_20180328_154407,,GO:0007420,,Fbbi:00000246; ; 
8033,225-Seiriki-WholeBrainDev,Fig6_Whole_brain_imaging75_20180328_154820,,GO:0007420,,Fbbi:00000246; ; 
8034,225-Seiriki-WholeBrainDev,Fig6_Whole_brain_imaging76_20180328_155227,,GO:0007420,,Fbbi:00000246; ; 
8035,225-Seiriki-WholeBrainDev,Fig6_Whole_brain_imaging77_20180328_155639,,GO:0007420,,Fbbi:00000246; ; 
8036,225-Seiriki-WholeBrainDev,Fig6_Whole_brain_imaging78_20180328_160050,,GO:0007420,,Fbbi:00000246; ; 
8037,225-Seiriki-WholeBrainDev,Fig6_Whole_brain_imaging79_20180328_160502,,GO:0007420,,Fbbi:00000246; ; 
8038,225-Seiriki-WholeBrainDev,Fig6_Whole_brain_imaging80_20180328_160913,,GO:0007420,,Fbbi:00000246; ; 
8039,225-Seiriki-WholeBrainDev,Fig6_Whole_brain_imaging81_20180328_161325,,GO:0007420,,Fbbi:00000246; ; 
8040,225-Seiriki-WholeBrainDev,Fig6_Whole_brain_imaging82_20180328_161738,,GO:0007420,,Fbbi:00000246; ; 
8041,225-Seiriki-WholeBrainDev,Fig6_Whole_brain_imaging83_20180328_162143,,GO:0007420,,Fbbi:00000246; ; 
8042,225-Seiriki-WholeBrainDev,Fig6_Whole_brain_imaging84_20180328_162544,,GO:0007420,,Fbbi:00000246; ; 
8043,225-Seiriki-WholeBrainDev,Fig6_Whole_brain_imaging85_20180328_162956,,GO:0007420,,Fbbi:00000246; ; 
8044,225-Seiriki-WholeBrainDev,Fig6_Whole_brain_imaging86_20180328_163410,,GO:0007420,,Fbbi:00000246; ; 
8045,225-Seiriki-WholeBrainDev,Fig6_Whole_brain_imaging87_20180328_163823,,GO:0007420,,Fbbi:00000246; ; 
8046,225-Seiriki-WholeBrainDev,Fig6_Whole_brain_imaging88_20180328_164234,,GO:0007420,,Fbbi:00000246; ; 
8047,225-Seiriki-WholeBrainDev,Fig6_Whole_brain_imaging89_20180328_164648,,GO:0007420,,Fbbi:00000246; ; 
8048,225-Seiriki-WholeBrainDev,Fig6_Whole_brain_imaging90_20180328_165100,,GO:0007420,,Fbbi:00000246; ; 
8049,225-Seiriki-WholeBrainDev,Fig6_Whole_brain_imaging91_20180328_165515,,GO:0007420,,Fbbi:00000246; ; 
8050,225-Seiriki-WholeBrainDev,Fig6_Whole_brain_imaging92_20180328_165929,,GO:0007420,,Fbbi:00000246; ; 
8051,225-Seiriki-WholeBrainDev,Fig6_Whole_brain_imaging93_20180328_170340,,GO:0007420,,Fbbi:00000246; ; 
8052,225-Seiriki-WholeBrainDev,Fig6_Whole_brain_imaging94_20180328_170754,,GO:0007420,,Fbbi:00000246; ; 
8053,225-Seiriki-WholeBrainDev,Fig6_Whole_brain_imaging95_20180328_171205,,GO:0007420,,Fbbi:00000246; ; 
8054,225-Seiriki-WholeBrainDev,Fig6_Whole_brain_imaging96_20180328_171620,,GO:0007420,,Fbbi:00000246; ; 
8055,225-Seiriki-WholeBrainDev,Fig6_Whole_brain_imaging97_20180328_172039,,GO:0007420,,Fbbi:00000246; ; 
8056,225-Seiriki-WholeBrainDev,Fig6_Whole_brain_imaging98_20180328_172458,,GO:0007420,,Fbbi:00000246; ; 
8057,225-Seiriki-WholeBrainDev,Fig6_Whole_brain_imaging99_20180328_172915,,GO:0007420,,Fbbi:00000246; ; 
8058,225-Seiriki-WholeBrainDev,Fig6_Whole_brain_imaging100_20180328_173329,,GO:0007420,,Fbbi:00000246; ; 
8059,225-Seiriki-WholeBrainDev,Fig6_Whole_brain_imaging101_20180328_173746,,GO:0007420,,Fbbi:00000246; ; 
8060,225-Seiriki-WholeBrainDev,Fig6_Whole_brain_imaging102_20180328_174159,,GO:0007420,,Fbbi:00000246; ; 
8061,225-Seiriki-WholeBrainDev,Fig6_Whole_brain_imaging103_20180328_174615,,GO:0007420,,Fbbi:00000246; ; 
8062,225-Seiriki-WholeBrainDev,Fig6_Whole_brain_imaging104_20180328_175030,,GO:0007420,,Fbbi:00000246; ; 
8063,225-Seiriki-WholeBrainDev,Fig6_Whole_brain_imaging105_20180328_175444,,GO:0007420,,Fbbi:00000246; ; 
8064,225-Seiriki-WholeBrainDev,Fig6_Whole_brain_imaging106_20180328_175858,,GO:0007420,,Fbbi:00000246; ; 
8065,225-Seiriki-WholeBrainDev,Fig6_Whole_brain_imaging107_20180328_180310,,GO:0007420,,Fbbi:00000246; ; 
8066,225-Seiriki-WholeBrainDev,Fig6_Whole_brain_imaging108_20180328_180725,,GO:0007420,,Fbbi:00000246; ; 
8067,225-Seiriki-WholeBrainDev,Fig6_Whole_brain_imaging109_20180328_181138,,GO:0007420,,Fbbi:00000246; ; 
8068,225-Seiriki-WholeBrainDev,Fig6_Whole_brain_imaging110_20180328_181551,,GO:0007420,,Fbbi:00000246; ; 
8069,225-Seiriki-WholeBrainDev,Fig6_Whole_brain_imaging111_20180328_182005,,GO:0007420,,Fbbi:00000246; ; 
8070,225-Seiriki-WholeBrainDev,Fig6_Whole_brain_imaging112_20180328_182417,,GO:0007420,,Fbbi:00000246; ; 
8071,225-Seiriki-WholeBrainDev,Fig6_Whole_brain_imaging113_20180328_182832,,GO:0007420,,Fbbi:00000246; ; 
8072,225-Seiriki-WholeBrainDev,Fig6_Whole_brain_imaging114_20180328_183243,,GO:0007420,,Fbbi:00000246; ; 
8073,225-Seiriki-WholeBrainDev,Fig6_Whole_brain_imaging115_20180328_183658,,GO:0007420,,Fbbi:00000246; ; 
8074,225-Seiriki-WholeBrainDev,Fig6_Whole_brain_imaging116_20180328_184113,,GO:0007420,,Fbbi:00000246; ; 
8075,225-Seiriki-WholeBrainDev,Fig6_Whole_brain_imaging117_20180328_184525,,GO:0007420,,Fbbi:00000246; ; 
8076,225-Seiriki-WholeBrainDev,Fig6_Whole_brain_imaging118_20180328_184939,,GO:0007420,,Fbbi:00000246; ; 
8077,225-Seiriki-WholeBrainDev,Fig6_Whole_brain_imaging119_20180328_185350,,GO:0007420,,Fbbi:00000246; ; 
8078,225-Seiriki-WholeBrainDev,Fig6_Whole_brain_imaging120_20180328_185806,,GO:0007420,,Fbbi:00000246; ; 
8079,225-Seiriki-WholeBrainDev,Fig6_Whole_brain_imaging121_20180328_190221,,GO:0007420,,Fbbi:00000246; ; 
8080,225-Seiriki-WholeBrainDev,Fig6_Whole_brain_imaging122_20180328_190632,,GO:0007420,,Fbbi:00000246; ; 
8081,225-Seiriki-WholeBrainDev,Fig6_Whole_brain_imaging123_20180328_191047,,GO:0007420,,Fbbi:00000246; ; 
8082,225-Seiriki-WholeBrainDev,Fig6_Whole_brain_imaging124_20180328_191459,,GO:0007420,,Fbbi:00000246; ; 
8083,225-Seiriki-WholeBrainDev,Fig6_Whole_brain_imaging125_20180328_191915,,GO:0007420,,Fbbi:00000246; ; 
8084,225-Seiriki-WholeBrainDev,Fig6_Whole_brain_imaging126_20180328_192328,,GO:0007420,,Fbbi:00000246; ; 
8085,225-Seiriki-WholeBrainDev,Fig6_Whole_brain_imaging127_20180328_192743,,GO:0007420,,Fbbi:00000246; ; 
8086,225-Seiriki-WholeBrainDev,Fig6_Whole_brain_imaging128_20180328_193159,,GO:0007420,,Fbbi:00000246; ; 
8087,225-Seiriki-WholeBrainDev,Fig6_Whole_brain_imaging129_20180328_193611,,GO:0007420,,Fbbi:00000246; ; 
8088,225-Seiriki-WholeBrainDev,Fig6_Whole_brain_imaging130_20180328_194026,,GO:0007420,,Fbbi:00000246; ; 
8089,225-Seiriki-WholeBrainDev,Fig6_Whole_brain_imaging131_20180328_194440,,GO:0007420,,Fbbi:00000246; ; 
8090,225-Seiriki-WholeBrainDev,Fig6_Whole_brain_imaging132_20180328_194857,,GO:0007420,,Fbbi:00000246; ; 
8091,225-Seiriki-WholeBrainDev,Fig6_Whole_brain_imaging133_20180328_195315,,GO:0007420,,Fbbi:00000246; ; 
8092,225-Seiriki-WholeBrainDev,Fig6_Whole_brain_imaging134_20180328_195728,,GO:0007420,,Fbbi:00000246; ; 
8093,225-Seiriki-WholeBrainDev,Fig6_Whole_brain_imaging135_20180328_200145,,GO:0007420,,Fbbi:00000246; ; 
8094,225-Seiriki-WholeBrainDev,Fig6_Whole_brain_imaging136_20180328_200558,,GO:0007420,,Fbbi:00000246; ; 
8095,225-Seiriki-WholeBrainDev,Fig6_Whole_brain_imaging137_20180328_201014,,GO:0007420,,Fbbi:00000246; ; 
8096,225-Seiriki-WholeBrainDev,Fig6_Whole_brain_imaging138_20180328_201430,,GO:0007420,,Fbbi:00000246; ; 
8097,225-Seiriki-WholeBrainDev,Fig6_Whole_brain_imaging139_20180328_201845,,GO:0007420,,Fbbi:00000246; ; 
8098,225-Seiriki-WholeBrainDev,Fig6_Whole_brain_imaging140_20180328_202301,,GO:0007420,,Fbbi:00000246; ; 
8099,225-Seiriki-WholeBrainDev,Fig6_Whole_brain_imaging141_20180328_202715,,GO:0007420,,Fbbi:00000246; ; 
8100,225-Seiriki-WholeBrainDev,Fig6_Whole_brain_imaging142_20180328_203132,,GO:0007420,,Fbbi:00000246; ; 
8101,225-Seiriki-WholeBrainDev,Fig6_Whole_brain_imaging143_20180328_203546,,GO:0007420,,Fbbi:00000246; ; 
8102,225-Seiriki-WholeBrainDev,Fig6_Whole_brain_imaging144_20180328_204003,,GO:0007420,,Fbbi:00000246; ; 
8103,225-Seiriki-WholeBrainDev,Fig6_Whole_brain_imaging145_20180328_204422,,GO:0007420,,Fbbi:00000246; ; 
8104,225-Seiriki-WholeBrainDev,Fig6_Whole_brain_imaging146_20180328_204836,,GO:0007420,,Fbbi:00000246; ; 
8105,225-Seiriki-WholeBrainDev,Fig6_Whole_brain_imaging147_20180328_205254,,GO:0007420,,Fbbi:00000246; ; 
8106,225-Seiriki-WholeBrainDev,Fig6_Whole_brain_imaging148_20180328_205709,,GO:0007420,,Fbbi:00000246; ; 
8107,225-Seiriki-WholeBrainDev,Fig6_Whole_brain_imaging149_20180328_210127,,GO:0007420,,Fbbi:00000246; ; 
8108,225-Seiriki-WholeBrainDev,Fig6_Whole_brain_imaging150_20180328_210545,,GO:0007420,,Fbbi:00000246; ; 
8109,225-Seiriki-WholeBrainDev,Fig6_Whole_brain_imaging151_20180328_211002,,GO:0007420,,Fbbi:00000246; ; 
8110,225-Seiriki-WholeBrainDev,Fig6_Whole_brain_imaging152_20180328_211423,,GO:0007420,,Fbbi:00000246; ; 
8111,225-Seiriki-WholeBrainDev,Fig6_Whole_brain_imaging153_20180328_211840,,GO:0007420,,Fbbi:00000246; ; 
8112,225-Seiriki-WholeBrainDev,Fig6_Whole_brain_imaging154_20180328_212300,,GO:0007420,,Fbbi:00000246; ; 
8113,225-Seiriki-WholeBrainDev,Fig6_Whole_brain_imaging155_20180328_212715,,GO:0007420,,Fbbi:00000246; ; 
8114,225-Seiriki-WholeBrainDev,Fig6_Whole_brain_imaging156_20180328_213134,,GO:0007420,,Fbbi:00000246; ; 
8115,225-Seiriki-WholeBrainDev,Fig6_Whole_brain_imaging157_20180328_213554,,GO:0007420,,Fbbi:00000246; ; 
8116,225-Seiriki-WholeBrainDev,Fig6_Whole_brain_imaging158_20180328_214011,,GO:0007420,,Fbbi:00000246; ; 
8117,225-Seiriki-WholeBrainDev,Fig6_Whole_brain_imaging159_20180328_214430,,GO:0007420,,Fbbi:00000246; ; 
8118,225-Seiriki-WholeBrainDev,Fig6_Whole_brain_imaging160_20180328_214847,,GO:0007420,,Fbbi:00000246; ; 
8119,225-Seiriki-WholeBrainDev,Fig6_Whole_brain_imaging161_20180328_215307,,GO:0007420,,Fbbi:00000246; ; 
8120,225-Seiriki-WholeBrainDev,Fig6_Whole_brain_imaging162_20180328_215725,,GO:0007420,,Fbbi:00000246; ; 
8121,225-Seiriki-WholeBrainDev,Fig6_Whole_brain_imaging163_20180328_220146,,GO:0007420,,Fbbi:00000246; ; 
8122,225-Seiriki-WholeBrainDev,Fig6_Whole_brain_imaging164_20180328_220607,,GO:0007420,,Fbbi:00000246; ; 
8123,225-Seiriki-WholeBrainDev,Fig6_Whole_brain_imaging165_20180328_221025,,GO:0007420,,Fbbi:00000246; ; 
8124,225-Seiriki-WholeBrainDev,Fig6_Whole_brain_imaging166_20180328_221446,,GO:0007420,,Fbbi:00000246; ; 
8125,225-Seiriki-WholeBrainDev,Fig6_Whole_brain_imaging167_20180328_221904,,GO:0007420,,Fbbi:00000246; ; 
8126,225-Seiriki-WholeBrainDev,Fig6_Whole_brain_imaging168_20180328_222325,,GO:0007420,,Fbbi:00000246; ; 
8127,225-Seiriki-WholeBrainDev,Fig6_Whole_brain_imaging169_20180328_222746,,GO:0007420,,Fbbi:00000246; ; 
8128,225-Seiriki-WholeBrainDev,Fig6_Whole_brain_imaging170_20180328_223207,,GO:0007420,,Fbbi:00000246; ; 
8129,225-Seiriki-WholeBrainDev,Fig6_Whole_brain_imaging171_20180328_223629,,GO:0007420,,Fbbi:00000246; ; 
8130,225-Seiriki-WholeBrainDev,Fig6_Whole_brain_imaging172_20180328_224048,,GO:0007420,,Fbbi:00000246; ; 
8131,225-Seiriki-WholeBrainDev,Fig6_Whole_brain_imaging173_20180328_224511,,GO:0007420,,Fbbi:00000246; ; 
8132,225-Seiriki-WholeBrainDev,Fig6_Whole_brain_imaging174_20180328_224930,,GO:0007420,,Fbbi:00000246; ; 
8133,225-Seiriki-WholeBrainDev,Fig6_Whole_brain_imaging175_20180328_225353,,GO:0007420,,Fbbi:00000246; ; 
8134,225-Seiriki-WholeBrainDev,Fig6_Whole_brain_imaging176_20180328_225817,,GO:0007420,,Fbbi:00000246; ; 
8135,225-Seiriki-WholeBrainDev,Fig6_Whole_brain_imaging177_20180328_230237,,GO:0007420,,Fbbi:00000246; ; 
8136,225-Seiriki-WholeBrainDev,Fig6_Whole_brain_imaging178_20180328_230700,,GO:0007420,,Fbbi:00000246; ; 
8137,225-Seiriki-WholeBrainDev,Fig6_Whole_brain_imaging179_20180328_231122,,GO:0007420,,Fbbi:00000246; ; 
8138,225-Seiriki-WholeBrainDev,Fig6_Whole_brain_imaging180_20180328_231546,,GO:0007420,,Fbbi:00000246; ; 
8139,225-Seiriki-WholeBrainDev,Fig6_Whole_brain_imaging181_20180328_232007,,GO:0007420,,Fbbi:00000246; ; 
8140,225-Seiriki-WholeBrainDev,Fig6_Whole_brain_imaging182_20180328_232431,,GO:0007420,,Fbbi:00000246; ; 
8141,225-Seiriki-WholeBrainDev,Fig6_Whole_brain_imaging183_20180328_232856,,GO:0007420,,Fbbi:00000246; ; 
8142,225-Seiriki-WholeBrainDev,Fig6_Whole_brain_imaging184_20180328_233318,,GO:0007420,,Fbbi:00000246; ; 
8143,225-Seiriki-WholeBrainDev,Fig6_Whole_brain_imaging185_20180328_233743,,GO:0007420,,Fbbi:00000246; ; 
8144,225-Seiriki-WholeBrainDev,Fig6_Whole_brain_imaging186_20180328_234205,,GO:0007420,,Fbbi:00000246; ; 
8145,225-Seiriki-WholeBrainDev,Fig6_Whole_brain_imaging187_20180328_234631,,GO:0007420,,Fbbi:00000246; ; 
8146,225-Seiriki-WholeBrainDev,Fig6_Whole_brain_imaging188_20180328_235053,,GO:0007420,,Fbbi:00000246; ; 
8147,225-Seiriki-WholeBrainDev,Fig6_Whole_brain_imaging189_20180328_235518,,GO:0007420,,Fbbi:00000246; ; 
8148,225-Seiriki-WholeBrainDev,Fig6_Whole_brain_imaging190_20180328_235944,,GO:0007420,,Fbbi:00000246; ; 
8149,225-Seiriki-WholeBrainDev,Fig6_Whole_brain_imaging191_20180329_00407,,GO:0007420,,Fbbi:00000246; ; 
8150,225-Seiriki-WholeBrainDev,Fig6_Whole_brain_imaging192_20180329_00833,,GO:0007420,,Fbbi:00000246; ; 
8151,225-Seiriki-WholeBrainDev,Fig6_Whole_brain_imaging193_20180329_01256,,GO:0007420,,Fbbi:00000246; ; 
8152,225-Seiriki-WholeBrainDev,Fig6_Whole_brain_imaging194_20180329_01724,,GO:0007420,,Fbbi:00000246; ; 
8153,225-Seiriki-WholeBrainDev,Fig6_Whole_brain_imaging195_20180329_02146,,GO:0007420,,Fbbi:00000246; ; 
8154,225-Seiriki-WholeBrainDev,Fig6_Whole_brain_imaging196_20180329_02613,,GO:0007420,,Fbbi:00000246; ; 
8155,225-Seiriki-WholeBrainDev,Fig6_Whole_brain_imaging197_20180329_03040,,GO:0007420,,Fbbi:00000246; ; 
8156,225-Seiriki-WholeBrainDev,Fig6_Whole_brain_imaging198_20180329_03504,,GO:0007420,,Fbbi:00000246; ; 
8157,225-Seiriki-WholeBrainDev,Fig6_Whole_brain_imaging199_20180329_03931,,GO:0007420,,Fbbi:00000246; ; 
8158,225-Seiriki-WholeBrainDev,Fig6_Whole_brain_imaging200_20180329_04355,,GO:0007420,,Fbbi:00000246; ; 
8159,225-Seiriki-WholeBrainDev,Fig6_Whole_brain_imaging201_20180329_04823,,GO:0007420,,Fbbi:00000246; ; 
8160,225-Seiriki-WholeBrainDev,Fig6_Whole_brain_imaging202_20180329_05246,,GO:0007420,,Fbbi:00000246; ; 
8161,225-Seiriki-WholeBrainDev,Fig6_Whole_brain_imaging203_20180329_05714,,GO:0007420,,Fbbi:00000246; ; 
8162,225-Seiriki-WholeBrainDev,Fig6_Whole_brain_imaging204_20180329_10141,,GO:0007420,,Fbbi:00000246; ; 
8163,225-Seiriki-WholeBrainDev,Fig6_Whole_brain_imaging205_20180329_10609,,GO:0007420,,Fbbi:00000246; ; 
8164,225-Seiriki-WholeBrainDev,Fig6_Whole_brain_imaging206_20180329_11037,,GO:0007420,,Fbbi:00000246; ; 
8165,225-Seiriki-WholeBrainDev,Fig6_Whole_brain_imaging207_20180329_11503,,GO:0007420,,Fbbi:00000246; ; 
8166,225-Seiriki-WholeBrainDev,Fig6_Whole_brain_imaging208_20180329_11933,,GO:0007420,,Fbbi:00000246; ; 
8167,225-Seiriki-WholeBrainDev,Fig6_Whole_brain_imaging209_20180329_12352,,GO:0007420,,Fbbi:00000246; ; 
8168,225-Seiriki-WholeBrainDev,Fig6_Whole_brain_imaging210_20180329_12825,,GO:0007420,,Fbbi:00000246; ; 
8169,225-Seiriki-WholeBrainDev,Fig6_Whole_brain_imaging211_20180329_13253,,GO:0007420,,Fbbi:00000246; ; 
8170,225-Seiriki-WholeBrainDev,Fig6_Whole_brain_imaging212_20180329_13722,,GO:0007420,,Fbbi:00000246; ; 
8171,225-Seiriki-WholeBrainDev,Fig6_Whole_brain_imaging213_20180329_14154,,GO:0007420,,Fbbi:00000246; ; 
8172,225-Seiriki-WholeBrainDev,Fig6_Whole_brain_imaging214_20180329_14622,,GO:0007420,,Fbbi:00000246; ; 
8173,225-Seiriki-WholeBrainDev,Fig6_Whole_brain_imaging215_20180329_15052,,GO:0007420,,Fbbi:00000246; ; 
8174,225-Seiriki-WholeBrainDev,Fig6_Whole_brain_imaging216_20180329_15519,,GO:0007420,,Fbbi:00000246; ; 
8175,225-Seiriki-WholeBrainDev,Fig6_Whole_brain_imaging217_20180329_15949,,GO:0007420,,Fbbi:00000246; ; 
8176,225-Seiriki-WholeBrainDev,Fig6_Whole_brain_imaging218_20180329_20416,,GO:0007420,,Fbbi:00000246; ; 
8177,225-Seiriki-WholeBrainDev,Fig6_Whole_brain_imaging219_20180329_20846,,GO:0007420,,Fbbi:00000246; ; 
8178,225-Seiriki-WholeBrainDev,Fig6_Whole_brain_imaging220_20180329_21316,,GO:0007420,,Fbbi:00000246; ; 
8179,225-Seiriki-WholeBrainDev,Fig6_Whole_brain_imaging221_20180329_21743,,GO:0007420,,Fbbi:00000246; ; 
8180,225-Seiriki-WholeBrainDev,Fig6_Whole_brain_imaging222_20180329_22212,,GO:0007420,,Fbbi:00000246; ; 
8181,225-Seiriki-WholeBrainDev,Fig6_Whole_brain_imaging223_20180329_22639,,GO:0007420,,Fbbi:00000246; ; 
8182,225-Seiriki-WholeBrainDev,Fig6_Whole_brain_imaging224_20180329_23109,,GO:0007420,,Fbbi:00000246; ; 
8183,225-Seiriki-WholeBrainDev,Fig6_Whole_brain_imaging225_20180329_23533,,GO:0007420,,Fbbi:00000246; ; 
8184,225-Seiriki-WholeBrainDev,Fig6_Whole_brain_imaging226_20180329_24003,,GO:0007420,,Fbbi:00000246; ; 
8185,225-Seiriki-WholeBrainDev,Fig6_Whole_brain_imaging227_20180329_24432,,GO:0007420,,Fbbi:00000246; ; 
8186,225-Seiriki-WholeBrainDev,Fig6_Whole_brain_imaging228_20180329_24902,,GO:0007420,,Fbbi:00000246; ; 
8187,225-Seiriki-WholeBrainDev,Fig6_Whole_brain_imaging229_20180329_25331,,GO:0007420,,Fbbi:00000246; ; 
8188,225-Seiriki-WholeBrainDev,Fig6_Whole_brain_imaging230_20180329_25758,,GO:0007420,,Fbbi:00000246; ; 
8189,225-Seiriki-WholeBrainDev,Fig6_Whole_brain_imaging231_20180329_30227,,GO:0007420,,Fbbi:00000246; ; 
8190,225-Seiriki-WholeBrainDev,Fig6_Whole_brain_imaging232_20180329_30654,,GO:0007420,,Fbbi:00000246; ; 
8191,225-Seiriki-WholeBrainDev,Fig6_Whole_brain_imaging233_20180329_31123,,GO:0007420,,Fbbi:00000246; ; 
8192,225-Seiriki-WholeBrainDev,Fig6_Whole_brain_imaging234_20180329_31550,,GO:0007420,,Fbbi:00000246; ; 
8193,225-Seiriki-WholeBrainDev,Fig6_Whole_brain_imaging235_20180329_32021,,GO:0007420,,Fbbi:00000246; ; 
8194,225-Seiriki-WholeBrainDev,Fig6_Whole_brain_imaging236_20180329_32450,,GO:0007420,,Fbbi:00000246; ; 
8195,225-Seiriki-WholeBrainDev,Fig6_Whole_brain_imaging237_20180329_32917,,GO:0007420,,Fbbi:00000246; ; 
8196,225-Seiriki-WholeBrainDev,Fig6_Whole_brain_imaging238_20180329_33346,,GO:0007420,,Fbbi:00000246; ; 
8197,225-Seiriki-WholeBrainDev,Fig6_Whole_brain_imaging239_20180329_33812,,GO:0007420,,Fbbi:00000246; ; 
8198,225-Seiriki-WholeBrainDev,Fig6_Whole_brain_imaging240_20180329_34241,,GO:0007420,,Fbbi:00000246; ; 
8199,225-Seiriki-WholeBrainDev,Fig6_Whole_brain_imaging241_20180329_34706,,GO:0007420,,Fbbi:00000246; ; 
8200,225-Seiriki-WholeBrainDev,Fig6_Whole_brain_imaging242_20180329_35133,,GO:0007420,,Fbbi:00000246; ; 
8201,225-Seiriki-WholeBrainDev,Fig6_Whole_brain_imaging243_20180329_35559,,GO:0007420,,Fbbi:00000246; ; 
8202,225-Seiriki-WholeBrainDev,Fig6_Whole_brain_imaging244_20180329_40026,,GO:0007420,,Fbbi:00000246; ; 
8203,225-Seiriki-WholeBrainDev,Fig6_Whole_brain_imaging245_20180329_40454,,GO:0007420,,Fbbi:00000246; ; 
8204,225-Seiriki-WholeBrainDev,Fig6_Whole_brain_imaging246_20180329_40919,,GO:0007420,,Fbbi:00000246; ; 
8205,225-Seiriki-WholeBrainDev,Fig6_Whole_brain_imaging247_20180329_41346,,GO:0007420,,Fbbi:00000246; ; 
8206,225-Seiriki-WholeBrainDev,Fig6_Whole_brain_imaging248_20180329_41811,,GO:0007420,,Fbbi:00000246; ; 
8207,225-Seiriki-WholeBrainDev,Fig6_Whole_brain_imaging249_20180329_42239,,GO:0007420,,Fbbi:00000246; ; 
8208,226-Matsumura-WholeBrainDev,Whole_brain_POGZWT-Q1038R_20170829_222709,,GO:0007420,,Fbbi:00000246; 
8209,226-Matsumura-WholeBrainDev,Whole_brain_POGZWT-Q1038R_20170829_222816,,GO:0007420,,Fbbi:00000246; 
8210,226-Matsumura-WholeBrainDev,Whole_brain_POGZWT-Q1038R_20170829_222921,,GO:0007420,,Fbbi:00000246; 
8211,226-Matsumura-WholeBrainDev,Whole_brain_POGZWT-Q1038R_20170829_223028,,GO:0007420,,Fbbi:00000246; 
8212,226-Matsumura-WholeBrainDev,Whole_brain_POGZWT-Q1038R_20170829_223134,,GO:0007420,,Fbbi:00000246; 
8213,226-Matsumura-WholeBrainDev,Whole_brain_POGZWT-Q1038R_20170829_223241,,GO:0007420,,Fbbi:00000246; 
8214,226-Matsumura-WholeBrainDev,Whole_brain_POGZWT-Q1038R_20170829_223347,,GO:0007420,,Fbbi:00000246; 
8215,226-Matsumura-WholeBrainDev,Whole_brain_POGZWT-Q1038R_20170829_223453,,GO:0007420,,Fbbi:00000246; 
8216,226-Matsumura-WholeBrainDev,Whole_brain_POGZWT-Q1038R_20170829_223600,,GO:0007420,,Fbbi:00000246; 
8217,226-Matsumura-WholeBrainDev,Whole_brain_POGZWT-Q1038R_20170829_223707,,GO:0007420,,Fbbi:00000246; 
8218,226-Matsumura-WholeBrainDev,Whole_brain_POGZWT-Q1038R_20170829_223813,,GO:0007420,,Fbbi:00000246; 
8219,226-Matsumura-WholeBrainDev,Whole_brain_POGZWT-Q1038R_20170829_223920,,GO:0007420,,Fbbi:00000246; 
8220,226-Matsumura-WholeBrainDev,Whole_brain_POGZWT-Q1038R_20170829_224027,,GO:0007420,,Fbbi:00000246; 
8221,226-Matsumura-WholeBrainDev,Whole_brain_POGZWT-Q1038R_20170829_224134,,GO:0007420,,Fbbi:00000246; 
8222,226-Matsumura-WholeBrainDev,Whole_brain_POGZWT-Q1038R_20170829_224241,,GO:0007420,,Fbbi:00000246; 
8223,226-Matsumura-WholeBrainDev,Whole_brain_POGZWT-Q1038R_20170829_224347,,GO:0007420,,Fbbi:00000246; 
8224,226-Matsumura-WholeBrainDev,Whole_brain_POGZWT-Q1038R_20170829_224454,,GO:0007420,,Fbbi:00000246; 
8225,226-Matsumura-WholeBrainDev,Whole_brain_POGZWT-Q1038R_20170829_224601,,GO:0007420,,Fbbi:00000246; 
8226,226-Matsumura-WholeBrainDev,Whole_brain_POGZWT-Q1038R_20170829_224708,,GO:0007420,,Fbbi:00000246; 
8227,226-Matsumura-WholeBrainDev,Whole_brain_POGZWT-Q1038R_20170829_224814,,GO:0007420,,Fbbi:00000246; 
8228,226-Matsumura-WholeBrainDev,Whole_brain_POGZWT-Q1038R_20170829_224921,,GO:0007420,,Fbbi:00000246; 
8229,226-Matsumura-WholeBrainDev,Whole_brain_POGZWT-Q1038R_20170829_225028,,GO:0007420,,Fbbi:00000246; 
8230,226-Matsumura-WholeBrainDev,Whole_brain_POGZWT-Q1038R_20170829_225135,,GO:0007420,,Fbbi:00000246; 
8231,226-Matsumura-WholeBrainDev,Whole_brain_POGZWT-Q1038R_20170829_225241,,GO:0007420,,Fbbi:00000246; 
8232,226-Matsumura-WholeBrainDev,Whole_brain_POGZWT-Q1038R_20170829_225348,,GO:0007420,,Fbbi:00000246; 
8233,226-Matsumura-WholeBrainDev,Whole_brain_POGZWT-Q1038R_20170829_225455,,GO:0007420,,Fbbi:00000246; 
8234,226-Matsumura-WholeBrainDev,Whole_brain_POGZWT-Q1038R_20170829_225601,,GO:0007420,,Fbbi:00000246; 
8235,226-Matsumura-WholeBrainDev,Whole_brain_POGZWT-Q1038R_20170829_225708,,GO:0007420,,Fbbi:00000246; 
8236,226-Matsumura-WholeBrainDev,Whole_brain_POGZWT-Q1038R_20170829_225814,,GO:0007420,,Fbbi:00000246; 
8237,226-Matsumura-WholeBrainDev,Whole_brain_POGZWT-Q1038R_20170829_225921,,GO:0007420,,Fbbi:00000246; 
8238,226-Matsumura-WholeBrainDev,Whole_brain_POGZWT-Q1038R_20170829_230028,,GO:0007420,,Fbbi:00000246; 
8239,226-Matsumura-WholeBrainDev,Whole_brain_POGZWT-Q1038R_20170829_230134,,GO:0007420,,Fbbi:00000246; 
8240,226-Matsumura-WholeBrainDev,Whole_brain_POGZWT-Q1038R_20170829_230241,,GO:0007420,,Fbbi:00000246; 
8241,226-Matsumura-WholeBrainDev,Whole_brain_POGZWT-Q1038R_20170829_230348,,GO:0007420,,Fbbi:00000246; 
8242,226-Matsumura-WholeBrainDev,Whole_brain_POGZWT-Q1038R_20170829_230454,,GO:0007420,,Fbbi:00000246; 
8243,226-Matsumura-WholeBrainDev,Whole_brain_POGZWT-Q1038R_20170829_230602,,GO:0007420,,Fbbi:00000246; 
8244,226-Matsumura-WholeBrainDev,Whole_brain_POGZWT-Q1038R_20170829_230708,,GO:0007420,,Fbbi:00000246; 
8245,226-Matsumura-WholeBrainDev,Whole_brain_POGZWT-Q1038R_20170829_230815,,GO:0007420,,Fbbi:00000246; 
8246,226-Matsumura-WholeBrainDev,Whole_brain_POGZWT-Q1038R_20170829_230922,,GO:0007420,,Fbbi:00000246; 
8247,226-Matsumura-WholeBrainDev,Whole_brain_POGZWT-Q1038R_20170829_231029,,GO:0007420,,Fbbi:00000246; 
8248,226-Matsumura-WholeBrainDev,Whole_brain_POGZWT-Q1038R_20170829_231135,,GO:0007420,,Fbbi:00000246; 
8249,226-Matsumura-WholeBrainDev,Whole_brain_POGZWT-Q1038R_20170829_231242,,GO:0007420,,Fbbi:00000246; 
8250,226-Matsumura-WholeBrainDev,Whole_brain_POGZWT-Q1038R_20170829_231349,,GO:0007420,,Fbbi:00000246; 
8251,226-Matsumura-WholeBrainDev,Whole_brain_POGZWT-Q1038R_20170829_231456,,GO:0007420,,Fbbi:00000246; 
8252,226-Matsumura-WholeBrainDev,Whole_brain_POGZWT-Q1038R_20170829_231603,,GO:0007420,,Fbbi:00000246; 
8253,226-Matsumura-WholeBrainDev,Whole_brain_POGZWT-Q1038R_20170829_231709,,GO:0007420,,Fbbi:00000246; 
8254,226-Matsumura-WholeBrainDev,Whole_brain_POGZWT-Q1038R_20170829_231816,,GO:0007420,,Fbbi:00000246; 
8255,226-Matsumura-WholeBrainDev,Whole_brain_POGZWT-Q1038R_20170829_231922,,GO:0007420,,Fbbi:00000246; 
8256,226-Matsumura-WholeBrainDev,Whole_brain_POGZWT-Q1038R_20170829_232030,,GO:0007420,,Fbbi:00000246; 
8257,226-Matsumura-WholeBrainDev,Whole_brain_POGZWT-Q1038R_20170829_232136,,GO:0007420,,Fbbi:00000246; 
8258,226-Matsumura-WholeBrainDev,Whole_brain_POGZWT-Q1038R_20170829_232243,,GO:0007420,,Fbbi:00000246; 
8259,226-Matsumura-WholeBrainDev,Whole_brain_POGZWT-Q1038R_20170829_232350,,GO:0007420,,Fbbi:00000246; 
8260,226-Matsumura-WholeBrainDev,Whole_brain_POGZWT-Q1038R_20170829_232457,,GO:0007420,,Fbbi:00000246; 
8261,226-Matsumura-WholeBrainDev,Whole_brain_POGZWT-Q1038R_20170829_232603,,GO:0007420,,Fbbi:00000246; 
8262,226-Matsumura-WholeBrainDev,Whole_brain_POGZWT-Q1038R_20170829_232710,,GO:0007420,,Fbbi:00000246; 
8263,226-Matsumura-WholeBrainDev,Whole_brain_POGZWT-Q1038R_20170829_232817,,GO:0007420,,Fbbi:00000246; 
8264,226-Matsumura-WholeBrainDev,Whole_brain_POGZWT-Q1038R_20170829_232924,,GO:0007420,,Fbbi:00000246; 
8265,226-Matsumura-WholeBrainDev,Whole_brain_POGZWT-Q1038R_20170829_233031,,GO:0007420,,Fbbi:00000246; 
8266,226-Matsumura-WholeBrainDev,Whole_brain_POGZWT-Q1038R_20170829_233137,,GO:0007420,,Fbbi:00000246; 
8267,226-Matsumura-WholeBrainDev,Whole_brain_POGZWT-Q1038R_20170829_233244,,GO:0007420,,Fbbi:00000246; 
8268,226-Matsumura-WholeBrainDev,Whole_brain_POGZWT-Q1038R_20170829_233352,,GO:0007420,,Fbbi:00000246; 
8269,226-Matsumura-WholeBrainDev,Whole_brain_POGZWT-Q1038R_20170829_233459,,GO:0007420,,Fbbi:00000246; 
8270,226-Matsumura-WholeBrainDev,Whole_brain_POGZWT-Q1038R_20170829_233606,,GO:0007420,,Fbbi:00000246; 
8271,226-Matsumura-WholeBrainDev,Whole_brain_POGZWT-Q1038R_20170829_233714,,GO:0007420,,Fbbi:00000246; 
8272,226-Matsumura-WholeBrainDev,Whole_brain_POGZWT-Q1038R_20170829_233821,,GO:0007420,,Fbbi:00000246; 
8273,226-Matsumura-WholeBrainDev,Whole_brain_POGZWT-Q1038R_20170829_233928,,GO:0007420,,Fbbi:00000246; 
8274,226-Matsumura-WholeBrainDev,Whole_brain_POGZWT-Q1038R_20170829_234036,,GO:0007420,,Fbbi:00000246; 
8275,226-Matsumura-WholeBrainDev,Whole_brain_POGZWT-Q1038R_20170829_234142,,GO:0007420,,Fbbi:00000246; 
8276,226-Matsumura-WholeBrainDev,Whole_brain_POGZWT-Q1038R_20170829_234249,,GO:0007420,,Fbbi:00000246; 
8277,226-Matsumura-WholeBrainDev,Whole_brain_POGZWT-Q1038R_20170829_234357,,GO:0007420,,Fbbi:00000246; 
8278,226-Matsumura-WholeBrainDev,Whole_brain_POGZWT-Q1038R_20170829_234505,,GO:0007420,,Fbbi:00000246; 
8279,226-Matsumura-WholeBrainDev,Whole_brain_POGZWT-Q1038R_20170829_234612,,GO:0007420,,Fbbi:00000246; 
8280,226-Matsumura-WholeBrainDev,Whole_brain_POGZWT-Q1038R_20170829_234719,,GO:0007420,,Fbbi:00000246; 
8281,226-Matsumura-WholeBrainDev,Whole_brain_POGZWT-Q1038R_20170829_234826,,GO:0007420,,Fbbi:00000246; 
8282,226-Matsumura-WholeBrainDev,Whole_brain_POGZWT-Q1038R_20170829_234933,,GO:0007420,,Fbbi:00000246; 
8283,226-Matsumura-WholeBrainDev,Whole_brain_POGZWT-Q1038R_20170829_235041,,GO:0007420,,Fbbi:00000246; 
8284,226-Matsumura-WholeBrainDev,Whole_brain_POGZWT-Q1038R_20170829_235148,,GO:0007420,,Fbbi:00000246; 
8285,226-Matsumura-WholeBrainDev,Whole_brain_POGZWT-Q1038R_20170829_235255,,GO:0007420,,Fbbi:00000246; 
8286,226-Matsumura-WholeBrainDev,Whole_brain_POGZWT-Q1038R_20170829_235402,,GO:0007420,,Fbbi:00000246; 
8287,226-Matsumura-WholeBrainDev,Whole_brain_POGZWT-Q1038R_20170829_235509,,GO:0007420,,Fbbi:00000246; 
8288,226-Matsumura-WholeBrainDev,Whole_brain_POGZWT-Q1038R_20170829_235616,,GO:0007420,,Fbbi:00000246; 
8289,226-Matsumura-WholeBrainDev,Whole_brain_POGZWT-Q1038R_20170829_235724,,GO:0007420,,Fbbi:00000246; 
8290,226-Matsumura-WholeBrainDev,Whole_brain_POGZWT-Q1038R_20170829_235831,,GO:0007420,,Fbbi:00000246; 
8291,226-Matsumura-WholeBrainDev,Whole_brain_POGZWT-Q1038R_20170829_235938,,GO:0007420,,Fbbi:00000246; 
8292,226-Matsumura-WholeBrainDev,Whole_brain_POGZWT-Q1038R_20170830_00046,,GO:0007420,,Fbbi:00000246; 
8293,226-Matsumura-WholeBrainDev,Whole_brain_POGZWT-Q1038R_20170830_00155,,GO:0007420,,Fbbi:00000246; 
8294,226-Matsumura-WholeBrainDev,Whole_brain_POGZWT-Q1038R_20170830_00303,,GO:0007420,,Fbbi:00000246; 
8295,226-Matsumura-WholeBrainDev,Whole_brain_POGZWT-Q1038R_20170830_00411,,GO:0007420,,Fbbi:00000246; 
8296,226-Matsumura-WholeBrainDev,Whole_brain_POGZWT-Q1038R_20170830_00519,,GO:0007420,,Fbbi:00000246; 
8297,226-Matsumura-WholeBrainDev,Whole_brain_POGZWT-Q1038R_20170830_00627,,GO:0007420,,Fbbi:00000246; 
8298,226-Matsumura-WholeBrainDev,Whole_brain_POGZWT-Q1038R_20170830_00735,,GO:0007420,,Fbbi:00000246; 
8299,226-Matsumura-WholeBrainDev,Whole_brain_POGZWT-Q1038R_20170830_00844,,GO:0007420,,Fbbi:00000246; 
8300,226-Matsumura-WholeBrainDev,Whole_brain_POGZWT-Q1038R_20170830_00952,,GO:0007420,,Fbbi:00000246; 
8301,226-Matsumura-WholeBrainDev,Whole_brain_POGZWT-Q1038R_20170830_01059,,GO:0007420,,Fbbi:00000246; 
8302,226-Matsumura-WholeBrainDev,Whole_brain_POGZWT-Q1038R_20170830_01208,,GO:0007420,,Fbbi:00000246; 
8303,226-Matsumura-WholeBrainDev,Whole_brain_POGZWT-Q1038R_20170830_01316,,GO:0007420,,Fbbi:00000246; 
8304,226-Matsumura-WholeBrainDev,Whole_brain_POGZWT-Q1038R_20170830_01424,,GO:0007420,,Fbbi:00000246; 
8305,226-Matsumura-WholeBrainDev,Whole_brain_POGZWT-Q1038R_20170830_01532,,GO:0007420,,Fbbi:00000246; 
8306,226-Matsumura-WholeBrainDev,Whole_brain_POGZWT-Q1038R_20170830_01641,,GO:0007420,,Fbbi:00000246; 
8307,226-Matsumura-WholeBrainDev,Whole_brain_POGZWT-Q1038R_20170830_01749,,GO:0007420,,Fbbi:00000246; 
8308,226-Matsumura-WholeBrainDev,Whole_brain_POGZWT-Q1038R_20170830_01857,,GO:0007420,,Fbbi:00000246; 
8309,226-Matsumura-WholeBrainDev,Whole_brain_POGZWT-Q1038R_20170830_02005,,GO:0007420,,Fbbi:00000246; 
8310,226-Matsumura-WholeBrainDev,Whole_brain_POGZWT-Q1038R_20170830_02113,,GO:0007420,,Fbbi:00000246; 
8311,226-Matsumura-WholeBrainDev,Whole_brain_POGZWT-Q1038R_20170830_02222,,GO:0007420,,Fbbi:00000246; 
8312,226-Matsumura-WholeBrainDev,Whole_brain_POGZWT-Q1038R_20170830_02330,,GO:0007420,,Fbbi:00000246; 
8313,226-Matsumura-WholeBrainDev,Whole_brain_POGZWT-Q1038R_20170830_02438,,GO:0007420,,Fbbi:00000246; 
8314,226-Matsumura-WholeBrainDev,Whole_brain_POGZWT-Q1038R_20170830_02547,,GO:0007420,,Fbbi:00000246; 
8315,226-Matsumura-WholeBrainDev,Whole_brain_POGZWT-Q1038R_20170830_02656,,GO:0007420,,Fbbi:00000246; 
8316,226-Matsumura-WholeBrainDev,Whole_brain_POGZWT-Q1038R_20170830_02805,,GO:0007420,,Fbbi:00000246; 
8317,226-Matsumura-WholeBrainDev,Whole_brain_POGZWT-Q1038R_20170830_02915,,GO:0007420,,Fbbi:00000246; 
8318,226-Matsumura-WholeBrainDev,Whole_brain_POGZWT-Q1038R_20170830_03024,,GO:0007420,,Fbbi:00000246; 
8319,226-Matsumura-WholeBrainDev,Whole_brain_POGZWT-Q1038R_20170830_03134,,GO:0007420,,Fbbi:00000246; 
8320,226-Matsumura-WholeBrainDev,Whole_brain_POGZWT-Q1038R_20170830_03243,,GO:0007420,,Fbbi:00000246; 
8321,226-Matsumura-WholeBrainDev,Whole_brain_POGZWT-Q1038R_20170830_03351,,GO:0007420,,Fbbi:00000246; 
8322,226-Matsumura-WholeBrainDev,Whole_brain_POGZWT-Q1038R_20170830_03501,,GO:0007420,,Fbbi:00000246; 
8323,226-Matsumura-WholeBrainDev,Whole_brain_POGZWT-Q1038R_20170830_03610,,GO:0007420,,Fbbi:00000246; 
8324,226-Matsumura-WholeBrainDev,Whole_brain_POGZWT-Q1038R_20170830_03720,,GO:0007420,,Fbbi:00000246; 
8325,226-Matsumura-WholeBrainDev,Whole_brain_POGZWT-Q1038R_20170830_03829,,GO:0007420,,Fbbi:00000246; 
8326,226-Matsumura-WholeBrainDev,Whole_brain_POGZWT-Q1038R_20170830_03937,,GO:0007420,,Fbbi:00000246; 
8327,226-Matsumura-WholeBrainDev,Whole_brain_POGZWT-Q1038R_20170830_04046,,GO:0007420,,Fbbi:00000246; 
8328,226-Matsumura-WholeBrainDev,Whole_brain_POGZWT-Q1038R_20170830_04155,,GO:0007420,,Fbbi:00000246; 
8329,226-Matsumura-WholeBrainDev,Whole_brain_POGZWT-Q1038R_20170830_04304,,GO:0007420,,Fbbi:00000246; 
8330,226-Matsumura-WholeBrainDev,Whole_brain_POGZWT-Q1038R_20170830_04413,,GO:0007420,,Fbbi:00000246; 
8331,226-Matsumura-WholeBrainDev,Whole_brain_POGZWT-Q1038R_20170830_04522,,GO:0007420,,Fbbi:00000246; 
8332,226-Matsumura-WholeBrainDev,Whole_brain_POGZWT-Q1038R_20170830_04630,,GO:0007420,,Fbbi:00000246; 
8333,226-Matsumura-WholeBrainDev,Whole_brain_POGZWT-Q1038R_20170830_04737,,GO:0007420,,Fbbi:00000246; 
8334,226-Matsumura-WholeBrainDev,Whole_brain_POGZWT-Q1038R_20170830_04847,,GO:0007420,,Fbbi:00000246; 
8335,226-Matsumura-WholeBrainDev,Whole_brain_POGZWT-Q1038R_20170830_04955,,GO:0007420,,Fbbi:00000246; 
8336,226-Matsumura-WholeBrainDev,Whole_brain_POGZWT-Q1038R_20170830_05103,,GO:0007420,,Fbbi:00000246; 
8337,226-Matsumura-WholeBrainDev,Whole_brain_POGZWT-Q1038R_20170830_05213,,GO:0007420,,Fbbi:00000246; 
8338,226-Matsumura-WholeBrainDev,Whole_brain_POGZWT-Q1038R_20170830_05321,,GO:0007420,,Fbbi:00000246; 
8339,226-Matsumura-WholeBrainDev,Whole_brain_POGZWT-Q1038R_20170830_05431,,GO:0007420,,Fbbi:00000246; 
8340,226-Matsumura-WholeBrainDev,Whole_brain_POGZWT-Q1038R_20170830_05540,,GO:0007420,,Fbbi:00000246; 
8341,226-Matsumura-WholeBrainDev,Whole_brain_POGZWT-Q1038R_20170830_05649,,GO:0007420,,Fbbi:00000246; 
8342,226-Matsumura-WholeBrainDev,Whole_brain_POGZWT-Q1038R_20170830_05758,,GO:0007420,,Fbbi:00000246; 
8343,226-Matsumura-WholeBrainDev,Whole_brain_POGZWT-Q1038R_20170830_05906,,GO:0007420,,Fbbi:00000246; 
8344,226-Matsumura-WholeBrainDev,Whole_brain_POGZWT-Q1038R_20170830_10015,,GO:0007420,,Fbbi:00000246; 
8345,226-Matsumura-WholeBrainDev,Whole_brain_POGZWT-Q1038R_20170830_10124,,GO:0007420,,Fbbi:00000246; 
8346,226-Matsumura-WholeBrainDev,Whole_brain_POGZWT-Q1038R_20170830_10233,,GO:0007420,,Fbbi:00000246; 
8347,226-Matsumura-WholeBrainDev,Whole_brain_POGZWT-Q1038R_20170830_10342,,GO:0007420,,Fbbi:00000246; 
8348,226-Matsumura-WholeBrainDev,Whole_brain_POGZWT-Q1038R_20170830_10452,,GO:0007420,,Fbbi:00000246; 
8349,226-Matsumura-WholeBrainDev,Whole_brain_POGZWT-Q1038R_20170830_10600,,GO:0007420,,Fbbi:00000246; 
8350,226-Matsumura-WholeBrainDev,Whole_brain_POGZWT-Q1038R_20170830_10712,,GO:0007420,,Fbbi:00000246; 
8351,226-Matsumura-WholeBrainDev,Whole_brain_POGZWT-Q1038R_20170830_10823,,GO:0007420,,Fbbi:00000246; 
8352,226-Matsumura-WholeBrainDev,Whole_brain_POGZWT-Q1038R_20170830_10932,,GO:0007420,,Fbbi:00000246; 
8353,226-Matsumura-WholeBrainDev,Whole_brain_POGZWT-Q1038R_20170830_11042,,GO:0007420,,Fbbi:00000246; 
8354,226-Matsumura-WholeBrainDev,Whole_brain_POGZWT-Q1038R_20170830_11150,,GO:0007420,,Fbbi:00000246; 
8355,226-Matsumura-WholeBrainDev,Whole_brain_POGZWT-Q1038R_20170830_11259,,GO:0007420,,Fbbi:00000246; 
8356,226-Matsumura-WholeBrainDev,Whole_brain_POGZWT-Q1038R_20170830_11409,,GO:0007420,,Fbbi:00000246; 
8357,226-Matsumura-WholeBrainDev,Whole_brain_POGZWT-Q1038R_20170830_11517,,GO:0007420,,Fbbi:00000246; 
8358,226-Matsumura-WholeBrainDev,Whole_brain_POGZWT-Q1038R_20170830_11625,,GO:0007420,,Fbbi:00000246; 
8359,226-Matsumura-WholeBrainDev,Whole_brain_POGZWT-Q1038R_20170830_11734,,GO:0007420,,Fbbi:00000246; 
8360,226-Matsumura-WholeBrainDev,Whole_brain_POGZWT-Q1038R_20170830_11843,,GO:0007420,,Fbbi:00000246; 
8361,226-Matsumura-WholeBrainDev,Whole_brain_POGZWT-Q1038R_20170830_11953,,GO:0007420,,Fbbi:00000246; 
8362,226-Matsumura-WholeBrainDev,Whole_brain_POGZWT-Q1038R_20170830_12101,,GO:0007420,,Fbbi:00000246; 
8363,226-Matsumura-WholeBrainDev,Whole_brain_POGZWT-Q1038R_20170830_12210,,GO:0007420,,Fbbi:00000246; 
8364,226-Matsumura-WholeBrainDev,Whole_brain_POGZWT-Q1038R_20170830_12320,,GO:0007420,,Fbbi:00000246; 
8365,226-Matsumura-WholeBrainDev,Whole_brain_POGZWT-Q1038R_20170830_12429,,GO:0007420,,Fbbi:00000246; 
8366,226-Matsumura-WholeBrainDev,Whole_brain_POGZWT-Q1038R_20170830_12538,,GO:0007420,,Fbbi:00000246; 
8367,226-Matsumura-WholeBrainDev,Whole_brain_POGZWT-Q1038R_20170830_12647,,GO:0007420,,Fbbi:00000246; 
8368,226-Matsumura-WholeBrainDev,Whole_brain_POGZWT-Q1038R_20170830_12756,,GO:0007420,,Fbbi:00000246; 
8369,226-Matsumura-WholeBrainDev,Whole_brain_POGZWT-Q1038R_20170830_12905,,GO:0007420,,Fbbi:00000246; 
8370,226-Matsumura-WholeBrainDev,Whole_brain_POGZWT-Q1038R_20170830_13014,,GO:0007420,,Fbbi:00000246; 
8371,226-Matsumura-WholeBrainDev,Whole_brain_POGZWT-Q1038R_20170830_13123,,GO:0007420,,Fbbi:00000246; 
8372,226-Matsumura-WholeBrainDev,Whole_brain_POGZWT-Q1038R_20170830_13232,,GO:0007420,,Fbbi:00000246; 
8373,226-Matsumura-WholeBrainDev,Whole_brain_POGZWT-Q1038R_20170830_13341,,GO:0007420,,Fbbi:00000246; 
8374,226-Matsumura-WholeBrainDev,Whole_brain_POGZWT-Q1038R_20170830_13450,,GO:0007420,,Fbbi:00000246; 
8375,226-Matsumura-WholeBrainDev,Whole_brain_POGZWT-Q1038R_20170830_13558,,GO:0007420,,Fbbi:00000246; 
8376,226-Matsumura-WholeBrainDev,Whole_brain_POGZWT-Q1038R_20170830_13708,,GO:0007420,,Fbbi:00000246; 
8377,226-Matsumura-WholeBrainDev,Whole_brain_POGZWT-Q1038R_20170830_13816,,GO:0007420,,Fbbi:00000246; 
8378,226-Matsumura-WholeBrainDev,Whole_brain_POGZWT-Q1038R_20170830_13926,,GO:0007420,,Fbbi:00000246; 
8379,226-Matsumura-WholeBrainDev,Whole_brain_POGZWT-Q1038R_20170830_14036,,GO:0007420,,Fbbi:00000246; 
8380,226-Matsumura-WholeBrainDev,Whole_brain_POGZWT-Q1038R_20170830_14146,,GO:0007420,,Fbbi:00000246; 
8381,226-Matsumura-WholeBrainDev,Whole_brain_POGZWT-Q1038R_20170830_14256,,GO:0007420,,Fbbi:00000246; 
8382,226-Matsumura-WholeBrainDev,Whole_brain_POGZWT-Q1038R_20170830_14406,,GO:0007420,,Fbbi:00000246; 
8383,226-Matsumura-WholeBrainDev,Whole_brain_POGZWT-Q1038R_20170830_14516,,GO:0007420,,Fbbi:00000246; 
8384,226-Matsumura-WholeBrainDev,Whole_brain_POGZWT-Q1038R_20170830_14626,,GO:0007420,,Fbbi:00000246; 
8385,226-Matsumura-WholeBrainDev,Whole_brain_POGZWT-Q1038R_20170830_14736,,GO:0007420,,Fbbi:00000246; 
8386,226-Matsumura-WholeBrainDev,Whole_brain_POGZWT-Q1038R_20170830_14847,,GO:0007420,,Fbbi:00000246; 
8387,226-Matsumura-WholeBrainDev,Whole_brain_POGZWT-Q1038R_20170830_14957,,GO:0007420,,Fbbi:00000246; 
8388,226-Matsumura-WholeBrainDev,Whole_brain_POGZWT-Q1038R_20170830_15108,,GO:0007420,,Fbbi:00000246; 
8389,226-Matsumura-WholeBrainDev,Whole_brain_POGZWT-Q1038R_20170830_15218,,GO:0007420,,Fbbi:00000246; 
8390,226-Matsumura-WholeBrainDev,Whole_brain_POGZWT-Q1038R_20170830_15328,,GO:0007420,,Fbbi:00000246; 
8391,226-Matsumura-WholeBrainDev,Whole_brain_POGZWT-Q1038R_20170830_15438,,GO:0007420,,Fbbi:00000246; 
8392,226-Matsumura-WholeBrainDev,Whole_brain_POGZWT-Q1038R_20170830_15548,,GO:0007420,,Fbbi:00000246; 
8393,226-Matsumura-WholeBrainDev,Whole_brain_POGZWT-Q1038R_20170830_15659,,GO:0007420,,Fbbi:00000246; 
8394,226-Matsumura-WholeBrainDev,Whole_brain_POGZWT-Q1038R_20170830_15808,,GO:0007420,,Fbbi:00000246; 
8395,226-Matsumura-WholeBrainDev,Whole_brain_POGZWT-Q1038R_20170830_15918,,GO:0007420,,Fbbi:00000246; 
8396,226-Matsumura-WholeBrainDev,Whole_brain_POGZWT-Q1038R_20170830_20028,,GO:0007420,,Fbbi:00000246; 
8397,226-Matsumura-WholeBrainDev,Whole_brain_POGZWT-Q1038R_20170830_20139,,GO:0007420,,Fbbi:00000246; 
8398,226-Matsumura-WholeBrainDev,Whole_brain_POGZWT-Q1038R_20170830_20248,,GO:0007420,,Fbbi:00000246; 
8399,226-Matsumura-WholeBrainDev,Whole_brain_POGZWT-Q1038R_20170830_20359,,GO:0007420,,Fbbi:00000246; 
8400,226-Matsumura-WholeBrainDev,Whole_brain_POGZWT-Q1038R_20170830_20510,,GO:0007420,,Fbbi:00000246; 
8401,226-Matsumura-WholeBrainDev,Whole_brain_POGZWT-Q1038R_20170830_20623,,GO:0007420,,Fbbi:00000246; 
8402,226-Matsumura-WholeBrainDev,Whole_brain_POGZWT-Q1038R_20170830_20735,,GO:0007420,,Fbbi:00000246; 
8403,226-Matsumura-WholeBrainDev,Whole_brain_POGZWT-Q1038R_20170830_20846,,GO:0007420,,Fbbi:00000246; 
8404,226-Matsumura-WholeBrainDev,Whole_brain_POGZWT-Q1038R_20170830_20959,,GO:0007420,,Fbbi:00000246; 
8405,226-Matsumura-WholeBrainDev,Whole_brain_POGZWT-Q1038R_20170830_21110,,GO:0007420,,Fbbi:00000246; 
8406,226-Matsumura-WholeBrainDev,Whole_brain_POGZWT-Q1038R_20170830_21222,,GO:0007420,,Fbbi:00000246; 
8407,226-Matsumura-WholeBrainDev,Whole_brain_POGZWT-Q1038R_20170830_21334,,GO:0007420,,Fbbi:00000246; 
8408,226-Matsumura-WholeBrainDev,Whole_brain_POGZWT-Q1038R_20170830_21445,,GO:0007420,,Fbbi:00000246; 
8409,226-Matsumura-WholeBrainDev,Whole_brain_POGZWT-Q1038R_20170830_21557,,GO:0007420,,Fbbi:00000246; 
8410,226-Matsumura-WholeBrainDev,Whole_brain_POGZWT-Q1038R_20170830_21709,,GO:0007420,,Fbbi:00000246; 
8411,226-Matsumura-WholeBrainDev,Whole_brain_POGZWT-Q1038R_20170830_21820,,GO:0007420,,Fbbi:00000246; 
8412,226-Matsumura-WholeBrainDev,Whole_brain_POGZWT-Q1038R_20170830_21933,,GO:0007420,,Fbbi:00000246; 
8413,226-Matsumura-WholeBrainDev,Whole_brain_POGZWT-Q1038R_20170830_22045,,GO:0007420,,Fbbi:00000246; 
8414,226-Matsumura-WholeBrainDev,Whole_brain_POGZWT-Q1038R_20170830_22156,,GO:0007420,,Fbbi:00000246; 
8415,226-Matsumura-WholeBrainDev,Whole_brain_POGZWT-Q1038R_20170830_22309,,GO:0007420,,Fbbi:00000246; 
8416,226-Matsumura-WholeBrainDev,Whole_brain_POGZWT-Q1038R_20170830_22419,,GO:0007420,,Fbbi:00000246; 
8417,226-Matsumura-WholeBrainDev,Whole_brain_POGZWT-Q1038R_20170830_22531,,GO:0007420,,Fbbi:00000246; 
8418,226-Matsumura-WholeBrainDev,Whole_brain_POGZWT-Q1038R_20170830_22643,,GO:0007420,,Fbbi:00000246; 
8419,226-Matsumura-WholeBrainDev,Whole_brain_POGZWT-Q1038R_20170830_22754,,GO:0007420,,Fbbi:00000246; 
8420,226-Matsumura-WholeBrainDev,Whole_brain_POGZWT-Q1038R_20170830_22904,,GO:0007420,,Fbbi:00000246; 
8421,226-Matsumura-WholeBrainDev,Whole_brain_POGZWT-Q1038R_20170830_23016,,GO:0007420,,Fbbi:00000246; 
8422,226-Matsumura-WholeBrainDev,Whole_brain_POGZWT-Q1038R_20170830_23127,,GO:0007420,,Fbbi:00000246; 
8423,226-Matsumura-WholeBrainDev,Whole_brain_POGZWT-Q1038R_20170830_23237,,GO:0007420,,Fbbi:00000246; 
8424,226-Matsumura-WholeBrainDev,Whole_brain_POGZWT-Q1038R_20170830_23349,,GO:0007420,,Fbbi:00000246; 
8425,226-Matsumura-WholeBrainDev,Whole_brain_POGZWT-Q1038R_20170830_23501,,GO:0007420,,Fbbi:00000246; 
8426,226-Matsumura-WholeBrainDev,Whole_brain_POGZWT-Q1038R_20170830_23613,,GO:0007420,,Fbbi:00000246; 
8427,226-Matsumura-WholeBrainDev,Whole_brain_POGZWT-Q1038R_20170830_23725,,GO:0007420,,Fbbi:00000246; 
8428,226-Matsumura-WholeBrainDev,Whole_brain_POGZWT-Q1038R_20170830_23836,,GO:0007420,,Fbbi:00000246; 
8429,226-Matsumura-WholeBrainDev,Whole_brain_POGZWT-Q1038R_20170830_23946,,GO:0007420,,Fbbi:00000246; 
8430,226-Matsumura-WholeBrainDev,Whole_brain_POGZWT-Q1038R_20170830_24058,,GO:0007420,,Fbbi:00000246; 
8431,226-Matsumura-WholeBrainDev,Whole_brain_POGZWT-Q1038R_20170830_24213,,GO:0007420,,Fbbi:00000246; 
8432,226-Matsumura-WholeBrainDev,Whole_brain_POGZWT-Q1038R_20170830_24323,,GO:0007420,,Fbbi:00000246; 
8433,226-Matsumura-WholeBrainDev,Whole_brain_POGZWT-Q1038R_20170830_24434,,GO:0007420,,Fbbi:00000246; 
8434,226-Matsumura-WholeBrainDev,Whole_brain_POGZWT-Q1038R_20170830_24545,,GO:0007420,,Fbbi:00000246; 
8435,226-Matsumura-WholeBrainDev,Whole_brain_POGZWT-Q1038R_20170830_24657,,GO:0007420,,Fbbi:00000246; 
8436,226-Matsumura-WholeBrainDev,Whole_brain_POGZWT-Q1038R_20170830_24808,,GO:0007420,,Fbbi:00000246; 
8437,226-Matsumura-WholeBrainDev,Whole_brain_POGZWT-Q1038R_20170830_24919,,GO:0007420,,Fbbi:00000246; 
8438,226-Matsumura-WholeBrainDev,Whole_brain_POGZWT-Q1038R_20170830_25030,,GO:0007420,,Fbbi:00000246; 
8439,226-Matsumura-WholeBrainDev,Whole_brain_POGZWT-Q1038R_20170830_25142,,GO:0007420,,Fbbi:00000246; 
8440,226-Matsumura-WholeBrainDev,Whole_brain_POGZWT-Q1038R_20170830_25253,,GO:0007420,,Fbbi:00000246; 
8441,226-Matsumura-WholeBrainDev,Whole_brain_POGZWT-Q1038R_20170830_25403,,GO:0007420,,Fbbi:00000246; 
8442,226-Matsumura-WholeBrainDev,Whole_brain_POGZWT-Q1038R_20170830_25514,,GO:0007420,,Fbbi:00000246; 
8443,226-Matsumura-WholeBrainDev,Whole_brain_POGZWT-Q1038R_20170830_25625,,GO:0007420,,Fbbi:00000246; 
8444,226-Matsumura-WholeBrainDev,Whole_brain_POGZWT-Q1038R_20170830_25735,,GO:0007420,,Fbbi:00000246; 
8445,226-Matsumura-WholeBrainDev,Whole_brain_POGZWT-Q1038R_20170830_25847,,GO:0007420,,Fbbi:00000246; 
8446,226-Matsumura-WholeBrainDev,Whole_brain_POGZWT-Q1038R_20170830_25958,,GO:0007420,,Fbbi:00000246; 
8447,226-Matsumura-WholeBrainDev,Whole_brain_POGZWT-Q1038R_20170830_30110,,GO:0007420,,Fbbi:00000246; 
8448,226-Matsumura-WholeBrainDev,Whole_brain_WT_20170821_231349,,GO:0007420,,Fbbi:00000246; 
8449,226-Matsumura-WholeBrainDev,Whole_brain_WT_20170821_231455,,GO:0007420,,Fbbi:00000246; 
8450,226-Matsumura-WholeBrainDev,Whole_brain_WT_20170821_231600,,GO:0007420,,Fbbi:00000246; 
8451,226-Matsumura-WholeBrainDev,Whole_brain_WT_20170821_231707,,GO:0007420,,Fbbi:00000246; 
8452,226-Matsumura-WholeBrainDev,Whole_brain_WT_20170821_231813,,GO:0007420,,Fbbi:00000246; 
8453,226-Matsumura-WholeBrainDev,Whole_brain_WT_20170821_231919,,GO:0007420,,Fbbi:00000246; 
8454,226-Matsumura-WholeBrainDev,Whole_brain_WT_20170821_232026,,GO:0007420,,Fbbi:00000246; 
8455,226-Matsumura-WholeBrainDev,Whole_brain_WT_20170821_232132,,GO:0007420,,Fbbi:00000246; 
8456,226-Matsumura-WholeBrainDev,Whole_brain_WT_20170821_232239,,GO:0007420,,Fbbi:00000246; 
8457,226-Matsumura-WholeBrainDev,Whole_brain_WT_20170821_232346,,GO:0007420,,Fbbi:00000246; 
8458,226-Matsumura-WholeBrainDev,Whole_brain_WT_20170821_232453,,GO:0007420,,Fbbi:00000246; 
8459,226-Matsumura-WholeBrainDev,Whole_brain_WT_20170821_232601,,GO:0007420,,Fbbi:00000246; 
8460,226-Matsumura-WholeBrainDev,Whole_brain_WT_20170821_232708,,GO:0007420,,Fbbi:00000246; 
8461,226-Matsumura-WholeBrainDev,Whole_brain_WT_20170821_232815,,GO:0007420,,Fbbi:00000246; 
8462,226-Matsumura-WholeBrainDev,Whole_brain_WT_20170821_232922,,GO:0007420,,Fbbi:00000246; 
8463,226-Matsumura-WholeBrainDev,Whole_brain_WT_20170821_233030,,GO:0007420,,Fbbi:00000246; 
8464,226-Matsumura-WholeBrainDev,Whole_brain_WT_20170821_233137,,GO:0007420,,Fbbi:00000246; 
8465,226-Matsumura-WholeBrainDev,Whole_brain_WT_20170821_233244,,GO:0007420,,Fbbi:00000246; 
8466,226-Matsumura-WholeBrainDev,Whole_brain_WT_20170821_233352,,GO:0007420,,Fbbi:00000246; 
8467,226-Matsumura-WholeBrainDev,Whole_brain_WT_20170821_233459,,GO:0007420,,Fbbi:00000246; 
8468,226-Matsumura-WholeBrainDev,Whole_brain_WT_20170821_233607,,GO:0007420,,Fbbi:00000246; 
8469,226-Matsumura-WholeBrainDev,Whole_brain_WT_20170821_233715,,GO:0007420,,Fbbi:00000246; 
8470,226-Matsumura-WholeBrainDev,Whole_brain_WT_20170821_233823,,GO:0007420,,Fbbi:00000246; 
8471,226-Matsumura-WholeBrainDev,Whole_brain_WT_20170821_233930,,GO:0007420,,Fbbi:00000246; 
8472,226-Matsumura-WholeBrainDev,Whole_brain_WT_20170821_234037,,GO:0007420,,Fbbi:00000246; 
8473,226-Matsumura-WholeBrainDev,Whole_brain_WT_20170821_234145,,GO:0007420,,Fbbi:00000246; 
8474,226-Matsumura-WholeBrainDev,Whole_brain_WT_20170821_234253,,GO:0007420,,Fbbi:00000246; 
8475,226-Matsumura-WholeBrainDev,Whole_brain_WT_20170821_234400,,GO:0007420,,Fbbi:00000246; 
8476,226-Matsumura-WholeBrainDev,Whole_brain_WT_20170821_234508,,GO:0007420,,Fbbi:00000246; 
8477,226-Matsumura-WholeBrainDev,Whole_brain_WT_20170821_234615,,GO:0007420,,Fbbi:00000246; 
8478,226-Matsumura-WholeBrainDev,Whole_brain_WT_20170821_234723,,GO:0007420,,Fbbi:00000246; 
8479,226-Matsumura-WholeBrainDev,Whole_brain_WT_20170821_234831,,GO:0007420,,Fbbi:00000246; 
8480,226-Matsumura-WholeBrainDev,Whole_brain_WT_20170821_234939,,GO:0007420,,Fbbi:00000246; 
8481,226-Matsumura-WholeBrainDev,Whole_brain_WT_20170821_235047,,GO:0007420,,Fbbi:00000246; 
8482,226-Matsumura-WholeBrainDev,Whole_brain_WT_20170821_235155,,GO:0007420,,Fbbi:00000246; 
8483,226-Matsumura-WholeBrainDev,Whole_brain_WT_20170821_235303,,GO:0007420,,Fbbi:00000246; 
8484,226-Matsumura-WholeBrainDev,Whole_brain_WT_20170821_235411,,GO:0007420,,Fbbi:00000246; 
8485,226-Matsumura-WholeBrainDev,Whole_brain_WT_20170821_235519,,GO:0007420,,Fbbi:00000246; 
8486,226-Matsumura-WholeBrainDev,Whole_brain_WT_20170821_235628,,GO:0007420,,Fbbi:00000246; 
8487,226-Matsumura-WholeBrainDev,Whole_brain_WT_20170821_235738,,GO:0007420,,Fbbi:00000246; 
8488,226-Matsumura-WholeBrainDev,Whole_brain_WT_20170821_235847,,GO:0007420,,Fbbi:00000246; 
8489,226-Matsumura-WholeBrainDev,Whole_brain_WT_20170821_235956,,GO:0007420,,Fbbi:00000246; 
8490,226-Matsumura-WholeBrainDev,Whole_brain_WT_20170822_00103,,GO:0007420,,Fbbi:00000246; 
8491,226-Matsumura-WholeBrainDev,Whole_brain_WT_20170822_00211,,GO:0007420,,Fbbi:00000246; 
8492,226-Matsumura-WholeBrainDev,Whole_brain_WT_20170822_00318,,GO:0007420,,Fbbi:00000246; 
8493,226-Matsumura-WholeBrainDev,Whole_brain_WT_20170822_00426,,GO:0007420,,Fbbi:00000246; 
8494,226-Matsumura-WholeBrainDev,Whole_brain_WT_20170822_00533,,GO:0007420,,Fbbi:00000246; 
8495,226-Matsumura-WholeBrainDev,Whole_brain_WT_20170822_00641,,GO:0007420,,Fbbi:00000246; 
8496,226-Matsumura-WholeBrainDev,Whole_brain_WT_20170822_00749,,GO:0007420,,Fbbi:00000246; 
8497,226-Matsumura-WholeBrainDev,Whole_brain_WT_20170822_00858,,GO:0007420,,Fbbi:00000246; 
8498,226-Matsumura-WholeBrainDev,Whole_brain_WT_20170822_01006,,GO:0007420,,Fbbi:00000246; 
8499,226-Matsumura-WholeBrainDev,Whole_brain_WT_20170822_01114,,GO:0007420,,Fbbi:00000246; 
8500,226-Matsumura-WholeBrainDev,Whole_brain_WT_20170822_01222,,GO:0007420,,Fbbi:00000246; 
8501,226-Matsumura-WholeBrainDev,Whole_brain_WT_20170822_01330,,GO:0007420,,Fbbi:00000246; 
8502,226-Matsumura-WholeBrainDev,Whole_brain_WT_20170822_01438,,GO:0007420,,Fbbi:00000246; 
8503,226-Matsumura-WholeBrainDev,Whole_brain_WT_20170822_01546,,GO:0007420,,Fbbi:00000246; 
8504,226-Matsumura-WholeBrainDev,Whole_brain_WT_20170822_01654,,GO:0007420,,Fbbi:00000246; 
8505,226-Matsumura-WholeBrainDev,Whole_brain_WT_20170822_01802,,GO:0007420,,Fbbi:00000246; 
8506,226-Matsumura-WholeBrainDev,Whole_brain_WT_20170822_01909,,GO:0007420,,Fbbi:00000246; 
8507,226-Matsumura-WholeBrainDev,Whole_brain_WT_20170822_02018,,GO:0007420,,Fbbi:00000246; 
8508,226-Matsumura-WholeBrainDev,Whole_brain_WT_20170822_02126,,GO:0007420,,Fbbi:00000246; 
8509,226-Matsumura-WholeBrainDev,Whole_brain_WT_20170822_02234,,GO:0007420,,Fbbi:00000246; 
8510,226-Matsumura-WholeBrainDev,Whole_brain_WT_20170822_02342,,GO:0007420,,Fbbi:00000246; 
8511,226-Matsumura-WholeBrainDev,Whole_brain_WT_20170822_02450,,GO:0007420,,Fbbi:00000246; 
8512,226-Matsumura-WholeBrainDev,Whole_brain_WT_20170822_02559,,GO:0007420,,Fbbi:00000246; 
8513,226-Matsumura-WholeBrainDev,Whole_brain_WT_20170822_02711,,GO:0007420,,Fbbi:00000246; 
8514,226-Matsumura-WholeBrainDev,Whole_brain_WT_20170822_02821,,GO:0007420,,Fbbi:00000246; 
8515,226-Matsumura-WholeBrainDev,Whole_brain_WT_20170822_02929,,GO:0007420,,Fbbi:00000246; 
8516,226-Matsumura-WholeBrainDev,Whole_brain_WT_20170822_03036,,GO:0007420,,Fbbi:00000246; 
8517,226-Matsumura-WholeBrainDev,Whole_brain_WT_20170822_03144,,GO:0007420,,Fbbi:00000246; 
8518,226-Matsumura-WholeBrainDev,Whole_brain_WT_20170822_03252,,GO:0007420,,Fbbi:00000246; 
8519,226-Matsumura-WholeBrainDev,Whole_brain_WT_20170822_03400,,GO:0007420,,Fbbi:00000246; 
8520,226-Matsumura-WholeBrainDev,Whole_brain_WT_20170822_03508,,GO:0007420,,Fbbi:00000246; 
8521,226-Matsumura-WholeBrainDev,Whole_brain_WT_20170822_03616,,GO:0007420,,Fbbi:00000246; 
8522,226-Matsumura-WholeBrainDev,Whole_brain_WT_20170822_03724,,GO:0007420,,Fbbi:00000246; 
8523,226-Matsumura-WholeBrainDev,Whole_brain_WT_20170822_03832,,GO:0007420,,Fbbi:00000246; 
8524,226-Matsumura-WholeBrainDev,Whole_brain_WT_20170822_03940,,GO:0007420,,Fbbi:00000246; 
8525,226-Matsumura-WholeBrainDev,Whole_brain_WT_20170822_04047,,GO:0007420,,Fbbi:00000246; 
8526,226-Matsumura-WholeBrainDev,Whole_brain_WT_20170822_04155,,GO:0007420,,Fbbi:00000246; 
8527,226-Matsumura-WholeBrainDev,Whole_brain_WT_20170822_04303,,GO:0007420,,Fbbi:00000246; 
8528,226-Matsumura-WholeBrainDev,Whole_brain_WT_20170822_04411,,GO:0007420,,Fbbi:00000246; 
8529,226-Matsumura-WholeBrainDev,Whole_brain_WT_20170822_04519,,GO:0007420,,Fbbi:00000246; 
8530,226-Matsumura-WholeBrainDev,Whole_brain_WT_20170822_04628,,GO:0007420,,Fbbi:00000246; 
8531,226-Matsumura-WholeBrainDev,Whole_brain_WT_20170822_04737,,GO:0007420,,Fbbi:00000246; 
8532,226-Matsumura-WholeBrainDev,Whole_brain_WT_20170822_04847,,GO:0007420,,Fbbi:00000246; 
8533,226-Matsumura-WholeBrainDev,Whole_brain_WT_20170822_05000,,GO:0007420,,Fbbi:00000246; 
8534,226-Matsumura-WholeBrainDev,Whole_brain_WT_20170822_05110,,GO:0007420,,Fbbi:00000246; 
8535,226-Matsumura-WholeBrainDev,Whole_brain_WT_20170822_05218,,GO:0007420,,Fbbi:00000246; 
8536,226-Matsumura-WholeBrainDev,Whole_brain_WT_20170822_05326,,GO:0007420,,Fbbi:00000246; 
8537,226-Matsumura-WholeBrainDev,Whole_brain_WT_20170822_05435,,GO:0007420,,Fbbi:00000246; 
8538,226-Matsumura-WholeBrainDev,Whole_brain_WT_20170822_05543,,GO:0007420,,Fbbi:00000246; 
8539,226-Matsumura-WholeBrainDev,Whole_brain_WT_20170822_05651,,GO:0007420,,Fbbi:00000246; 
8540,226-Matsumura-WholeBrainDev,Whole_brain_WT_20170822_05759,,GO:0007420,,Fbbi:00000246; 
8541,226-Matsumura-WholeBrainDev,Whole_brain_WT_20170822_05908,,GO:0007420,,Fbbi:00000246; 
8542,226-Matsumura-WholeBrainDev,Whole_brain_WT_20170822_10016,,GO:0007420,,Fbbi:00000246; 
8543,226-Matsumura-WholeBrainDev,Whole_brain_WT_20170822_10123,,GO:0007420,,Fbbi:00000246; 
8544,226-Matsumura-WholeBrainDev,Whole_brain_WT_20170822_10231,,GO:0007420,,Fbbi:00000246; 
8545,226-Matsumura-WholeBrainDev,Whole_brain_WT_20170822_10339,,GO:0007420,,Fbbi:00000246; 
8546,226-Matsumura-WholeBrainDev,Whole_brain_WT_20170822_10447,,GO:0007420,,Fbbi:00000246; 
8547,226-Matsumura-WholeBrainDev,Whole_brain_WT_20170822_10554,,GO:0007420,,Fbbi:00000246; 
8548,226-Matsumura-WholeBrainDev,Whole_brain_WT_20170822_10702,,GO:0007420,,Fbbi:00000246; 
8549,226-Matsumura-WholeBrainDev,Whole_brain_WT_20170822_10809,,GO:0007420,,Fbbi:00000246; 
8550,226-Matsumura-WholeBrainDev,Whole_brain_WT_20170822_10918,,GO:0007420,,Fbbi:00000246; 
8551,226-Matsumura-WholeBrainDev,Whole_brain_WT_20170822_11026,,GO:0007420,,Fbbi:00000246; 
8552,226-Matsumura-WholeBrainDev,Whole_brain_WT_20170822_11133,,GO:0007420,,Fbbi:00000246; 
8553,226-Matsumura-WholeBrainDev,Whole_brain_WT_20170822_11241,,GO:0007420,,Fbbi:00000246; 
8554,226-Matsumura-WholeBrainDev,Whole_brain_WT_20170822_11349,,GO:0007420,,Fbbi:00000246; 
8555,226-Matsumura-WholeBrainDev,Whole_brain_WT_20170822_11456,,GO:0007420,,Fbbi:00000246; 
8556,226-Matsumura-WholeBrainDev,Whole_brain_WT_20170822_11604,,GO:0007420,,Fbbi:00000246; 
8557,226-Matsumura-WholeBrainDev,Whole_brain_WT_20170822_11711,,GO:0007420,,Fbbi:00000246; 
8558,226-Matsumura-WholeBrainDev,Whole_brain_WT_20170822_11819,,GO:0007420,,Fbbi:00000246; 
8559,226-Matsumura-WholeBrainDev,Whole_brain_WT_20170822_11926,,GO:0007420,,Fbbi:00000246; 
8560,226-Matsumura-WholeBrainDev,Whole_brain_WT_20170822_12033,,GO:0007420,,Fbbi:00000246; 
8561,226-Matsumura-WholeBrainDev,Whole_brain_WT_20170822_12141,,GO:0007420,,Fbbi:00000246; 
8562,226-Matsumura-WholeBrainDev,Whole_brain_WT_20170822_12249,,GO:0007420,,Fbbi:00000246; 
8563,226-Matsumura-WholeBrainDev,Whole_brain_WT_20170822_12357,,GO:0007420,,Fbbi:00000246; 
8564,226-Matsumura-WholeBrainDev,Whole_brain_WT_20170822_12505,,GO:0007420,,Fbbi:00000246; 
8565,226-Matsumura-WholeBrainDev,Whole_brain_WT_20170822_12613,,GO:0007420,,Fbbi:00000246; 
8566,226-Matsumura-WholeBrainDev,Whole_brain_WT_20170822_12721,,GO:0007420,,Fbbi:00000246; 
8567,226-Matsumura-WholeBrainDev,Whole_brain_WT_20170822_12828,,GO:0007420,,Fbbi:00000246; 
8568,226-Matsumura-WholeBrainDev,Whole_brain_WT_20170822_12936,,GO:0007420,,Fbbi:00000246; 
8569,226-Matsumura-WholeBrainDev,Whole_brain_WT_20170822_13044,,GO:0007420,,Fbbi:00000246; 
8570,226-Matsumura-WholeBrainDev,Whole_brain_WT_20170822_13151,,GO:0007420,,Fbbi:00000246; 
8571,226-Matsumura-WholeBrainDev,Whole_brain_WT_20170822_13258,,GO:0007420,,Fbbi:00000246; 
8572,226-Matsumura-WholeBrainDev,Whole_brain_WT_20170822_13403,,GO:0007420,,Fbbi:00000246; 
8573,226-Matsumura-WholeBrainDev,Whole_brain_WT_20170822_13511,,GO:0007420,,Fbbi:00000246; 
8574,226-Matsumura-WholeBrainDev,Whole_brain_WT_20170822_13617,,GO:0007420,,Fbbi:00000246; 
8575,226-Matsumura-WholeBrainDev,Whole_brain_WT_20170822_13723,,GO:0007420,,Fbbi:00000246; 
8576,226-Matsumura-WholeBrainDev,Whole_brain_WT_20170822_13830,,GO:0007420,,Fbbi:00000246; 
8577,226-Matsumura-WholeBrainDev,Whole_brain_WT_20170822_13937,,GO:0007420,,Fbbi:00000246; 
8578,226-Matsumura-WholeBrainDev,Whole_brain_WT_20170822_14046,,GO:0007420,,Fbbi:00000246; 
8579,226-Matsumura-WholeBrainDev,Whole_brain_WT_20170822_14153,,GO:0007420,,Fbbi:00000246; 
8580,226-Matsumura-WholeBrainDev,Whole_brain_WT_20170822_14259,,GO:0007420,,Fbbi:00000246; 
8581,226-Matsumura-WholeBrainDev,Whole_brain_WT_20170822_14406,,GO:0007420,,Fbbi:00000246; 
8582,226-Matsumura-WholeBrainDev,Whole_brain_WT_20170822_14513,,GO:0007420,,Fbbi:00000246; 
8583,226-Matsumura-WholeBrainDev,Whole_brain_WT_20170822_14619,,GO:0007420,,Fbbi:00000246; 
8584,226-Matsumura-WholeBrainDev,Whole_brain_WT_20170822_14726,,GO:0007420,,Fbbi:00000246; 
8585,226-Matsumura-WholeBrainDev,Whole_brain_WT_20170822_14831,,GO:0007420,,Fbbi:00000246; 
8586,226-Matsumura-WholeBrainDev,Whole_brain_WT_20170822_14938,,GO:0007420,,Fbbi:00000246; 
8587,226-Matsumura-WholeBrainDev,Whole_brain_WT_20170822_15045,,GO:0007420,,Fbbi:00000246; 
8588,226-Matsumura-WholeBrainDev,Whole_brain_WT_20170822_15151,,GO:0007420,,Fbbi:00000246; 
8589,226-Matsumura-WholeBrainDev,Whole_brain_WT_20170822_15258,,GO:0007420,,Fbbi:00000246; 
8590,226-Matsumura-WholeBrainDev,Whole_brain_WT_20170822_15404,,GO:0007420,,Fbbi:00000246; 
8591,226-Matsumura-WholeBrainDev,Whole_brain_WT_20170822_15510,,GO:0007420,,Fbbi:00000246; 
8592,226-Matsumura-WholeBrainDev,Whole_brain_WT_20170822_15617,,GO:0007420,,Fbbi:00000246; 
8593,226-Matsumura-WholeBrainDev,Whole_brain_WT_20170822_15723,,GO:0007420,,Fbbi:00000246; 
8594,226-Matsumura-WholeBrainDev,Whole_brain_WT_20170822_15829,,GO:0007420,,Fbbi:00000246; 
8595,226-Matsumura-WholeBrainDev,Whole_brain_WT_20170822_15936,,GO:0007420,,Fbbi:00000246; 
8596,226-Matsumura-WholeBrainDev,Whole_brain_WT_20170822_20042,,GO:0007420,,Fbbi:00000246; 
8597,226-Matsumura-WholeBrainDev,Whole_brain_WT_20170822_20149,,GO:0007420,,Fbbi:00000246; 
8598,226-Matsumura-WholeBrainDev,Whole_brain_WT_20170822_20256,,GO:0007420,,Fbbi:00000246; 
8599,226-Matsumura-WholeBrainDev,Whole_brain_WT_20170822_20402,,GO:0007420,,Fbbi:00000246; 
8600,226-Matsumura-WholeBrainDev,Whole_brain_WT_20170822_20510,,GO:0007420,,Fbbi:00000246; 
8601,226-Matsumura-WholeBrainDev,Whole_brain_WT_20170822_20616,,GO:0007420,,Fbbi:00000246; 
8602,226-Matsumura-WholeBrainDev,Whole_brain_WT_20170822_20722,,GO:0007420,,Fbbi:00000246; 
8603,226-Matsumura-WholeBrainDev,Whole_brain_WT_20170822_20828,,GO:0007420,,Fbbi:00000246; 
8604,226-Matsumura-WholeBrainDev,Whole_brain_WT_20170822_20934,,GO:0007420,,Fbbi:00000246; 
8605,226-Matsumura-WholeBrainDev,Whole_brain_WT_20170822_21041,,GO:0007420,,Fbbi:00000246; 
8606,226-Matsumura-WholeBrainDev,Whole_brain_WT_20170822_21147,,GO:0007420,,Fbbi:00000246; 
8607,226-Matsumura-WholeBrainDev,Whole_brain_WT_20170822_21253,,GO:0007420,,Fbbi:00000246; 
8608,226-Matsumura-WholeBrainDev,Whole_brain_WT_20170822_21359,,GO:0007420,,Fbbi:00000246; 
8609,226-Matsumura-WholeBrainDev,Whole_brain_WT_20170822_21506,,GO:0007420,,Fbbi:00000246; 
8610,226-Matsumura-WholeBrainDev,Whole_brain_WT_20170822_21611,,GO:0007420,,Fbbi:00000246; 
8611,226-Matsumura-WholeBrainDev,Whole_brain_WT_20170822_21718,,GO:0007420,,Fbbi:00000246; 
8612,226-Matsumura-WholeBrainDev,Whole_brain_WT_20170822_21824,,GO:0007420,,Fbbi:00000246; 
8613,226-Matsumura-WholeBrainDev,Whole_brain_WT_20170822_21930,,GO:0007420,,Fbbi:00000246; 
8614,226-Matsumura-WholeBrainDev,Whole_brain_WT_20170822_22036,,GO:0007420,,Fbbi:00000246; 
8615,226-Matsumura-WholeBrainDev,Whole_brain_WT_20170822_22143,,GO:0007420,,Fbbi:00000246; 
8616,226-Matsumura-WholeBrainDev,Whole_brain_WT_20170822_22250,,GO:0007420,,Fbbi:00000246; 
8617,226-Matsumura-WholeBrainDev,Whole_brain_WT_20170822_22356,,GO:0007420,,Fbbi:00000246; 
8618,226-Matsumura-WholeBrainDev,Whole_brain_WT_20170822_22503,,GO:0007420,,Fbbi:00000246; 
8619,226-Matsumura-WholeBrainDev,Whole_brain_WT_20170822_22609,,GO:0007420,,Fbbi:00000246; 
8620,226-Matsumura-WholeBrainDev,Whole_brain_WT_20170822_22715,,GO:0007420,,Fbbi:00000246; 
8621,226-Matsumura-WholeBrainDev,Whole_brain_WT_20170822_22822,,GO:0007420,,Fbbi:00000246; 
8622,226-Matsumura-WholeBrainDev,Whole_brain_WT_20170822_22928,,GO:0007420,,Fbbi:00000246; 
8623,226-Matsumura-WholeBrainDev,Whole_brain_WT_20170822_23035,,GO:0007420,,Fbbi:00000246; 
8624,226-Matsumura-WholeBrainDev,Whole_brain_WT_20170822_23141,,GO:0007420,,Fbbi:00000246; 
8625,226-Matsumura-WholeBrainDev,Whole_brain_WT_20170822_23248,,GO:0007420,,Fbbi:00000246; 
8626,226-Matsumura-WholeBrainDev,Whole_brain_WT_20170822_23354,,GO:0007420,,Fbbi:00000246; 
8627,226-Matsumura-WholeBrainDev,Whole_brain_WT_20170822_23500,,GO:0007420,,Fbbi:00000246; 
8628,226-Matsumura-WholeBrainDev,Whole_brain_WT_20170822_23606,,GO:0007420,,Fbbi:00000246; 
8629,226-Matsumura-WholeBrainDev,Whole_brain_WT_20170822_23713,,GO:0007420,,Fbbi:00000246; 
8630,226-Matsumura-WholeBrainDev,Whole_brain_WT_20170822_23819,,GO:0007420,,Fbbi:00000246; 
8631,226-Matsumura-WholeBrainDev,Whole_brain_WT_20170822_23926,,GO:0007420,,Fbbi:00000246; 
8632,226-Matsumura-WholeBrainDev,Whole_brain_WT_20170822_24032,,GO:0007420,,Fbbi:00000246; 
8633,226-Matsumura-WholeBrainDev,Whole_brain_WT_20170822_24139,,GO:0007420,,Fbbi:00000246; 
8634,226-Matsumura-WholeBrainDev,Whole_brain_WT_20170822_24249,,GO:0007420,,Fbbi:00000246; 
8635,226-Matsumura-WholeBrainDev,Whole_brain_WT_20170822_24400,,GO:0007420,,Fbbi:00000246; 
8636,226-Matsumura-WholeBrainDev,Whole_brain_WT_20170822_24509,,GO:0007420,,Fbbi:00000246; 
8637,226-Matsumura-WholeBrainDev,Whole_brain_WT_20170822_24615,,GO:0007420,,Fbbi:00000246; 
8638,226-Matsumura-WholeBrainDev,Whole_brain_WT_20170822_24721,,GO:0007420,,Fbbi:00000246; 
8639,226-Matsumura-WholeBrainDev,Whole_brain_WT_20170822_24829,,GO:0007420,,Fbbi:00000246; 
8640,226-Matsumura-WholeBrainDev,Whole_brain_WT_20170822_24935,,GO:0007420,,Fbbi:00000246; 
8641,226-Matsumura-WholeBrainDev,Whole_brain_WT_20170822_25042,,GO:0007420,,Fbbi:00000246; 
8642,226-Matsumura-WholeBrainDev,Whole_brain_WT_20170822_25149,,GO:0007420,,Fbbi:00000246; 
8643,226-Matsumura-WholeBrainDev,Whole_brain_WT_20170822_25255,,GO:0007420,,Fbbi:00000246; 
8644,226-Matsumura-WholeBrainDev,Whole_brain_WT_20170822_25401,,GO:0007420,,Fbbi:00000246; 
8645,226-Matsumura-WholeBrainDev,Whole_brain_WT_20170822_25507,,GO:0007420,,Fbbi:00000246; 
8646,226-Matsumura-WholeBrainDev,Whole_brain_WT_20170822_25614,,GO:0007420,,Fbbi:00000246; 
8647,226-Matsumura-WholeBrainDev,Whole_brain_WT_20170822_25721,,GO:0007420,,Fbbi:00000246; 
8648,226-Matsumura-WholeBrainDev,Whole_brain_WT_20170822_25827,,GO:0007420,,Fbbi:00000246; 
8649,226-Matsumura-WholeBrainDev,Whole_brain_WT_20170822_25934,,GO:0007420,,Fbbi:00000246; 
8650,226-Matsumura-WholeBrainDev,Whole_brain_WT_20170822_30041,,GO:0007420,,Fbbi:00000246; 
8651,226-Matsumura-WholeBrainDev,Whole_brain_WT_20170822_30146,,GO:0007420,,Fbbi:00000246; 
8652,226-Matsumura-WholeBrainDev,Whole_brain_WT_20170822_30253,,GO:0007420,,Fbbi:00000246; 
8653,226-Matsumura-WholeBrainDev,Whole_brain_WT_20170822_30400,,GO:0007420,,Fbbi:00000246; 
8654,226-Matsumura-WholeBrainDev,Whole_brain_WT_20170822_30506,,GO:0007420,,Fbbi:00000246; 
8655,226-Matsumura-WholeBrainDev,Whole_brain_WT_20170822_30614,,GO:0007420,,Fbbi:00000246; 
8656,226-Matsumura-WholeBrainDev,Whole_brain_WT_20170822_30719,,GO:0007420,,Fbbi:00000246; 
8657,226-Matsumura-WholeBrainDev,Whole_brain_WT_20170822_30825,,GO:0007420,,Fbbi:00000246; 
8658,226-Matsumura-WholeBrainDev,Whole_brain_WT_20170822_30932,,GO:0007420,,Fbbi:00000246; 
8659,226-Matsumura-WholeBrainDev,Whole_brain_WT_20170822_31037,,GO:0007420,,Fbbi:00000246; 
8660,226-Matsumura-WholeBrainDev,Whole_brain_WT_20170822_31143,,GO:0007420,,Fbbi:00000246; 
8661,226-Matsumura-WholeBrainDev,Whole_brain_WT_20170822_31250,,GO:0007420,,Fbbi:00000246; 
8662,226-Matsumura-WholeBrainDev,Whole_brain_WT_20170822_31355,,GO:0007420,,Fbbi:00000246; 
8663,226-Matsumura-WholeBrainDev,Whole_brain_WT_20170822_31503,,GO:0007420,,Fbbi:00000246; 
8664,226-Matsumura-WholeBrainDev,Whole_brain_WT_20170822_31610,,GO:0007420,,Fbbi:00000246; 
8665,226-Matsumura-WholeBrainDev,Whole_brain_WT_20170822_31715,,GO:0007420,,Fbbi:00000246; 
8666,226-Matsumura-WholeBrainDev,Whole_brain_WT_20170822_31822,,GO:0007420,,Fbbi:00000246; 
8667,226-Matsumura-WholeBrainDev,Whole_brain_WT_20170822_31928,,GO:0007420,,Fbbi:00000246; 
8668,226-Matsumura-WholeBrainDev,Whole_brain_WT_20170822_32034,,GO:0007420,,Fbbi:00000246; 
8669,226-Matsumura-WholeBrainDev,Whole_brain_WT_20170822_32140,,GO:0007420,,Fbbi:00000246; 
8670,226-Matsumura-WholeBrainDev,Whole_brain_WT_20170822_32246,,GO:0007420,,Fbbi:00000246; 
8671,226-Matsumura-WholeBrainDev,Whole_brain_WT_20170822_32354,,GO:0007420,,Fbbi:00000246; 
8672,226-Matsumura-WholeBrainDev,Whole_brain_WT_20170822_32500,,GO:0007420,,Fbbi:00000246; 
8673,226-Matsumura-WholeBrainDev,Whole_brain_WT_20170822_32606,,GO:0007420,,Fbbi:00000246; 
8674,226-Matsumura-WholeBrainDev,Whole_brain_WT_20170822_32713,,GO:0007420,,Fbbi:00000246; 
8675,226-Matsumura-WholeBrainDev,Whole_brain_WT_20170822_32819,,GO:0007420,,Fbbi:00000246; 
8676,226-Matsumura-WholeBrainDev,Whole_brain_WT_20170822_32926,,GO:0007420,,Fbbi:00000246; 
8677,226-Matsumura-WholeBrainDev,Whole_brain_WT_20170822_33032,,GO:0007420,,Fbbi:00000246; 
8678,226-Matsumura-WholeBrainDev,Whole_brain_WT_20170822_33138,,GO:0007420,,Fbbi:00000246; 
8679,226-Matsumura-WholeBrainDev,Whole_brain_WT_20170822_33246,,GO:0007420,,Fbbi:00000246; 
8680,226-Matsumura-WholeBrainDev,Whole_brain_WT_20170822_33352,,GO:0007420,,Fbbi:00000246; 
8681,226-Matsumura-WholeBrainDev,Whole_brain_WT_20170822_33459,,GO:0007420,,Fbbi:00000246; 
8682,226-Matsumura-WholeBrainDev,Whole_brain_WT_20170822_33605,,GO:0007420,,Fbbi:00000246; 
8683,226-Matsumura-WholeBrainDev,Whole_brain_WT_20170822_33711,,GO:0007420,,Fbbi:00000246; 
8684,226-Matsumura-WholeBrainDev,Whole_brain_WT_20170822_33818,,GO:0007420,,Fbbi:00000246; 
8685,226-Matsumura-WholeBrainDev,Whole_brain_WT_20170822_33924,,GO:0007420,,Fbbi:00000246; 
8686,226-Matsumura-WholeBrainDev,Whole_brain_WT_20170822_34031,,GO:0007420,,Fbbi:00000246; 
8687,226-Matsumura-WholeBrainDev,Whole_brain_WT_20170822_34138,,GO:0007420,,Fbbi:00000246; 
8688,226-Matsumura-WholeBrainDev,Whole_brain_WT_20170822_34244,,GO:0007420,,Fbbi:00000246; 
8689,226-Matsumura-WholeBrainDev,Whole_brain_WT_20170822_34351,,GO:0007420,,Fbbi:00000246; 
8690,226-Matsumura-WholeBrainDev,Whole_brain_WT_20170822_34458,,GO:0007420,,Fbbi:00000246; 
8691,226-Matsumura-WholeBrainDev,Whole_brain_WT_20170822_34604,,GO:0007420,,Fbbi:00000246; 
8692,226-Matsumura-WholeBrainDev,Whole_brain_WT_20170822_34711,,GO:0007420,,Fbbi:00000246; 
8693,226-Matsumura-WholeBrainDev,Whole_brain_WT_20170822_34817,,GO:0007420,,Fbbi:00000246; 
8694,226-Matsumura-WholeBrainDev,Whole_brain_WT_20170822_34922,,GO:0007420,,Fbbi:00000246; 
8695,226-Matsumura-WholeBrainDev,Whole_brain_WT_20170822_35029,,GO:0007420,,Fbbi:00000246; 
8696,226-Matsumura-WholeBrainDev,Whole_brain_WT_20170822_35135,,GO:0007420,,Fbbi:00000246; 
8697,226-Matsumura-WholeBrainDev,Whole_brain_WT_20170822_35241,,GO:0007420,,Fbbi:00000246; 
8698,227-Egoshi-RamanImaging,Fig3b_HeLa_ODYA_3,,,,
8699,227-Egoshi-RamanImaging,Fig3c_HeLa_D-ODYA_D-3,,,,
8700,227-Egoshi-RamanImaging,Fig3d_HeLa_YOA_5,,,,
8701,227-Egoshi-RamanImaging,Fig5_HeLa_dual_1to1,,,,
8702,227-Egoshi-RamanImaging,Fig5_HeLa_dual_2to1,,,,
8703,227-Egoshi-RamanImaging,Fig5_HeLa_dual_4to1,,,,
8704,227-Egoshi-RamanImaging,FigS6_HeLa_dual_D-alkyne,,,,
8705,227-Egoshi-RamanImaging,FigS6_HeLa_dual_H-alkyne,,,,
8706,227-Egoshi-RamanImaging,FigS7_HeLa_ODYA_3_100uM,,,,
8707,227-Egoshi-RamanImaging,FigS7_HeLa_ODYA_3_200uM,,,,
8708,227-Egoshi-RamanImaging,FigS7_HeLa_ODYA_3_400uM,,,,
8709,227-Egoshi-RamanImaging,FigS7_HeLa_ODYA_D-3_100uM,,,,
8710,227-Egoshi-RamanImaging,FigS7_HeLa_ODYA_D-3_200uM,,,,
8711,227-Egoshi-RamanImaging,FigS7_HeLa_ODYA_D-3_400uM,,,,
8712,227-Egoshi-RamanImaging,FigS8_HeLa_dual_100uM_cis-olefin,,,,
8713,227-Egoshi-RamanImaging,FigS8_HeLa_dual_100uM_H-alkyne,,,,
8714,227-Egoshi-RamanImaging,FigS8_HeLa_dual_100uM_cis-olefin_2,,,,
8715,227-Egoshi-RamanImaging,FigS8_HeLa_dual_200uM_H-alkyne,,,,
8716,227-Egoshi-RamanImaging,FigS8_HeLa_dual_100uM_cis-olefin_3,,,,
8717,227-Egoshi-RamanImaging,FigS8_HeLa_dual_400uM_H-alkyne,,,,
8718,228-Kanadome-CellInteration,Figure2c_Post-optimization,,GO:0007156,,Fbbi:00000249; Fbbi:00000367
8719,228-Kanadome-CellInteration,Figure2c_Pre-optimization,,GO:0007156,,Fbbi:00000249
8720,228-Kanadome-CellInteration,Figure3d_gB2-gB2,,GO:0007156,,Fbbi:00000249
8721,228-Kanadome-CellInteration,Figure3d_gB2-gB2gA3,,GO:0007156,,Fbbi:00000249
8722,228-Kanadome-CellInteration,Figure3d_gB2gA3-gB2,,GO:0007156,,Fbbi:00000249
8723,228-Kanadome-CellInteration,Figure3d_gB2gA3-gB2gA3,,GO:0007156,,Fbbi:00000249
8724,228-Kanadome-CellInteration,Figure4b_K562cell_EGTA,,GO:0007156,,Fbbi:00000249
8725,228-Kanadome-CellInteration,Figure4d_K562cell_EGTA,,GO:0007156,,Fbbi:00000249
8726,229-Yamada-GeneExpression,Fig7A_HEK293T_PA-Gal4ccE,GO:0008494,,,Fbbi:00000249
8727,229-Yamada-GeneExpression,Fig7C_HEK293T_PA-Gal4ccH,GO:0008494,,,Fbbi:00000249
8728,229-Yamada-GeneExpression,Fig8B_electroporated_brain_3h,GO:0008494,,,Fbbi:00000249
8729,229-Yamada-GeneExpression,Fig8D_electroporated_brain_6h,GO:0008494,,,Fbbi:00000249
8730,233-Nishiyama-CellDyn,Fig1C_WT_SFN_0min,GO:0004703,GO:1904020,,Fbbi:00000251
8731,233-Nishiyama-CellDyn,Fig1C_WT_SFN_60min,GO:0004703,GO:1904020,,Fbbi:00000251
8732,233-Nishiyama-CellDyn,Fig1C_WT_SFN_180min,GO:0004703,GO:1904020,,Fbbi:00000251
8733,233-Nishiyama-CellDyn,Fig2B_C220S_SFN_0h,GO:0004703,GO:1904020,,Fbbi:00000251
8734,233-Nishiyama-CellDyn,Fig2B_C220S_SFN_60min,GO:0004703,GO:1904020,,Fbbi:00000251
8735,233-Nishiyama-CellDyn,Fig2B_C220S_SFN_180min,GO:0004703,GO:1904020,,Fbbi:00000251
8736,233-Nishiyama-CellDyn,Fig3A_WT_GSNO_0min,GO:0004703,GO:1904020,,Fbbi:00000251
8737,233-Nishiyama-CellDyn,Fig3A_WT_GSNO_60min,GO:0004703,GO:1904020,,Fbbi:00000251
8738,233-Nishiyama-CellDyn,Fig3A_WT_GSNO_120min,GO:0004703,GO:1904020,,Fbbi:00000251
8739,233-Nishiyama-CellDyn,Fig3E_WT_UDP_0min,GO:0004703,GO:1904020,,Fbbi:00000251
8740,233-Nishiyama-CellDyn,Fig3E_WT_UDP_30min,GO:0004703,GO:1904020,,Fbbi:00000251
8741,233-Nishiyama-CellDyn,Fig3E_WT_UDP_60min,GO:0004703,GO:1904020,,Fbbi:00000251
8742,233-Nishiyama-CellDyn,Fig3F_C220S_UDP_0min,GO:0004703,GO:1904020,,Fbbi:00000251
8743,233-Nishiyama-CellDyn,Fig3F_C220S_UDP_30min,GO:0004703,GO:1904020,,Fbbi:00000251
8744,233-Nishiyama-CellDyn,Fig3F_C220S_UDP_60min,GO:0004703,GO:1904020,,Fbbi:00000251
8745,233-Nishiyama-CellDyn,Fig6D_AT1R_ANG_0min,GO:0004703,GO:1904020,,Fbbi:00000251
8746,233-Nishiyama-CellDyn,Fig6D_AT1R_ANG_5min,GO:0004703,GO:1904020,,Fbbi:00000251
8747,233-Nishiyama-CellDyn,Fig6D_AT1R_ANG_15min,GO:0004703,GO:1904020,,Fbbi:00000251
8748,233-Nishiyama-CellDyn,Fig6D_AT1R_SFN_0min,GO:0004703,GO:1904020,,Fbbi:00000251
8749,233-Nishiyama-CellDyn,Fig6D_AT1R_SFN_60min,GO:0004703,GO:1904020,,Fbbi:00000251
8750,233-Nishiyama-CellDyn,Fig6D_AT1R_SFN_180min,GO:0004703,GO:1904020,,Fbbi:00000251
8751,233-Nishiyama-CellDyn,Fig6F_A2BR_SFN_0min,GO:0004703,GO:1904020,,Fbbi:00000251
8752,233-Nishiyama-CellDyn,Fig6F_A2BR_SFN_60min,GO:0004703,GO:1904020,,Fbbi:00000251
8753,233-Nishiyama-CellDyn,Fig6F_A2BR_SFN_180min,GO:0004703,GO:1904020,,Fbbi:00000251
8754,233-Nishiyama-CellDyn,FigS3B_P2Y6R_arrestin_control,GO:0004703,GO:1904020,,Fbbi:00000251
8755,233-Nishiyama-CellDyn,FigS3B_P2Y6R_arrestin_SFN_30min,GO:0004703,GO:1904020,,Fbbi:00000251
8756,233-Nishiyama-CellDyn,FigS3B_P2Y6R_arrestine_SFN_180min,GO:0004703,GO:1904020,,Fbbi:00000251
8757,233-Nishiyama-CellDyn,FigS5_20160609_293_P2Y6R_C18S,GO:0004703,GO:1904020,,Fbbi:00000246
8758,233-Nishiyama-CellDyn,FigS5_20160609_293_P2Y6R_C46S,GO:0004703,GO:1904020,,Fbbi:00000246
8759,233-Nishiyama-CellDyn,FigS5_20160609_293_P2Y6R_C52S,GO:0004703,GO:1904020,,Fbbi:00000246
8760,233-Nishiyama-CellDyn,FigS5_20160609_293_P2Y6R_C77S,GO:0004703,GO:1904020,,Fbbi:00000246
8761,233-Nishiyama-CellDyn,FigS5_20160609_293_P2Y6R_C99S,GO:0004703,GO:1904020,,Fbbi:00000246
8762,233-Nishiyama-CellDyn,FigS5_20160609_293_P2Y6R_C119S,GO:0004703,GO:1904020,,Fbbi:00000246
8763,233-Nishiyama-CellDyn,FigS5_20160609_293_P2Y6R_C129S,GO:0004703,GO:1904020,,Fbbi:00000246
8764,233-Nishiyama-CellDyn,FigS5_20160609_293_P2Y6R_C148S,GO:0004703,GO:1904020,,Fbbi:00000246
8765,233-Nishiyama-CellDyn,FigS5_20160609_293_P2Y6R_C159S,GO:0004703,GO:1904020,,Fbbi:00000246
8766,233-Nishiyama-CellDyn,FigS5_20160609_293_P2Y6R_C177S,GO:0004703,GO:1904020,,Fbbi:00000246
8767,233-Nishiyama-CellDyn,FigS5_20160609_293_P2Y6R_C211-213S,GO:0004703,GO:1904020,,Fbbi:00000246
8768,233-Nishiyama-CellDyn,FigS5_20160609_293_P2Y6R_C220S,GO:0004703,GO:1904020,,Fbbi:00000246
8769,233-Nishiyama-CellDyn,FigS5_20160609_293_P2Y6R_C273S,GO:0004703,GO:1904020,,Fbbi:00000246
8770,233-Nishiyama-CellDyn,FigS5_20160609_293_P2Y6R_WT,GO:0004703,GO:1904020,,Fbbi:00000246
8771,234-Kobayashi-ChemotaxisDyn,Fig4B_ASW_post,,GO:0006935,,
8772,234-Kobayashi-ChemotaxisDyn,Fig4B_ASW_pre,,GO:0006935,,
8773,234-Kobayashi-ChemotaxisDyn,Fig4B_PT_10-5M_post,,GO:0006935,,
8774,234-Kobayashi-ChemotaxisDyn,Fig4B_PT_10-5M_pre,,GO:0006935,,
8775,234-Kobayashi-ChemotaxisDyn,Fig4B_PT_10-7M_post,,GO:0006935,,
8776,234-Kobayashi-ChemotaxisDyn,Fig4B_PT_10-7M_pre,,GO:0006935,,
8777,235-Hattori-SmartphoneBioImaging,Fig3A_HeLa_GeNL_520,,GO:0008218,,Fbbi:00000249; 
8778,235-Hattori-SmartphoneBioImaging,Fig4A_HeLa_GeNL_520-H2B,,GO:0008218,,Fbbi:00000249; 
8779,235-Hattori-SmartphoneBioImaging,Fig5A_HeLa_CalfluxVTN,,GO:0008218,,Fbbi:00000249; 
8780,235-Hattori-SmartphoneBioImaging,FigS4_HeLa_CalfluxVTN,,GO:0008218,,Fbbi:00000249; 
8781,239-Miyamoto-MitochondrialDyn,20220621_STAR_Protocol_Figure6,,,GO:0000262,Fbbi:00000246
8782,240-Yoshizawa-MitosisDyn,Figure1B_diploid_control,,GO:0000278,GO:0005813; GO:0005694,; 
8783,240-Yoshizawa-MitosisDyn,Figure1B_haploid_control,,GO:0000278,GO:0005813; GO:0005694,; 
8784,240-Yoshizawa-MitosisDyn,Figure1B_haploid_thymidine,,GO:0000278,GO:0005813; GO:0005694,; 
8785,241-Vu-TemperatureDyn,Fig4A_ELP-TEMP,,; ,,
8786,241-Vu-TemperatureDyn,Fig5A_R-GECO,,GO:1904636; GO:1904637,,Fbbi:00000251
8787,241-Vu-TemperatureDyn,Fig5C_ELP-TEMP,,GO:1904636; GO:1904637,,Fbbi:00000251
8788,241-Vu-TemperatureDyn,FigS8A_R-GECO,,GO:1904636; GO:1904637,,Fbbi:00000251
8789,241-Vu-TemperatureDyn,FigS8C_crGE,,GO:1904636; GO:1904637,,Fbbi:00000251
8790,242-Wazawa-CellDyn,Fig4a_LifeAct-Kohinoor2_raw,,,GO:0005884,Fbbi:00000249
8791,242-Wazawa-CellDyn,Fig4a-LifeAct-SPoD-OnSPAN,,,GO:0005884,
8792,242-Wazawa-CellDyn,Fig4b_tsCOX8-Kohinoor2_raw,,GO:0008053; GO:0000266,GO:0005759,Fbbi:00000249
8793,242-Wazawa-CellDyn,Fig4b-tsCOX8-SPoD-OnSPAN,,GO:0008053; GO:0000266,GO:0005759,
8794,242-Wazawa-CellDyn,Fig4c_tsCOX8-Kohinoor2_raw,,GO:0008053; GO:0000266,GO:0005759,Fbbi:00000249
8795,242-Wazawa-CellDyn,Fig4c-tsCOX8-SPoD-OnSPAN,,GO:0008053; GO:0000266,GO:0005759,
8796,242-Wazawa-CellDyn,Fig5_Kohinoor_SPoD-OnSPAN_1,,,GO:0005884,
8797,242-Wazawa-CellDyn,Fig5_Kohinoor_SPoD-OnSPAN_2,,,GO:0005884,
8798,242-Wazawa-CellDyn,Fig5_Kohinoor_SPoD-OnSPAN_3,,,GO:0005884,
8799,242-Wazawa-CellDyn,Fig5_Kohinoor_SPoD-OnSPAN_4,,,GO:0005884,
8800,242-Wazawa-CellDyn,Fig5_Kohinoor2_SPoD-OnSPAN_1,,,GO:0005884,
8801,242-Wazawa-CellDyn,Fig5_Kohinoor2_SPoD-OnSPAN_2,,,GO:0005884,
8802,242-Wazawa-CellDyn,Fig5_Kohinoor2_SPoD-OnSPAN_3,,,GO:0005884,
8803,242-Wazawa-CellDyn,Fig5_Kohinoor2_SPoD-OnSPAN_4,,,GO:0005884,
8804,242-Wazawa-CellDyn,FigS2_Kohinoor2_SPoD-OnSPAN,,,GO:0045098,Fbbi:00000249
8805,242-Wazawa-CellDyn,FigS4_Kohinoor2_SPoD-OnSPAN,,,GO:0045098,Fbbi:00000249
8806,231-Asakura-ERKactivation,FigureS1_ERK_activation,GO:0004707,GO:0016477,,Fbbi:00000249; Fbbi:00000367
8807,253-Shimauchi-CalciumIonDyn,Fig2B_Clomiphene,,GO:0051592,,Fbbi:00000246
8808,253-Shimauchi-CalciumIonDyn,Fig2B_CompoundB,,GO:0051592,,Fbbi:00000246
8809,253-Shimauchi-CalciumIonDyn,Fig2B_Control,,GO:0051592,,Fbbi:00000246
8810,253-Shimauchi-CalciumIonDyn,Fig2B_Lithocolic_acid,,GO:0051592,,Fbbi:00000246
8811,253-Shimauchi-CalciumIonDyn,Fig2B_Raloxiphene,,GO:0051592,,Fbbi:00000246
8812,253-Shimauchi-CalciumIonDyn,Fig2B_Suloctidil,,GO:0051592,,Fbbi:00000246
8813,253-Shimauchi-CalciumIonDyn,Fig2B_Tribenoside,,GO:0051592,,Fbbi:00000246
8814,253-Shimauchi-CalciumIonDyn,Fig3A_DMSO,,GO:0051592,,Fbbi:00000246
8815,253-Shimauchi-CalciumIonDyn,Fig3A_non-TRPC3,,GO:0051592,,Fbbi:00000246
8816,253-Shimauchi-CalciumIonDyn,Fig4A_TRPC3,,GO:0051592,,Fbbi:00000246
8817,253-Shimauchi-CalciumIonDyn,Fig4B_TRPC6,,GO:0051592,,Fbbi:00000246
8818,253-Shimauchi-CalciumIonDyn,Fig4C_TRPC7,,GO:0051592,,Fbbi:00000246
8819,253-Shimauchi-CalciumIonDyn,Fig4E_control,,GO:0051592,,Fbbi:00000246
8820,247-Adhitama-Embryogenesis,Fig2A_embryogenesis_H2B-GFP,,GO:0009790,,Fbbi:00000246
8821,247-Adhitama-Embryogenesis,Fig2D_embryogenesis_siControl,,GO:0009790,,Fbbi:00000246
8822,247-Adhitama-Embryogenesis,Fig2D_embryogenesis_siSpo,,GO:0009790,,Fbbi:00000246
8823,247-Adhitama-Embryogenesis,Fig2D_embryogenesis_siSpo_20E,,GO:0009790,,Fbbi:00000246
8824,245-Hirasawa-OR-PAM,Fig5c_Spectroscopic_OR-PAM,,,,
8825,245-Hirasawa-OR-PAM,Fig5d_four-color_fluorescence,,,,Fbbi:00000246
8826,245-Hirasawa-OR-PAM,Fig6a_z-stack_sample1,,,,
8827,245-Hirasawa-OR-PAM,Fig6b_z-stack_sample2,,,,
8828,245-Hirasawa-OR-PAM,Fig6c_z-stack_sample3,,,,
8829,244-Tokuoka-Embryogenesis,Figure3_test_4Embryos_QCANet,,GO:0009790,GO:0005634,Fbbi:00000246; 
8830,244-Tokuoka-Embryogenesis,Figure3_train_11Embryos_GroundTruth,,GO:0009790,GO:0005634,Fbbi:00000246; 
